{"type":"FeatureCollection","features":[{"type":"Feature","properties":{"cut":3101,"comuna":"COPIAPÓ"},"geometry":{"type":"MultiPolygon","coordinates":[[[[-71.04807999899992,-27.68667999999991],[-71.05043999999992,-27.688959998999906],[-71.04928999899994,-27.69034999899992],[-71.04536999999993,-27.689329999999927],[-71.04807999899992,-27.68667999999991]]],[[[-69.29611446399991,-26.66774481899995],[-69.30785937499991,-26.662717263999923],[-69.3115293109999,-26.663441613999908],[-69.32858890299991,-26.67175196599993],[-69.3383269549999,-26.670667205999905],[-69.34387637099991,-26.672777690999908],[-69.35633546499992,-26.668572609999956],[-69.36422741099994,-26.66386557699991],[-69.36687778599992,-26.664261550999925],[-69.3691647949999,-26.665720319999934],[-69.38800559499992,-26.669112149999933],[-69.3863147749999,-26.67534169299995],[-69.3904053999999,-26.679651342999932],[-69.39488249699991,-26.689562224999918],[-69.39921396099993,-26.692552718999934],[-69.40492289999992,-26.69304919399991],[-69.40810937799995,-26.69494415999992],[-69.4097654279999,-26.702043102999937],[-69.41156582399992,-26.703868746999945],[-69.42397129999995,-26.70698129999994],[-69.43098597699992,-26.707546045999948],[-69.43526171499991,-26.70617817199991],[-69.44131597499995,-26.71143231399992],[-69.4424547509999,-26.710696432999953],[-69.44317191199991,-26.706373397999926],[-69.44601895799991,-26.704606867999928],[-69.46283155099991,-26.708434436999937],[-69.47032369399994,-26.706066328999952],[-69.4853690619999,-26.706345231999933],[-69.48969628099991,-26.70764857499995],[-69.49504009099991,-26.717736257999945],[-69.50010305899991,-26.71932963899991],[-69.50460565499992,-26.723268298999926],[-69.5075333719999,-26.73061779899996],[-69.51179723099995,-26.735728801999926],[-69.5134692119999,-26.744803658999956],[-69.51185362399991,-26.748324684999943],[-69.51695000599995,-26.757520016999933],[-69.51939175099994,-26.759257764999916],[-69.51824013999993,-26.763016698999934],[-69.52047662799993,-26.767867547999913],[-69.52781034899994,-26.770822106999958],[-69.53208476999993,-26.777238820999912],[-69.5352041239999,-26.786503394999954],[-69.5382408449999,-26.791185259999907],[-69.54397170599992,-26.793068322999943],[-69.5473518519999,-26.805092387999935],[-69.54712175199995,-26.80843384499991],[-69.54936331399995,-26.813891536999904],[-69.56674696699992,-26.83229266199993],[-69.56578307599995,-26.83649290799991],[-69.56789597399995,-26.840542787999937],[-69.56851420099991,-26.853405520999956],[-69.56782635799993,-26.863595534999945],[-69.5653904529999,-26.868961187999957],[-69.56762178899993,-26.88427449099993],[-69.57233678099993,-26.891267798999934],[-69.58005549299992,-26.89543266499993],[-69.58232094599992,-26.892883450999932],[-69.58705511199992,-26.891428263999956],[-69.59267111499992,-26.893779061999908],[-69.6011123099999,-26.89465444399991],[-69.61308012399991,-26.88714899599995],[-69.61219812999991,-26.88345341899992],[-69.61826176799991,-26.877519014999905],[-69.6196160149999,-26.877457868999954],[-69.6226532259999,-26.88114392199992],[-69.62616527599994,-26.881570122999904],[-69.63764949299991,-26.88717828399996],[-69.64151720299992,-26.885117829999956],[-69.65548368399993,-26.883176428999946],[-69.65589286399995,-26.879392321999944],[-69.65869536199995,-26.87424431799991],[-69.6586149179999,-26.870987018999926],[-69.65550078899992,-26.864789828999903],[-69.65695437799991,-26.860641966999935],[-69.65508720399993,-26.85711687999992],[-69.6557481179999,-26.854297851999945],[-69.65387140899992,-26.849088732999917],[-69.6543609599999,-26.837877816999935],[-69.65618895299991,-26.83466687899994],[-69.6904525189999,-26.821417882999924],[-69.70975405999991,-26.807960403999914],[-69.72155883999994,-26.806437537999955],[-69.73165822599992,-26.798103486999935],[-69.73479071199995,-26.79725904399993],[-69.73750354299995,-26.798128379999923],[-69.73994461399991,-26.804520554999954],[-69.7366061699999,-26.81160544599993],[-69.73700678999995,-26.816462250999905],[-69.73874589999991,-26.818937843999947],[-69.74406008299991,-26.82227809299991],[-69.74681901499991,-26.83007641499995],[-69.7497957999999,-26.833511574999932],[-69.75485894099995,-26.83596929899994],[-69.75779887199991,-26.852297007999937],[-69.7634685829999,-26.853260364999926],[-69.76818969899995,-26.85047408999992],[-69.77434431499995,-26.850330095999936],[-69.7850675709999,-26.852148248999924],[-69.79565471599994,-26.852061470999956],[-69.80579847299992,-26.858905759999914],[-69.82534046199993,-26.862685594999903],[-69.85663190299994,-26.881409995999945],[-69.8593446989999,-26.88189044199993],[-69.8639510619999,-26.880371597999954],[-69.86697465599991,-26.881236488999946],[-69.87335634699991,-26.88641482199995],[-69.8752434829999,-26.891593163999914],[-69.87506142599995,-26.899931443999947],[-69.87575284699994,-26.901749182999936],[-69.8802732179999,-26.90495103199993],[-69.88153400599992,-26.90869763799992],[-69.87641812699991,-26.916127994999954],[-69.87609038699992,-26.921540877999917],[-69.88924455599994,-26.91811826199995],[-69.9007679369999,-26.91884578899993],[-69.90728794299991,-26.917754997999907],[-69.91564707099991,-26.90798363999994],[-69.91733345299991,-26.903279633999944],[-69.93679425199991,-26.903345128999945],[-69.9470362639999,-26.90565094099992],[-69.9521460709999,-26.905450944999927],[-69.9577275339999,-26.902763018999906],[-69.9522223589999,-26.896646265999948],[-69.95075670499995,-26.89308682199993],[-69.94991733299992,-26.88758530499996],[-69.95096608499995,-26.883717107999928],[-69.94926488099992,-26.878430286999958],[-69.94270873699992,-26.87337666199994],[-69.9403865349999,-26.86981235399992],[-69.94044054099993,-26.86754415799993],[-69.9407645679999,-26.865545984999926],[-69.9425081569999,-26.864630822999914],[-69.94103459099995,-26.86009151399992],[-69.94191210199995,-26.85702415299994],[-69.95201291399991,-26.84802978999994],[-69.96220442099991,-26.841891939999925],[-69.9648374489999,-26.842155362999904],[-69.96638161999994,-26.84383039499994],[-69.96674803299993,-26.85021645699993],[-69.96981224599995,-26.854075348999913],[-69.97505999999993,-26.85540999999995],[-69.98510240099995,-26.843620089999945],[-69.98935657299995,-26.843792366999935],[-70.00137285099993,-26.84861077499994],[-70.0052854349999,-26.848960572999943],[-70.0195370589999,-26.845766676999915],[-70.03848124299992,-26.844304580999903],[-70.0650896379999,-26.85613632299993],[-70.06587552499991,-26.860684947999914],[-70.0684373979999,-26.863112153999907],[-70.07456191699993,-26.862451838999903],[-70.07860883299992,-26.864754709999943],[-70.08039399299992,-26.86363065599994],[-70.08343362099993,-26.864162601999908],[-70.0885755569999,-26.87084429199996],[-70.09459706099994,-26.87229639599991],[-70.09598083199995,-26.874506504999943],[-70.1038590359999,-26.869448321999926],[-70.1091487509999,-26.872074610999903],[-70.1132335819999,-26.865488348999918],[-70.12393546099992,-26.864293249999946],[-70.13400566899992,-26.86693467799995],[-70.13738785699991,-26.869259219999947],[-70.14307196699991,-26.876683775999936],[-70.15456661999991,-26.877312540999924],[-70.1573572879999,-26.88341948799996],[-70.1928160189999,-26.91182319899991],[-70.20744136499991,-26.92619254099992],[-70.24479159799995,-26.942990189999932],[-70.36144010499993,-27.08828942799994],[-70.37192425299992,-27.081318274999944],[-70.37424418199993,-27.081232351999915],[-70.37978623399994,-27.084841129999916],[-70.38562901799992,-27.085915170999954],[-70.39688496999992,-27.078525767999906],[-70.4036729099999,-27.077150994999954],[-70.41102987499994,-27.07309104299992],[-70.41860770499994,-27.074129607999907],[-70.60611016799993,-27.18013098499995],[-70.7708525939999,-27.335136442999953],[-70.73037012299994,-27.395890594999912],[-70.7249400259999,-27.41410854299994],[-70.74685994999993,-27.42694078699992],[-70.74827004299993,-27.45770036899995],[-70.75724002499993,-27.481938353999908],[-70.75309006599991,-27.59666822899993],[-70.75629092199995,-27.62086088399991],[-70.75788024499991,-27.658801294999932],[-70.7572600439999,-27.741408360999912],[-70.72969996799992,-27.763272051999934],[-70.74343939399995,-27.77295949699993],[-70.75756333999993,-27.819989496999938],[-70.76259083899993,-27.820645257999956],[-70.76412094699992,-27.822743691999904],[-70.76705001199991,-27.823399452999922],[-70.76858011999991,-27.821781909999913],[-70.77338903299994,-27.82077640999995],[-70.77631809699994,-27.81736645399991],[-70.78430046199992,-27.814177697999924],[-70.78687999999994,-27.810329999999908],[-70.79192520399994,-27.808797846999937],[-70.79384876899991,-27.810065650999945],[-70.79905113699994,-27.808448107999936],[-70.80381633199994,-27.804688411999905],[-70.8048599999999,-27.801439999999957],[-70.80810063599995,-27.801059869999904],[-70.81286583099995,-27.80718030299994],[-70.8202103509999,-27.806961715999932],[-70.8274237199999,-27.819639757999937],[-70.83507426199992,-27.82173819199994],[-70.83963999999992,-27.826149999999927],[-70.84613475999993,-27.82497327899995],[-70.8492801399999,-27.828111082999953],[-70.85588373699994,-27.826809408999907],[-70.86025547499992,-27.828470669999945],[-70.8659824529999,-27.83354188599992],[-70.86961099599995,-27.83153088599994],[-70.88178968599993,-27.833519679999938],[-70.88561280499994,-27.831260941999915],[-70.89128605999991,-27.830348517999937],[-70.8952686479999,-27.82529530599993],[-70.90135702299995,-27.821321078999915],[-70.90959953299995,-27.812249761999908],[-70.91813222399992,-27.805259717999945],[-70.92070999999993,-27.800719999999956],[-70.92408087599995,-27.797883388999935],[-70.92776904099992,-27.78301175699994],[-70.92765006799993,-27.76492785399995],[-70.92741212099992,-27.76373812299994],[-70.92193936099994,-27.761953526999946],[-70.92074342899991,-27.754910452999923],[-70.91751928399992,-27.753150262999952],[-70.91753735799995,-27.75136492599995],[-70.91932195399994,-27.74648703099996],[-70.93121925899993,-27.728522099999907],[-70.93514536999993,-27.716386848999946],[-70.95042223899992,-27.708219736999922],[-70.95596565299991,-27.70686900499993],[-70.96108149499992,-27.701991109999938],[-70.9633419829999,-27.694495807999942],[-70.96197030999991,-27.68641114499991],[-70.97203652999991,-27.660887218999903],[-70.97277999999994,-27.663589999999942],[-70.97735999999992,-27.667049999999904],[-70.97893999999991,-27.671779999999956],[-70.9844799999999,-27.672869999999932],[-70.98343999999992,-27.679779999999937],[-70.98432999999994,-27.681739999999934],[-70.99002999999993,-27.684009999999944],[-70.9965699999999,-27.689299999999946],[-71.00089999999994,-27.690329999999904],[-71.00718999999992,-27.689419999999927],[-71.01053999999993,-27.682399999999916],[-71.01426999999995,-27.681089999999926],[-71.01674999999994,-27.677799999999934],[-71.01659999999993,-27.67581999999993],[-71.0194899999999,-27.673629999999946],[-71.0193999999999,-27.67154999999991],[-71.02167999999995,-27.67038999999994],[-71.02267999999992,-27.665179999999907],[-71.02551999999991,-27.662519999999915],[-71.02809999999994,-27.662349999999947],[-71.02985999999993,-27.659649999999942],[-71.03226999999993,-27.65928999999994],[-71.03333999999995,-27.660729999999944],[-71.03580999999991,-27.66091999999992],[-71.0378399999999,-27.66405999999995],[-71.03761999999995,-27.667919999999924],[-71.03619999999995,-27.668869999999913],[-71.0371199999999,-27.671239999999955],[-71.03503999999992,-27.67521999999991],[-71.03537999999992,-27.680659999999932],[-71.04331999999994,-27.68918999999994],[-71.04099999999994,-27.693329999999946],[-71.0415999999999,-27.69691999999992],[-71.03904999999992,-27.705369999999903],[-71.04194999999993,-27.70969999999994],[-71.0399099999999,-27.714239999999904],[-71.04305999999991,-27.718129999999917],[-71.04347000099995,-27.72078999999991],[-71.03821999999991,-27.72485999999992],[-71.03485999999992,-27.732029999999952],[-71.03776999999991,-27.734449999999924],[-71.04293999999993,-27.731229999999925],[-71.04506999999995,-27.73347999999993],[-71.04763999999994,-27.733099999999922],[-71.04852999999991,-27.734939999999938],[-71.04747999999995,-27.73646999999994],[-71.0502899999999,-27.740149999999915],[-71.05336999999992,-27.747829999999908],[-71.0592299999999,-27.74586999999991],[-71.05938999999995,-27.748439999999903],[-71.06347999999991,-27.749879999999905],[-71.06709999999993,-27.755289999999945],[-71.06624999999991,-27.75759999999991],[-71.07075999999995,-27.75870999999995],[-71.06789999999995,-27.76019999999994],[-71.0704199999999,-27.765519999999924],[-71.0698999999999,-27.768299999999954],[-71.07279999999992,-27.77200999999991],[-71.07260999999994,-27.773949999999957],[-71.07633923999992,-27.77841600799991],[-71.08023999999995,-27.776889999999923],[-71.07969999999995,-27.779219999999953],[-71.08159999999992,-27.781039999999905],[-71.08087999999992,-27.782419999999945],[-71.0857299999999,-27.78768999999994],[-71.08661999999993,-27.790269999999907],[-71.0848499999999,-27.794389999999908],[-71.08758999999992,-27.803099999999915],[-71.08668999999992,-27.80472999999995],[-71.09062999999992,-27.808499999999924],[-71.09071999999992,-27.80973999999992],[-71.08928999999995,-27.809429999999907],[-71.0886999999999,-27.810569999999927],[-71.0920099999999,-27.813889999999958],[-71.09042999999991,-27.816209999999955],[-71.08853999999991,-27.816529999999943],[-71.0886999999999,-27.823759999999936],[-71.08578999999992,-27.82469999999995],[-71.08533999999992,-27.826759999999922],[-71.08704999999992,-27.829399999999907],[-71.0909299999999,-27.829219999999907],[-71.09695999999991,-27.832169999999905],[-71.09813999999994,-27.83591999999993],[-71.10050999999993,-27.837599999999952],[-71.10102999999992,-27.84370999999993],[-71.1040999999999,-27.84710999999993],[-71.10403999999994,-27.84905999999995],[-71.10808999999995,-27.854369999999903],[-71.11118999999991,-27.85429999999991],[-71.11284999999992,-27.85874999999993],[-71.1109899999999,-27.860669999999914],[-71.10753999999991,-27.860089999999957],[-71.10788999999994,-27.862529999999936],[-71.10559999999992,-27.86191999999994],[-71.10621999999995,-27.86521999999991],[-71.10398999999995,-27.86561999999992],[-71.10663999999991,-27.868499999999926],[-71.10423999999995,-27.86856999999992],[-71.10210999999993,-27.872219999999913],[-71.1033799999999,-27.876019999999926],[-71.10208999999992,-27.87703999999991],[-71.10322999999994,-27.885889999999904],[-71.10566999999992,-27.88764999999995],[-71.1043499999999,-27.888759999999934],[-71.10546999999991,-27.892079999999908],[-71.10473999999994,-27.89325999999994],[-71.10775999999993,-27.894919999999956],[-71.1095699999999,-27.894009999999923],[-71.11024999999995,-27.896409999999946],[-71.1135999999999,-27.89886999999993],[-71.11354999999992,-27.902729999999906],[-71.11505999999991,-27.903839999999946],[-71.11238999999995,-27.904849999999954],[-71.11351999999994,-27.90752999999995],[-71.1195899999999,-27.90874999999994],[-71.12326999999993,-27.906779999999912],[-71.1234399999999,-27.91223999999994],[-71.12507999999991,-27.914129999999943],[-71.12372999999991,-27.920819999999935],[-71.12573999999995,-27.923809999999946],[-71.12490999999994,-27.924539999999922],[-71.12699999999995,-27.93008999999995],[-71.12561999999991,-27.937669999999912],[-71.13061999999991,-27.937939999999912],[-71.13384999999994,-27.936009999999953],[-71.13621999999992,-27.936929999999904],[-71.13670999999994,-27.943889999999953],[-71.14080999999993,-27.94697999999994],[-71.14262999999994,-27.950129999999945],[-71.14267999999993,-27.95709999999991],[-71.14039999999994,-27.95658999999995],[-71.1385699999999,-27.958329999999933],[-71.13790999999992,-27.962759998999957],[-71.13859999999994,-27.963859999999954],[-71.14183999999995,-27.96273999999994],[-71.14552623199995,-27.963651678999952],[-71.12221949899993,-27.981447295999942],[-71.1138594219999,-27.984315350999907],[-71.11017999899991,-27.987549999999942],[-71.10668928399991,-27.99374331899992],[-71.10430940999993,-27.995207857999958],[-71.10205157899992,-27.994872234999946],[-71.0992174459999,-27.99221007099993],[-71.09030081399993,-27.99328132799991],[-71.08115027499991,-27.987974154999904],[-71.0684399989999,-27.99460999999991],[-71.06468638899992,-27.994237589999955],[-71.05775187199993,-27.996429791999958],[-71.05524649799992,-27.995848186999922],[-71.04996731699993,-27.989897923999933],[-71.04450918099991,-27.989808446999916],[-71.03773674099995,-27.99452395299994],[-71.03105612599995,-27.995675047999953],[-71.02489046199992,-28.001209248999942],[-71.0121608199999,-28.003217367999923],[-71.00723032299993,-28.00535345599991],[-71.00499980199993,-28.009250938999912],[-71.00351144899992,-28.017528597999956],[-70.99757784499991,-28.01971945899993],[-70.9965814919999,-28.022566871999913],[-70.98839335899993,-28.022463047999906],[-70.98556923199993,-28.02513448299993],[-70.97917853999991,-28.02482200399993],[-70.96879815999995,-28.01829349499991],[-70.97005732699995,-28.024831710999933],[-70.97325903299992,-28.026586702999907],[-70.97457929399991,-28.028955499999938],[-70.97462261599992,-28.03257700499995],[-70.97057923299991,-28.035953674999917],[-70.96919078899992,-28.039858780999907],[-70.97226692299995,-28.043456989999925],[-70.97176879299991,-28.049094425999954],[-70.97597472299992,-28.060381070999938],[-70.97465820699995,-28.063232951999908],[-70.96235748499993,-28.06294397399995],[-70.95624955699992,-28.058215153999924],[-70.9540573669999,-28.058084497999914],[-70.94502856199995,-28.068451870999922],[-70.94300067899991,-28.069856607999952],[-70.93608532099995,-28.070328710999945],[-70.93405621799991,-28.07294746799994],[-70.92557397399992,-28.068726242999958],[-70.9179860779999,-28.06794213899991],[-70.90619865999992,-28.070919139999944],[-70.8994931069999,-28.068421953999916],[-70.89611898699991,-28.068549558999905],[-70.88931790799995,-28.072306041999923],[-70.88223971499991,-28.068738819999908],[-70.87956386299993,-28.06515765799992],[-70.87685260899991,-28.07092008099994],[-70.86063924799993,-28.077534312999944],[-70.8564721219999,-28.086626125999942],[-70.8529399489999,-28.08755415099995],[-70.84933039099991,-28.08729932199992],[-70.84496333699991,-28.084778033999953],[-70.84140672599995,-28.077591424999923],[-70.8389662749999,-28.075630900999954],[-70.8314495589999,-28.073667350999926],[-70.8256719119999,-28.069970293999916],[-70.81328069699993,-28.073180146999903],[-70.80944227299995,-28.07693405799995],[-70.8031984779999,-28.078078664999907],[-70.79741720099992,-28.075493441999924],[-70.7954781599999,-28.072766680999905],[-70.7927075529999,-28.07147742099994],[-70.78618190199995,-28.072817176999934],[-70.77731531799992,-28.069866474999912],[-70.77035998499991,-28.061520018999943],[-70.74102999999991,-28.010069999999928],[-70.73444999999992,-28.014629999999954],[-70.72928999999993,-28.026149999999916],[-70.72540999999995,-28.027579999999944],[-70.72100999999992,-28.03153999999995],[-70.7112699999999,-28.032839999999908],[-70.69506999999993,-28.045939999999916],[-70.67709999999994,-28.04887999999994],[-70.67104001299992,-28.05151999599991],[-70.6583599999999,-28.052449999999908],[-70.64994999999993,-28.055249999999944],[-70.64658999999995,-28.054589999999905],[-70.64632999999992,-28.05317999999994],[-70.64310999999992,-28.051159999999925],[-70.6373299999999,-28.050479999999936],[-70.62930999999992,-28.05544999999995],[-70.62238999999994,-28.061609999999916],[-70.60723999999993,-28.070449999999937],[-70.58805999999993,-28.073349999999948],[-70.56831999999991,-28.07997999999992],[-70.56286999999992,-28.08387999999991],[-70.55522999999994,-28.086019999999905],[-70.5479499999999,-28.09507999999994],[-70.5325499999999,-28.103189999999927],[-70.50957999999991,-28.12558999999993],[-70.50198999499992,-28.130600029999925],[-70.50107999999994,-28.13483999999994],[-70.49691999999993,-28.14208999999994],[-70.4934199999999,-28.142739999999947],[-70.48836999999992,-28.14611999999994],[-70.48491999999993,-28.14641999999992],[-70.48028999999991,-28.144459999999924],[-70.46246999999994,-28.144939999999906],[-70.45771999999994,-28.143149999999935],[-70.45456999999993,-28.143509999999935],[-70.43396999999993,-28.159149999999954],[-70.43336999999991,-28.16312999999991],[-70.43094999999994,-28.16531999999995],[-70.42516001199994,-28.164399999999944],[-70.4220699999999,-28.166249999999934],[-70.4170299999999,-28.165569999999946],[-70.41531988699995,-28.162299945999905],[-70.41177992399992,-28.16082003999992],[-70.40953999999994,-28.161329999999907],[-70.40475999999995,-28.15805999999992],[-70.39991005899992,-28.157719915999905],[-70.38236406699991,-28.14962029399993],[-70.38010476499994,-28.15499378399994],[-70.37350544399993,-28.16422838999995],[-70.36297438199995,-28.162506579999956],[-70.34898464799994,-28.152801902999954],[-70.34274337099993,-28.15129272999991],[-70.34058017299992,-28.148008467999944],[-70.3311041259999,-28.148137388999942],[-70.32173190399993,-28.14665759199994],[-70.31664021999995,-28.14307245799995],[-70.3116179299999,-28.146846099999948],[-70.31199589599993,-28.14066986699993],[-70.2959994169999,-28.134777327999927],[-70.29093208699993,-28.13482515499993],[-70.2880873869999,-28.131235998999955],[-70.28589394499994,-28.130416530999923],[-70.27769152299993,-28.131862912999907],[-70.27530587899992,-28.135683688999904],[-70.27022818799992,-28.13485423499992],[-70.27022569899992,-28.138141494999957],[-70.25860221399995,-28.143088289999923],[-70.25314534699993,-28.14156777499994],[-70.24391555299991,-28.145158195999954],[-70.23412217799995,-28.14457104899992],[-70.23069039199993,-28.14715865699992],[-70.22607691299993,-28.14730957599994],[-70.22648055299993,-28.153807411999935],[-70.22476353499991,-28.160452036999914],[-70.2264864199999,-28.16697456199995],[-70.22572089099992,-28.168515456999955],[-70.23009958699993,-28.174776712999915],[-70.22367920599993,-28.18286969099995],[-70.20786309899995,-28.17484694399991],[-70.20349257099991,-28.171050211999955],[-70.19974135799993,-28.171010131999935],[-70.19322871699995,-28.17840851299991],[-70.18716083099991,-28.179502225999954],[-70.17863896599994,-28.176726898999902],[-70.17758977099993,-28.17501924499993],[-70.1690854069999,-28.17569478799993],[-70.16439404899995,-28.172593596999945],[-70.1585683749999,-28.17512672999993],[-70.15375992899993,-28.17452825299995],[-70.14457943399992,-28.16784799599992],[-70.14187900499991,-28.161953419999918],[-70.13500724399995,-28.162996724999914],[-70.13081375999991,-28.162026962999903],[-70.12675368299995,-28.160014992999947],[-70.12204933799995,-28.15548790999992],[-70.11682378199993,-28.154307003999918],[-70.11067523999992,-28.149535597999943],[-70.10853585599995,-28.149881596999933],[-70.10716757199992,-28.153070459999924],[-70.10355253699993,-28.154195514999913],[-70.09828816299995,-28.15120606699992],[-70.09095293199994,-28.15122815099994],[-70.08562978499992,-28.146449016999952],[-70.08311005999991,-28.141757111999937],[-70.07472107399991,-28.15016119799992],[-70.0722231979999,-28.148903607999955],[-70.07418216099995,-28.146445393999954],[-70.07500468499995,-28.138626747999922],[-70.0703648569999,-28.132380803999922],[-70.06805042499991,-28.12288970299994],[-70.06072598299994,-28.11891182699992],[-70.0592971289999,-28.116706921999935],[-70.05993843399995,-28.108772374999944],[-70.06310095899994,-28.101585534999913],[-70.06106619899992,-28.098785085999907],[-70.0608512199999,-28.09492860599994],[-70.05322610299993,-28.09394415299994],[-70.05018449199991,-28.091020862999926],[-70.05043072199993,-28.087800671999958],[-70.05389712599992,-28.084628412999905],[-70.0580207939999,-28.08405961199992],[-70.06168393399992,-28.081264750999935],[-70.06506383899995,-28.08378849299993],[-70.06928167799992,-28.08490202999991],[-70.07243280199992,-28.087738773999945],[-70.0769025809999,-28.088195695999957],[-70.0822648269999,-28.091964521999955],[-70.09237046999993,-28.09153047199993],[-70.09390178699994,-28.089982445999908],[-70.09945359299991,-28.092629248999913],[-70.1028884079999,-28.091485316999922],[-70.10564348499992,-28.08687245099992],[-70.10455159499992,-28.08131451999992],[-70.10747638499993,-28.07962109099992],[-70.10757559099994,-28.076736403999917],[-70.1025169529999,-28.071614113999942],[-70.09575129299992,-28.068635464999943],[-70.09280798399993,-28.06081959599993],[-70.09490308599993,-28.058234284999912],[-70.09831349599995,-28.05666418699991],[-70.09614461799993,-28.053996195999957],[-70.09649076699992,-28.05248152699994],[-70.10052995199993,-28.051984925999932],[-70.10407850699994,-28.04766838499995],[-70.10827480899991,-28.04841487999994],[-70.10781468599993,-28.03964100199994],[-70.10314673199991,-28.032191247999947],[-70.10636079199992,-28.031181533999927],[-70.1178017819999,-28.03248799599993],[-70.12306998399993,-28.025576026999943],[-70.12390476099995,-28.01655193499994],[-70.11616769599993,-28.011614412999904],[-70.11768447999992,-28.008636941999953],[-70.11822655799995,-27.998775785999953],[-70.12444955399991,-27.98961746899994],[-70.13880661899992,-27.980612918999952],[-70.14541777199992,-27.973300868999956],[-70.15609344099994,-27.97172674099994],[-70.15709717599992,-27.969114214999934],[-70.15486083999991,-27.96293644499991],[-70.15686239399992,-27.95737747699991],[-70.16182905499994,-27.95235311299996],[-70.16405020799994,-27.95097137299996],[-70.17094453199991,-27.95200507499993],[-70.17787665899993,-27.948403107999923],[-70.18017678799993,-27.938183697999932],[-70.18326970099992,-27.936406049999903],[-70.1829752729999,-27.929494435999914],[-70.1871926959999,-27.926344069999914],[-70.18824408499995,-27.922268653999936],[-70.1920357109999,-27.920290723999926],[-70.1941756089999,-27.91559656599992],[-70.19118345599992,-27.906532977999916],[-70.21472861899991,-27.871260255999914],[-70.22309405599992,-27.87428233199995],[-70.23670122399994,-27.876453632999926],[-70.2470578619999,-27.88237634299992],[-70.26057404099993,-27.883557701999905],[-70.26972008599995,-27.89012155499995],[-70.27572170999991,-27.885133330999906],[-70.28297898799991,-27.883224639999924],[-70.28329685299991,-27.875666774999956],[-70.28799582699992,-27.874124615999904],[-70.2903431069999,-27.86972949099993],[-70.29457938399992,-27.867877532999955],[-70.29125318199993,-27.86073992899992],[-70.29192350699992,-27.84534175099992],[-70.29105922299993,-27.840938277999953],[-70.29224531499995,-27.83469458099995],[-70.3063424149999,-27.831792125999925],[-70.30762419099995,-27.82896703499995],[-70.31232332399992,-27.82547069499992],[-70.3146904969999,-27.82165189299991],[-70.32813232899991,-27.813990904999912],[-70.32792726999992,-27.810486211999944],[-70.3236506049999,-27.805978076999907],[-70.32400739799994,-27.79903803399992],[-70.31826063299991,-27.79332525399991],[-70.31621034699992,-27.78666088999995],[-70.31879042899993,-27.779901475999907],[-70.3246846799999,-27.77363631599991],[-70.32431101899994,-27.76549417399991],[-70.32524840999992,-27.764397922999933],[-70.32942240499995,-27.764654873999916],[-70.3300594989999,-27.761171894999904],[-70.33193563099991,-27.760700804999942],[-70.33621360199993,-27.755044178999924],[-70.3377484419999,-27.74388195499995],[-70.34364806499991,-27.73731234899992],[-70.34426655999994,-27.733980175999932],[-70.35207699599994,-27.729129195999917],[-70.35728846299992,-27.727476017999948],[-70.35682848199991,-27.72227691799992],[-70.35135438799995,-27.71078592999993],[-70.35202627199993,-27.707493816999943],[-70.35023023799994,-27.702912472999913],[-70.34523528099993,-27.69900759299992],[-70.33713446999991,-27.698169892999942],[-70.33701502699995,-27.695260067999925],[-70.3478846239999,-27.686033640999938],[-70.34665145799994,-27.681181783999932],[-70.35213341399992,-27.677254792999918],[-70.3576825909999,-27.677773871999932],[-70.37027051099994,-27.669954869999913],[-70.36807690899991,-27.664592383999945],[-70.36447477799993,-27.66384875999995],[-70.36019149599991,-27.660869944999945],[-70.35936156199995,-27.65375634499992],[-70.3607116309999,-27.649928506999913],[-70.36275433599991,-27.648877115999937],[-70.36576900999995,-27.644048771999906],[-70.36343216099993,-27.638161853999918],[-70.36568627899993,-27.635397879999914],[-70.36547023899993,-27.62595397499996],[-70.37436623999992,-27.615785883999934],[-70.37406672599991,-27.612660491999918],[-70.37829617699992,-27.607837701999927],[-70.37695292899991,-27.600462997999955],[-70.38133155299994,-27.592896051999958],[-70.38117472699992,-27.58552402199996],[-70.37573895299994,-27.575827613999934],[-70.3776805089999,-27.572957041999928],[-70.37758870899995,-27.569712977999927],[-70.37110452399992,-27.555259650999915],[-70.3731982619999,-27.550625044999947],[-70.36890124899992,-27.541923926999914],[-70.36957822499994,-27.536580682999954],[-70.35937016299994,-27.52041412299991],[-70.35550588699994,-27.520484951999947],[-70.35207390599993,-27.51810592399994],[-70.3538752199999,-27.509031184999913],[-70.35316099399995,-27.507178678999935],[-70.34898935399991,-27.503446469999915],[-70.34678790699991,-27.498971871999913],[-70.34119425599994,-27.494364083999926],[-70.33972342899995,-27.491363390999936],[-70.33377931899992,-27.489689511999927],[-70.33661596599995,-27.484366106999914],[-70.34026278099992,-27.480891922999945],[-70.34106453499993,-27.475602196999944],[-70.33570472499991,-27.46869048499991],[-70.3299658649999,-27.469134268999937],[-70.32460408399993,-27.46738012299994],[-70.3216275389999,-27.465196971999944],[-70.31553891999994,-27.463399516999914],[-70.31399733499995,-27.461509453999952],[-70.3080774629999,-27.461149960999933],[-70.30418751499991,-27.457462951999958],[-70.30052044199994,-27.456228998999904],[-70.29743910799994,-27.453215749999913],[-70.29955599999994,-27.448326127999906],[-70.29905997999992,-27.443691041999955],[-70.22155031099993,-27.408262221999905],[-70.21901776899995,-27.409328966999908],[-70.21665538699995,-27.412979288999907],[-70.21282049799993,-27.411387481999952],[-70.2094197369999,-27.41565649699993],[-70.20140621399992,-27.419965136999906],[-70.19965990399993,-27.422678548999954],[-70.19961831799992,-27.431389989999957],[-70.19617857299994,-27.437363328999936],[-70.1930672599999,-27.452775181999925],[-70.18778526499995,-27.45849131299991],[-70.18559841299992,-27.46359156199992],[-70.1779246239999,-27.473616783999944],[-70.1697782139999,-27.475514964999945],[-70.15360389599994,-27.488130133999903],[-70.14691244099993,-27.50021279799995],[-70.1458317659999,-27.50436505899995],[-70.14231639199994,-27.50800923399993],[-70.14191044499995,-27.514942466999912],[-70.13877168899995,-27.51254728899994],[-70.13565833799993,-27.511945358999924],[-70.13092005099992,-27.50737001099992],[-70.11598699299992,-27.507993640999928],[-70.10987035399995,-27.506304304999958],[-70.10293817399992,-27.509624726999903],[-70.09558504299991,-27.51104291999991],[-70.08947131699995,-27.514266507999935],[-70.08513323799991,-27.519991042999948],[-70.07204670599992,-27.527469096999937],[-70.06924244399994,-27.53655495299995],[-70.0649799009999,-27.542313033999903],[-70.05810872899991,-27.54464796299993],[-70.05333564699993,-27.548043643999904],[-70.05087570499995,-27.547623135999913],[-70.0501772689999,-27.54087164999993],[-70.04732811499991,-27.53946223199995],[-70.04532340899993,-27.53537014999995],[-70.04015136699991,-27.53507473199994],[-70.03720427999991,-27.537838294999915],[-70.03493197199992,-27.538220804999924],[-70.01861827099992,-27.53662458699995],[-70.00007434999992,-27.52222108099994],[-69.99676462999992,-27.514815462999934],[-69.98645344399995,-27.507790980999914],[-69.9717880529999,-27.500435503999938],[-69.9656867349999,-27.503566889999945],[-69.95541872099994,-27.505618024999933],[-69.95052612699993,-27.51656544599996],[-69.9392895929999,-27.51868645199994],[-69.9372480529999,-27.521927458999926],[-69.93391011299991,-27.523461975999908],[-69.93475925299992,-27.52741019499996],[-69.93022452299994,-27.526185821999945],[-69.92289573399995,-27.528022049999947],[-69.91756830699995,-27.527240341999914],[-69.91560017699993,-27.529392772999927],[-69.9112957079999,-27.529944632999957],[-69.9078542439999,-27.532973222999942],[-69.90226710799993,-27.534778936999942],[-69.89171920299992,-27.534901156999922],[-69.89123725699994,-27.538826597999957],[-69.89314923799992,-27.54103954699991],[-69.88997486799991,-27.54719393399995],[-69.88874649399992,-27.55571901299993],[-69.88001529499991,-27.563185963999956],[-69.88330993199992,-27.565724279999927],[-69.88384562899995,-27.569647723999935],[-69.88712294899995,-27.57328266399992],[-69.88718655199995,-27.57762906699992],[-69.8902462929999,-27.582774676999918],[-69.89209208499994,-27.592558827999937],[-69.8962213609999,-27.597272924999913],[-69.89697027699992,-27.601014369999916],[-69.89969493699994,-27.605246929999907],[-69.89204581699994,-27.605527365999933],[-69.8868016699999,-27.608644496999943],[-69.88075502499993,-27.60898992999995],[-69.86998537399995,-27.612253494999948],[-69.86546854399995,-27.611613725999916],[-69.86059297599991,-27.614257428999906],[-69.85349031999993,-27.613818341999945],[-69.84659092499993,-27.610606288999918],[-69.83935715099994,-27.610420035999937],[-69.83545893699994,-27.615444657999944],[-69.83156831899993,-27.615090015999954],[-69.82435741299992,-27.61809736799995],[-69.81783418999993,-27.614403851999953],[-69.81549803599995,-27.610797006999917],[-69.81124089899993,-27.608479377999913],[-69.79773314399995,-27.610981512999956],[-69.78334634399994,-27.610648214999912],[-69.7769728529999,-27.612814494999952],[-69.77631636599995,-27.617891525999937],[-69.77041918499992,-27.620768004999945],[-69.76321200699994,-27.63254336299991],[-69.7569957799999,-27.63331766999994],[-69.75058111699991,-27.632458826999937],[-69.74254437899992,-27.636510224999938],[-69.73851998299995,-27.64043152499994],[-69.73216936599994,-27.634389794999947],[-69.72700588599992,-27.633324646999938],[-69.72051440699994,-27.621911809999915],[-69.71267032799994,-27.618061519999912],[-69.70478452899994,-27.605034619999913],[-69.69297618999991,-27.597181529999943],[-69.68473645199992,-27.593629489999955],[-69.68047848599991,-27.587814168999955],[-69.65977423599992,-27.592364645999908],[-69.6524860529999,-27.597576354999944],[-69.64323265199994,-27.607572347999906],[-69.64087823199992,-27.61411913799992],[-69.6417278799999,-27.624120259999927],[-69.62727087999991,-27.626449665999928],[-69.62342097899995,-27.624327507999908],[-69.60356029899992,-27.623201137999956],[-69.60407877099993,-27.61684076699993],[-69.60172839499995,-27.615039199999956],[-69.59129556899995,-27.61262404799993],[-69.5844315519999,-27.60822060499993],[-69.58460469599993,-27.59985134199991],[-69.58309079799994,-27.59453596499992],[-69.56612549199991,-27.58057269199992],[-69.56417521299994,-27.57278748199991],[-69.56453363699995,-27.566562492999935],[-69.55601496699995,-27.563303206999933],[-69.54970756999995,-27.558724213999938],[-69.54310531599992,-27.54776352899995],[-69.53565323799995,-27.540299485999924],[-69.52423307399994,-27.52003973999996],[-69.52421117099993,-27.51409917399991],[-69.52233006999995,-27.51137884499991],[-69.51990850699991,-27.50065675099995],[-69.52568117399994,-27.494630265999945],[-69.53184479399994,-27.490916959999936],[-69.52676155199993,-27.488383497999905],[-69.52855980299995,-27.483248920999927],[-69.52635128399993,-27.477276400999926],[-69.52022839299991,-27.472952543999952],[-69.5140806679999,-27.47230732199995],[-69.51392899099994,-27.470497811999905],[-69.51650441699991,-27.464566058999935],[-69.51631808199994,-27.46144513699994],[-69.52119554699993,-27.457898703999945],[-69.52179698599991,-27.454764723999915],[-69.52506927099995,-27.452612349999924],[-69.52986095599994,-27.446283596999933],[-69.52473148399991,-27.43920331599992],[-69.51748370099995,-27.433416501999943],[-69.51352567899994,-27.425637286999915],[-69.51284448199993,-27.415837472999954],[-69.5114583159999,-27.413004224999952],[-69.50488232299995,-27.407810083999948],[-69.50295547099995,-27.40233261499992],[-69.4953816499999,-27.394293302999927],[-69.4930835909999,-27.384415893999915],[-69.49506315699995,-27.378134488999933],[-69.50006351799993,-27.374377129999914],[-69.50135363899994,-27.367319160999955],[-69.50460597099993,-27.365664361999904],[-69.50638424199991,-27.362994685999922],[-69.5084385799999,-27.349471313999913],[-69.49875267699991,-27.341508569999917],[-69.48636975999995,-27.33783722399994],[-69.48336466199993,-27.335698995999905],[-69.47615812299995,-27.320312960999956],[-69.47244920399993,-27.316281000999936],[-69.47127114199992,-27.312829777999923],[-69.46715831999995,-27.30873781799994],[-69.46410315199995,-27.30263601799993],[-69.45677059399992,-27.296160519999944],[-69.4564205769999,-27.28887999199992],[-69.45274027099993,-27.282901832999926],[-69.45477494999994,-27.278074244999914],[-69.45175548299994,-27.271832082999936],[-69.44379967899994,-27.267284813999936],[-69.4414139079999,-27.26259323399995],[-69.44122908899993,-27.259840244999907],[-69.44289829599995,-27.25727854799993],[-69.4396239269999,-27.247598372999903],[-69.43995876299994,-27.241599958999927],[-69.42485767499994,-27.240791888999922],[-69.42315303799995,-27.235822541999937],[-69.42011928599993,-27.23264473799992],[-69.41669229899992,-27.230326212999955],[-69.41331746799995,-27.23001972299994],[-69.40999290299993,-27.224960176999957],[-69.40963982799991,-27.216942692999908],[-69.40207450699995,-27.20824486799995],[-69.40075727499993,-27.20406406999996],[-69.3979457069999,-27.20065490299993],[-69.39601329599992,-27.19957198499992],[-69.38601415499994,-27.19931613299991],[-69.38696247799993,-27.194086022999954],[-69.38328910999991,-27.19015529099994],[-69.38290518299993,-27.18323619599994],[-69.3764869339999,-27.176109122999947],[-69.37578358999991,-27.17341361499996],[-69.36923487699994,-27.173590049999916],[-69.36292718699991,-27.172166502999914],[-69.35569702299995,-27.16425928399991],[-69.35057999999992,-27.15411999999992],[-69.34618922999994,-27.15635593099995],[-69.33560294799992,-27.156574958999954],[-69.33110661199993,-27.163347837999936],[-69.32527208399995,-27.166873926999926],[-69.31511062999994,-27.166992774999926],[-69.31142635999993,-27.175074398999925],[-69.30928710599994,-27.176619415999937],[-69.30215626099994,-27.170379925999953],[-69.29459999999995,-27.166849999999954],[-69.28759478699993,-27.168110699999943],[-69.28073782099995,-27.167675336999935],[-69.27409853599994,-27.17186570599995],[-69.2666973659999,-27.17066845699992],[-69.25433758499992,-27.17272591899996],[-69.24550519799993,-27.166689451999957],[-69.23729259299995,-27.158892674999947],[-69.21865999999994,-27.15766999999994],[-69.21317456299994,-27.159828287999915],[-69.20423425899992,-27.165857795999955],[-69.19238221699993,-27.170140636999918],[-69.19273064599992,-27.179276746999903],[-69.18943952199993,-27.188647705999927],[-69.18461354699991,-27.194099454999957],[-69.1793308359999,-27.216322245999947],[-69.17966944599993,-27.218876817999956],[-69.18386852899994,-27.219404039999915],[-69.18428382399992,-27.223421079999923],[-69.1742324569999,-27.232330890999947],[-69.14966353999995,-27.245920176999903],[-69.1509418999999,-27.25522693499994],[-69.14872499499995,-27.26199597799996],[-69.14162383599995,-27.267633822999926],[-69.14281022299991,-27.275819847999912],[-69.14622170899992,-27.279811312999925],[-69.14267569599991,-27.282478297999944],[-69.1413833599999,-27.28753540899993],[-69.14214882099992,-27.290274693999947],[-69.14987902699994,-27.297889183999928],[-69.13890109699992,-27.299933593999924],[-69.13146618099995,-27.30279646999992],[-69.13001741599993,-27.30806070999995],[-69.13047189699995,-27.318553336999912],[-69.12832637999992,-27.32281210499991],[-69.12028243999993,-27.32682325099995],[-69.11770758599994,-27.33217462899995],[-69.11337748499994,-27.334047037999937],[-69.10511999999994,-27.340469999999925],[-69.09174576999993,-27.340310256999942],[-69.08862252599994,-27.347217430999933],[-69.08063422899994,-27.358148784999912],[-69.07901254399991,-27.362833650999903],[-69.0741185469999,-27.36463127399992],[-69.06879082199993,-27.370360191999907],[-69.0677208159999,-27.380131616999904],[-69.07252580699992,-27.384756420999906],[-69.07479331399992,-27.394294205999927],[-69.0818099999999,-27.39936999999992],[-69.08083837999993,-27.403811969999936],[-69.0850982149999,-27.414608161999922],[-69.08077407099995,-27.419567728999937],[-69.08244611099991,-27.424005064999903],[-69.08096699899994,-27.42760638099992],[-69.08360367699993,-27.430435986999953],[-69.08823393999995,-27.431207696999934],[-69.0883625589999,-27.439117730999953],[-69.08952006899995,-27.441778493999948],[-69.08644526899991,-27.43943427699992],[-69.08095057999992,-27.438334610999902],[-69.07304834399991,-27.441314130999956],[-69.05830921499995,-27.440702657999907],[-69.05598538499993,-27.445449351999912],[-69.04055138699994,-27.461238456999922],[-69.03044430499995,-27.46782715699993],[-69.02592363899993,-27.47360146999995],[-69.00210610599993,-27.492175654999926],[-68.99101725399993,-27.503806650999934],[-68.98753815299995,-27.52454263699991],[-68.96203663599994,-27.524962842999912],[-68.94743573699992,-27.529602750999913],[-68.94539584299991,-27.528057947999912],[-68.9413326479999,-27.51752219599996],[-68.9430226529999,-27.51335710299992],[-68.9424746009999,-27.506746250999925],[-68.9476535899999,-27.50410358499994],[-68.9508350939999,-27.500490052999908],[-68.9492797879999,-27.48715717199991],[-68.95522199299995,-27.485317945999952],[-68.96181296999993,-27.479823224999905],[-68.96361406499994,-27.475787831999924],[-68.96023884399995,-27.471980342999927],[-68.96121809399995,-27.47063236999992],[-68.96729832299991,-27.47034729199993],[-68.96995772299994,-27.46898644399994],[-68.97844461999995,-27.462461146999942],[-68.9786403029999,-27.459937573999923],[-68.98210871599991,-27.457176030999904],[-68.98170148199995,-27.454325942999958],[-68.98876080999992,-27.453013849999934],[-68.98864144799995,-27.44721988999993],[-68.98428625799994,-27.444339717999924],[-68.98391052799991,-27.440562590999946],[-68.9803606509999,-27.437681637999958],[-68.98096920599994,-27.431561704999922],[-68.97026593899994,-27.428945667999926],[-68.95931089299995,-27.43021121499993],[-68.95528336299992,-27.43567487799993],[-68.95299332999991,-27.435499531999938],[-68.94930400499993,-27.438226777999944],[-68.94503704999994,-27.439302927999904],[-68.94334311299991,-27.44248627099995],[-68.94019025499995,-27.44309605099994],[-68.93723304399992,-27.445617183999957],[-68.93565265299992,-27.445020250999903],[-68.93173120999995,-27.441562415999954],[-68.93298517599993,-27.435708915999953],[-68.93132120199994,-27.431822930999942],[-68.92798681799991,-27.431149616999903],[-68.92556899199991,-27.42061528399995],[-68.9260239859999,-27.417560222999953],[-68.93145690199992,-27.413407502999917],[-68.93079493599993,-27.40934176399992],[-68.91906310999991,-27.40864008999995],[-68.91333955199991,-27.40297778899992],[-68.90754704199992,-27.400846051999906],[-68.89527788999993,-27.399385452999923],[-68.88985862999994,-27.400381447999905],[-68.88681049999991,-27.398298543999942],[-68.89274265899991,-27.39256754799993],[-68.8959406539999,-27.384915200999956],[-68.8965688319999,-27.379204493999907],[-68.8902299479999,-27.37743417599995],[-68.88842214899995,-27.37142208499995],[-68.89200153599995,-27.366175778999946],[-68.89349300599991,-27.358382729999903],[-68.89180330999994,-27.35285494099992],[-68.88867537599992,-27.353331539999942],[-68.88742797599991,-27.34951494899991],[-68.8781778789999,-27.339732031999915],[-68.8794973329999,-27.338540736999903],[-68.88336523099991,-27.339461280999956],[-68.88386384799992,-27.337382568999942],[-68.88051128599994,-27.33099448899992],[-68.87387673599994,-27.328489115999957],[-68.87355994799992,-27.32481977799995],[-68.87019263199994,-27.31712314099991],[-68.86147527499992,-27.31813522899995],[-68.85686950999991,-27.316078210999933],[-68.84796211799994,-27.315220336999914],[-68.8294261289999,-27.29853912799996],[-68.80861631499994,-27.30149330699993],[-68.80849170599993,-27.299314632999938],[-68.81325795599992,-27.29655781699995],[-68.82509543799995,-27.293832789999954],[-68.82880084699991,-27.287817812999947],[-68.8359164389999,-27.283767431999934],[-68.83854117099992,-27.280831792999948],[-68.84183765499995,-27.280036383999914],[-68.84358844499991,-27.276048231999937],[-68.85008495199992,-27.27340672799994],[-68.85487114599994,-27.273411773999953],[-68.85836509799992,-27.270457158999932],[-68.85926886199991,-27.26603223999996],[-68.86345511399992,-27.26323871099993],[-68.86836997699993,-27.262566930999924],[-68.86806747399993,-27.257968822999942],[-68.87112919999993,-27.250839880999933],[-68.87105789599991,-27.245920936999937],[-68.86886122399994,-27.237537303999943],[-68.85610635799992,-27.230908935999935],[-68.85607539599994,-27.22506127099996],[-68.8593762779999,-27.22141844999993],[-68.85341798799993,-27.217101141999933],[-68.85220928099994,-27.20976165299993],[-68.8569478249999,-27.204778868999938],[-68.85539346099995,-27.196923070999958],[-68.85796596299991,-27.190665262999914],[-68.85266845899991,-27.182392801999924],[-68.84708471899995,-27.177766017999943],[-68.84060048299995,-27.16660999399994],[-68.84056894699995,-27.16474481499995],[-68.84402275299993,-27.162061643999948],[-68.84410136499991,-27.160272627999916],[-68.84148018299993,-27.158195957999908],[-68.8341543379999,-27.156632772999956],[-68.83126726799992,-27.150348866999934],[-68.82451881899993,-27.146646726999904],[-68.81682499999994,-27.146272221999936],[-68.80725338299993,-27.152489449999905],[-68.80689772199992,-27.148673255999938],[-68.80830560299995,-27.144841278999934],[-68.79869012599994,-27.129301822999935],[-68.79930533899994,-27.123722512999905],[-68.79436338799991,-27.121297126999934],[-68.7927034679999,-27.118841904999954],[-68.79160192099994,-27.111770605999936],[-68.78787999999992,-27.103729999999928],[-68.77822020399992,-27.098107411999933],[-68.76909627499992,-27.103245930999947],[-68.76206365699994,-27.10461698599994],[-68.75115878299994,-27.111597307999943],[-68.73571703199991,-27.10172920699995],[-68.73023475399992,-27.101820577999945],[-68.71674225899994,-27.105292687999906],[-68.71217012199992,-27.10440530199992],[-68.70388959799993,-27.099151451999944],[-68.69961013999995,-27.10084595099994],[-68.6916118449999,-27.09878096999995],[-68.68506687399992,-27.105505887999925],[-68.68290301799993,-27.10625247799993],[-68.67091954999995,-27.09830278299995],[-68.66891259399995,-27.100027524999916],[-68.66808374399994,-27.10357098299994],[-68.66484335799993,-27.108368854999924],[-68.66528672699991,-27.112195958999905],[-68.66334384899994,-27.120576832999916],[-68.65616308499995,-27.123810604999903],[-68.65445748699995,-27.12653651599993],[-68.65401636199994,-27.13337833299994],[-68.65526459999995,-27.136221873999943],[-68.65188386199992,-27.137638128999924],[-68.64999321599993,-27.14007082899991],[-68.6441178039999,-27.14089742999994],[-68.63904277499995,-27.14369690399991],[-68.63879881199995,-27.148255846999916],[-68.63255362299992,-27.162360167999907],[-68.62255988699991,-27.166587603999915],[-68.62072624799993,-27.169709455999907],[-68.61818167899992,-27.168879890999904],[-68.61646846699995,-27.165834180999923],[-68.61018668999992,-27.163930611999945],[-68.60637955199991,-27.15879097699991],[-68.59986313399992,-27.158790585999952],[-68.59535548299993,-27.163145950999933],[-68.57513196799994,-27.17688210299991],[-68.57344159899992,-27.17379070699991],[-68.57479693999994,-27.171475967999925],[-68.57301950899995,-27.16631007399991],[-68.56699992199992,-27.16192766699993],[-68.57035020299992,-27.154724562999945],[-68.56676484999991,-27.151845874999935],[-68.56316684099994,-27.141189454999903],[-68.55631842299994,-27.138405143999933],[-68.55459570399995,-27.134554005999917],[-68.55494800899993,-27.12931609599991],[-68.55998357199991,-27.12424141899993],[-68.55885008899992,-27.11674182799993],[-68.55696677999993,-27.11477253299995],[-68.55305839599993,-27.114855701999943],[-68.5486651299999,-27.11316656799994],[-68.54555435199995,-27.113949540999954],[-68.54038256899992,-27.10965209899996],[-68.53152170899995,-27.11672210599994],[-68.52847599899991,-27.11700764099993],[-68.5279252169999,-27.11911795599991],[-68.5185688279999,-27.124355187999925],[-68.51627593899991,-27.12712969899991],[-68.51619272699992,-27.13058446699995],[-68.51062018099992,-27.12914338799993],[-68.49421108299993,-27.136186434999956],[-68.49042375399995,-27.134648643999924],[-68.48472840399995,-27.128344571999946],[-68.48150138299991,-27.12840568599995],[-68.47944765499994,-27.119160896999915],[-68.48101522699994,-27.11730349399994],[-68.48071276599995,-27.115351983999915],[-68.47231953399995,-27.110818516999927],[-68.48414747499993,-27.057386532999942],[-68.48011845699995,-27.061957185999916],[-68.4789127869999,-27.07084370599995],[-68.47509647999993,-27.078060696999955],[-68.4754708449999,-27.08385620699994],[-68.46770839699991,-27.087536150999938],[-68.46539670499993,-27.091194643999927],[-68.45742721699992,-27.094298128999924],[-68.45073539599991,-27.094877711999914],[-68.44375289499993,-27.086346395999954],[-68.44197835099993,-27.078407949999928],[-68.42994863599995,-27.069951377999928],[-68.43172713699994,-27.067519299999958],[-68.42855325099993,-27.063669186999903],[-68.42745924999991,-27.067249740999955],[-68.41835950399991,-27.070117092999908],[-68.4162623549999,-27.069466314999943],[-68.4128257289999,-27.064348645999928],[-68.40935451299993,-27.06296307799994],[-68.40564134899995,-27.064814578999915],[-68.40371175299993,-27.06762498699993],[-68.39959425899991,-27.06157642699992],[-68.39259491999991,-27.05647846599993],[-68.38390666999993,-27.055759329999944],[-68.38192912599993,-27.053779576999943],[-68.3825372359999,-27.051863625999943],[-68.37969702899994,-27.04704143099991],[-68.36810888799994,-27.04582968199992],[-68.36432241999995,-27.04362647399995],[-68.3601154879999,-27.038822325999945],[-68.35017588199992,-27.036445397999955],[-68.34686671299994,-27.03300561599991],[-68.34314763799995,-27.034035524999922],[-68.33559111999995,-27.03296813499992],[-68.3262685119999,-27.034651340999915],[-68.31811831499994,-27.037211009999908],[-68.31457647999991,-27.03991501999991],[-68.30810634599993,-27.041243966999957],[-68.3009311319999,-27.03923639599992],[-68.29693353199991,-27.039659826999923],[-68.2939276809999,-27.037972906999926],[-68.29570426299995,-27.03360295899995],[-68.29306476999994,-27.027685472999906],[-68.2971577749999,-27.025580973999922],[-68.29982391699991,-27.016811456999903],[-68.3087513559999,-27.008393782999917],[-68.31247198199992,-27.00002587599994],[-68.31512623599991,-26.998396387999946],[-68.31282851899994,-26.989946784999916],[-68.31797520399994,-26.985049016999938],[-68.31924723899994,-26.98170987599991],[-68.31551858499995,-26.979071280999904],[-68.31553629399991,-26.97486526399996],[-68.31207725599995,-26.971769945999938],[-68.30893774499992,-26.971629165999957],[-68.30579554399992,-26.96845984899994],[-68.30110066099991,-26.967701762999923],[-68.29435221599994,-26.959301584999935],[-68.29096484899992,-26.948673415999906],[-68.29113263999994,-26.93757808199996],[-68.29432721899991,-26.930745046999903],[-68.2897315379999,-26.92395337399995],[-68.28228879799991,-26.923439065999958],[-68.27890352999992,-26.926484615999925],[-68.27398082499991,-26.92646550099994],[-68.26659301299992,-26.923205320999955],[-68.26308429999995,-26.918647608999947],[-68.26743298999992,-26.913285810999923],[-68.26905365999994,-26.90851991699992],[-68.27340103099993,-26.908021882999947],[-68.28061329099995,-26.904427865999935],[-68.28170945099993,-26.899993856999913],[-68.28480172299993,-26.898765904999948],[-68.28688345699993,-26.894676713999957],[-68.29042326199993,-26.89142577599995],[-68.29127804199993,-26.88718848499991],[-68.2996225739999,-26.88442902199995],[-68.30150654499994,-26.876322866999942],[-68.29909512499995,-26.873800911999922],[-68.3476877679999,-26.813984837999953],[-68.36433340099995,-26.800221269999952],[-68.36690701799995,-26.796761313999923],[-68.36945801899992,-26.799507503999905],[-68.38041003899991,-26.80009052799994],[-68.3897512819999,-26.798305170999924],[-68.3976199999999,-26.79475999999994],[-68.40978801999995,-26.796405266999955],[-68.42518999999993,-26.79490999999996],[-68.43236370199992,-26.802582917999928],[-68.44532551899994,-26.801678599999946],[-68.45245999999992,-26.80257999999992],[-68.4615605809999,-26.809866325999906],[-68.46514999999994,-26.80928999999992],[-68.4677471789999,-26.807308404999958],[-68.47351737199995,-26.806535079999946],[-68.50268956499991,-26.80953320099991],[-68.50603999999993,-26.80770999999993],[-68.50830509299993,-26.801181292999956],[-68.51401579999992,-26.798897009999905],[-68.5215442619999,-26.791099913999915],[-68.52939333099994,-26.785447087999955],[-68.5433300059999,-26.782298286999946],[-68.54595999999992,-26.78251999999992],[-68.54955467499991,-26.785039425999912],[-68.55595066599994,-26.78423992699993],[-68.57472999999993,-26.774039999999957],[-68.5760523539999,-26.76910655499995],[-68.58044959799992,-26.764423775999944],[-68.58804483699993,-26.76356716999993],[-68.5915283679999,-26.76448088299992],[-68.59375554299993,-26.768192841999905],[-68.59649668299994,-26.769963160999907],[-68.60152966299995,-26.781266540999923],[-68.60152040799994,-26.783916924999914],[-68.61380012299992,-26.79132120299994],[-68.61865041599992,-26.792794287999925],[-68.6153269639999,-26.798951777999946],[-68.61763504099991,-26.806899176999934],[-68.6203714209999,-26.80743455599992],[-68.6311663809999,-26.802231229999904],[-68.64013218999992,-26.810797289999925],[-68.64284999999995,-26.812499999999943],[-68.6456650909999,-26.812514704999955],[-68.65665820099991,-26.80716091799991],[-68.65901386799993,-26.80530493899994],[-68.66172645299991,-26.799023160999923],[-68.67386170299994,-26.790885404999926],[-68.6846820849999,-26.790034671999933],[-68.68887125499992,-26.788056120999954],[-68.69268623199991,-26.787898799999937],[-68.69956855499993,-26.791116158999955],[-68.71055772999995,-26.798228260999906],[-68.73574999899995,-26.803279999999916],[-68.73293243899991,-26.79202175699993],[-68.73673978999994,-26.787640694999936],[-68.7459713149999,-26.78185143399992],[-68.77309217499993,-26.779713058999903],[-68.78357542999993,-26.774184575999925],[-68.7888299999999,-26.768799999999942],[-68.79791819199994,-26.765891851999925],[-68.80078674499993,-26.766100473999927],[-68.80621091699993,-26.768343159999915],[-68.8076999999999,-26.771499999999946],[-68.8061587599999,-26.777574682999955],[-68.80854999999991,-26.782389999999907],[-68.80554999999993,-26.783639999999934],[-68.81033119999995,-26.79770670599993],[-68.81988883999992,-26.80777503999991],[-68.82013999999992,-26.81702999999993],[-68.8287999989999,-26.82866999999993],[-68.83035891199995,-26.836666863999938],[-68.83411410899993,-26.840578526999934],[-68.83453135299993,-26.844750966999925],[-68.8331231539999,-26.849705738999944],[-68.83482656599995,-26.86091210999996],[-68.83581064099991,-26.861575858999913],[-68.8420927379999,-26.859816071999944],[-68.8496007789999,-26.861922500999924],[-68.85440358099993,-26.861375360999943],[-68.85686826299991,-26.85972136999993],[-68.85255212699991,-26.848683626999957],[-68.85165982899991,-26.84208062299996],[-68.85269999999991,-26.83779999999996],[-68.85649999999993,-26.83248999999995],[-68.85629977899993,-26.829291019999914],[-68.85350391199995,-26.825364908999916],[-68.85409877799992,-26.823996718999922],[-68.8637265879999,-26.82247478499994],[-68.86699415699991,-26.823857218999933],[-68.87045023999991,-26.828067356999952],[-68.87294526799991,-26.828385725999908],[-68.88163538399994,-26.825679516999912],[-68.88967171999991,-26.82691155899994],[-68.89752230399995,-26.825687719999905],[-68.91296961699993,-26.82123654399993],[-68.9163900929999,-26.81329509299991],[-68.91882903899995,-26.811718699999915],[-68.92439102999992,-26.81302740399991],[-68.93394456599992,-26.81836215499993],[-68.94502333699995,-26.822435791999908],[-68.95722759199992,-26.823796843999958],[-68.96732840299995,-26.822404858999903],[-68.9715134679999,-26.82128833699994],[-68.98374851799991,-26.814284823999913],[-69.00406661099993,-26.809960218999947],[-69.00425107399991,-26.80603977699991],[-69.00732761199993,-26.80250573299992],[-69.01538813999991,-26.799965079999936],[-69.02880223799991,-26.800459944999943],[-69.0248003769999,-26.790052201999913],[-69.0250451519999,-26.783978222999906],[-69.03950173499993,-26.779916432999926],[-69.05026728199994,-26.778422144999922],[-69.05586411999991,-26.775327858999958],[-69.09314302799993,-26.773596513999905],[-69.10267617999995,-26.77127078399991],[-69.11190651099992,-26.774190332999922],[-69.12390326299993,-26.774870569999905],[-69.13671414799995,-26.78744839299992],[-69.13923738299991,-26.78802572199993],[-69.15910513999995,-26.784470877999922],[-69.17429061899992,-26.777385169999945],[-69.17939643699992,-26.777185539999948],[-69.18431950099995,-26.778117918999953],[-69.1900505989999,-26.783963397999912],[-69.19534601899994,-26.786551414999906],[-69.19675060799995,-26.780475553999906],[-69.20393407499995,-26.77234842599995],[-69.2048922379999,-26.757797214999925],[-69.2057482909999,-26.754979875999936],[-69.20973764999991,-26.750280560999954],[-69.22024787499993,-26.743383509999944],[-69.2267693899999,-26.74139590099992],[-69.23258335199995,-26.74253992699994],[-69.24147256599991,-26.741756107999947],[-69.24970328299992,-26.738299837999932],[-69.25724938399992,-26.72078330399995],[-69.26011708699991,-26.70873097799995],[-69.25929120599994,-26.70411870399994],[-69.26189612499991,-26.684377129999916],[-69.26138092199994,-26.672953415999928],[-69.27352458999991,-26.671905264999907],[-69.27605760499995,-26.674390357999926],[-69.2798101379999,-26.675481538999918],[-69.28265897999995,-26.673718256999905],[-69.28716846299994,-26.66781379799994],[-69.29611446399991,-26.66774481899995]]]]}},{"type":"Feature","properties":{"cut":3102,"comuna":"CALDERA"},"geometry":{"type":"MultiPolygon","coordinates":[[[[-70.91599999899995,-27.59835999899991],[-70.91550999999993,-27.597179999999923],[-70.91656999899993,-27.597599998999954],[-70.91599999899995,-27.59835999899991]]],[[[-70.91348999999991,-27.590849999999932],[-70.91381999999993,-27.594009999999912],[-70.91513999999995,-27.594689999999957],[-70.91309999999993,-27.59493999999995],[-70.91040899699993,-27.59271961199994],[-70.91348999999991,-27.590849999999932]]],[[[-70.96491999999995,-27.367179999999905],[-70.96683999999993,-27.36757999899993],[-70.96589999999992,-27.368279998999924],[-70.96491999999995,-27.367179999999905]]],[[[-70.96874999999994,-27.23927999999995],[-70.97003999999993,-27.238509999999906],[-70.97246999999993,-27.241679999999917],[-70.97649999999993,-27.243289999999945],[-70.97645999999992,-27.24541999999991],[-70.97766999999993,-27.244569999999953],[-70.97735999999992,-27.248659999999916],[-70.97881999899994,-27.250219999999956],[-70.97791999899994,-27.251579999999933],[-70.97665999999992,-27.251699998999925],[-70.96874999999994,-27.23927999999995]]],[[[-70.8699900009999,-27.08687999999995],[-70.87005999999991,-27.08567999999991],[-70.87134999999995,-27.086479999999938],[-70.8699900009999,-27.08687999999995]]],[[[-70.8076157079999,-27.008426190999955],[-70.80779999999993,-27.009609999999952],[-70.80623999999995,-27.00906999999995],[-70.8076157079999,-27.008426190999955]]],[[[-70.81101999999993,-27.004749999999945],[-70.81259999999992,-27.005529999999908],[-70.81173999999993,-27.00806999999992],[-70.8077899999999,-27.00774999999993],[-70.81101999999993,-27.004749999999945]]],[[[-70.72610999999995,-26.644769998999948],[-70.72215999999992,-26.649119999999925],[-70.7209499999999,-26.654389998999932],[-70.72139999899991,-26.65978999999993],[-70.71892999999994,-26.662639998999907],[-70.7213599989999,-26.676579999999944],[-70.72673999799991,-26.687799998999935],[-70.74174000099993,-26.698429999999917],[-70.74817999999993,-26.694700000999944],[-70.75425999899994,-26.701569998999958],[-70.75543999899992,-26.70607999999993],[-70.75798999999995,-26.709499998999945],[-70.75247999899995,-26.72616999899992],[-70.74909736699993,-26.72873596699992],[-70.74141088199991,-26.729190478999953],[-70.73793106199992,-26.734363599999938],[-70.73752112299991,-26.737343040999917],[-70.73985112299994,-26.739023038999903],[-70.73744718699993,-26.74109240899992],[-70.73669773199993,-26.744394048999936],[-70.73806999899995,-26.756479998999907],[-70.74455999899993,-26.762389999999925],[-70.75712999899991,-26.766149998999936],[-70.76985999899995,-26.766919999999914],[-70.76992999999993,-26.76896999999991],[-70.77359999999993,-26.769779998999923],[-70.7757700009999,-26.772599999999954],[-70.7809099989999,-26.77577999899995],[-70.78537999899993,-26.78493999999995],[-70.78490999999991,-26.78875999999991],[-70.78118999999992,-26.79143999999991],[-70.78496999999993,-26.79737999899993],[-70.78494999999992,-26.807169999999928],[-70.79277999899995,-26.80815999899994],[-70.79327999899994,-26.809939999999926],[-70.79536999999993,-26.81105999999994],[-70.79714999799995,-26.816829999999925],[-70.79415999999992,-26.819299998999952],[-70.80101999899995,-26.82704999999993],[-70.79813999899994,-26.837009998999918],[-70.80052000099994,-26.840139998999916],[-70.80523999899992,-26.841539999999952],[-70.8071399989999,-26.845009999999945],[-70.80676999999991,-26.847209998999915],[-70.81056999899994,-26.851699998999948],[-70.81094999999993,-26.85426999999993],[-70.81889999999993,-26.85113999899994],[-70.82067999999992,-26.855809999999906],[-70.82258999899994,-26.856919998999956],[-70.82178999799993,-26.859839998999917],[-70.81763999999993,-26.85692999899993],[-70.81311999899992,-26.858229999999935],[-70.8108999989999,-26.863629999999944],[-70.81197999799991,-26.86752999899994],[-70.82111999999995,-26.87032999999991],[-70.8221999989999,-26.873059999999953],[-70.82511999799993,-26.873089998999944],[-70.82506999999993,-26.87527999999992],[-70.83465999899994,-26.878929998999922],[-70.83312999999993,-26.880859999999927],[-70.83013999899993,-26.881719998999927],[-70.83027999899991,-26.886349998999947],[-70.82615999899991,-26.889029998999945],[-70.82356999899991,-26.888649999999927],[-70.82291999999995,-26.890429998999934],[-70.82421999899992,-26.892109999999946],[-70.82286999999991,-26.89342999999991],[-70.82424999999995,-26.898259999999937],[-70.81482999999992,-26.896399998999925],[-70.8134399999999,-26.897269998999946],[-70.81679999999994,-26.900799998999958],[-70.81396999899994,-26.899980000999903],[-70.80987999999991,-26.90712999999994],[-70.81267999999994,-26.908969999999954],[-70.81261999999992,-26.91453999999993],[-70.81860999899993,-26.91457000099996],[-70.81538999999992,-26.917269999999917],[-70.81554999999992,-26.920129999999915],[-70.8097699999999,-26.921139999999923],[-70.80754999999994,-26.924959998999952],[-70.80838999999992,-26.928119998999932],[-70.80442999899992,-26.929379998999934],[-70.79947999899991,-26.934249999999906],[-70.79837999999995,-26.94267999999994],[-70.7998399999999,-26.94584999999995],[-70.80354999899993,-26.948089998999933],[-70.79977999899995,-26.95124999999996],[-70.80083999899995,-26.95444000099991],[-70.80636999899991,-26.957089998999948],[-70.81153999899993,-26.956599999999924],[-70.81164999999993,-26.95909999999992],[-70.80869999899994,-26.961549998999942],[-70.80894999999992,-26.963679999999954],[-70.80651999899993,-26.96529999899991],[-70.80655999999993,-26.966819998999938],[-70.80041999899993,-26.967149999999947],[-70.79802999899994,-26.97198999899996],[-70.79393000099992,-26.97365999899995],[-70.79217999999992,-26.980749998999954],[-70.78983999799993,-26.984669998999948],[-70.78937315299993,-26.994199702999936],[-70.79297994099994,-27.005140474999905],[-70.79857735999991,-27.010299153999938],[-70.80167000099993,-27.011050000999944],[-70.80663999899991,-27.009939999999915],[-70.80757999899993,-27.011669998999935],[-70.80339999999995,-27.013319999999908],[-70.80325999999991,-27.015669999999943],[-70.80688999999995,-27.016870000999916],[-70.80320999899993,-27.020589999999913],[-70.80338999999992,-27.02322999899991],[-70.80489999999992,-27.023939999999925],[-70.80687999899993,-27.022119998999926],[-70.80883000099993,-27.022989998999947],[-70.80859999899991,-27.025529998999957],[-70.81082000099991,-27.027519999999924],[-70.81489999999991,-27.027399998999954],[-70.81674999899991,-27.02523999899995],[-70.81951999899991,-27.026259999999922],[-70.82138999999995,-27.02836999999994],[-70.81831999899993,-27.03345000099995],[-70.82209999899993,-27.03221999999994],[-70.82483999999994,-27.034439998999915],[-70.82480999899991,-27.035989998999924],[-70.8214299999999,-27.037839998999914],[-70.82041999899991,-27.043879999999945],[-70.81289440699993,-27.04621430499992],[-70.81258391799992,-27.048745200999917],[-70.80783068599993,-27.050280761999943],[-70.8086790239999,-27.056361969999955],[-70.81269071899993,-27.06085489299994],[-70.81544340499994,-27.060749613999917],[-70.81995445599995,-27.064131678999956],[-70.82584671599994,-27.06276532399994],[-70.8238748089999,-27.064320969999926],[-70.82687517999994,-27.06597029799991],[-70.8304824189999,-27.06481041299992],[-70.83319587799991,-27.054763959999946],[-70.83943333299993,-27.054799551999906],[-70.84022730099991,-27.051512991999914],[-70.84467547499992,-27.05177197799992],[-70.8462584959999,-27.049996238999938],[-70.85246238799994,-27.05084265399995],[-70.8519777379999,-27.053388000999917],[-70.84848461999991,-27.052450698999905],[-70.84934726099993,-27.05543898299993],[-70.84713229399995,-27.057546401999957],[-70.84839291899993,-27.059993813999938],[-70.84464327299992,-27.063385488999927],[-70.8488970379999,-27.064465191999943],[-70.85125759599993,-27.06684454099991],[-70.85177840199992,-27.069408780999936],[-70.85613772599993,-27.07360966999994],[-70.85259069299991,-27.076132725999912],[-70.84849836199993,-27.075810505999925],[-70.84747538999994,-27.076893136999956],[-70.84786758599995,-27.07519071999991],[-70.84484219599995,-27.073579285999926],[-70.84208988099994,-27.076118574999953],[-70.8414384159999,-27.07999605099991],[-70.84276792199995,-27.08085037299992],[-70.84199681799993,-27.081577685999946],[-70.8432021509999,-27.08435234399991],[-70.84731618199993,-27.087286856999924],[-70.84590540999994,-27.089936954999928],[-70.84837238199992,-27.091778612999917],[-70.85454819999995,-27.088752250999903],[-70.85438417199993,-27.084699341999908],[-70.8562550769999,-27.08549088199993],[-70.85485540299993,-27.088357490999954],[-70.85980143299992,-27.087419017999935],[-70.85872713099991,-27.083328099999903],[-70.8598499709999,-27.079462779999915],[-70.86538230299993,-27.082295890999944],[-70.86491195899993,-27.08571208099994],[-70.86293761999991,-27.087935312999946],[-70.86440551299995,-27.090205130999948],[-70.86868105799994,-27.09266123799995],[-70.8643548849999,-27.096198754999932],[-70.86619548199991,-27.097957666999946],[-70.86481053999995,-27.09881764599993],[-70.86588774699993,-27.09935119599993],[-70.8651967529999,-27.10156211599991],[-70.86675084299992,-27.100665423999942],[-70.86697261899991,-27.10208637699992],[-70.86084719799993,-27.10063263099994],[-70.85601421399991,-27.105226693999953],[-70.85403641199991,-27.10453956999993],[-70.8523528149999,-27.107864409999934],[-70.85503999899993,-27.11961999899995],[-70.86359962999995,-27.12929080899994],[-70.86799962599991,-27.128940806999935],[-70.87064000099991,-27.132379999999955],[-70.88412470899993,-27.141194452999912],[-70.89047358599993,-27.14278149499995],[-70.89756999899993,-27.142739998999957],[-70.8988100009999,-27.140559999999937],[-70.90974999899993,-27.133449998999936],[-70.9117199989999,-27.128099998999915],[-70.91667999899994,-27.126529998999956],[-70.92140999999992,-27.11784999999992],[-70.92762999999991,-27.110499998999956],[-70.9332199989999,-27.108859998999947],[-70.93775999999991,-27.11143999999996],[-70.9413699989999,-27.115339999999946],[-70.94365999999991,-27.120180000999937],[-70.94272999899994,-27.124519999999904],[-70.94639999999993,-27.124399998999934],[-70.94828999999993,-27.127079998999932],[-70.94724999999994,-27.130069998999943],[-70.94999999999993,-27.131679999999903],[-70.9537299989999,-27.137149999999906],[-70.95411999799995,-27.13858999899992],[-70.94984999899992,-27.143270000999905],[-70.95074999899992,-27.14628999899992],[-70.9496099989999,-27.14972999899993],[-70.95256999999992,-27.14918999999992],[-70.95748999999995,-27.151799998999934],[-70.95724999899994,-27.154419998999913],[-70.95869999899992,-27.155509999999936],[-70.96028999899994,-27.16239000099995],[-70.96479999899992,-27.16273999899994],[-70.9651699989999,-27.165389999999945],[-70.9680499989999,-27.164899998999942],[-70.96718999899991,-27.167209999999955],[-70.96856999999994,-27.168999999999926],[-70.97111999999993,-27.16760999899992],[-70.97343999999993,-27.16801999899991],[-70.97315999999995,-27.16996999899993],[-70.97098999799994,-27.171079998999915],[-70.9720099999999,-27.172699999999907],[-70.97104999999993,-27.17560999999995],[-70.97176999899995,-27.17772999999994],[-70.97021999799995,-27.179659999999956],[-70.97161999999992,-27.182719998999914],[-70.9700099989999,-27.183939998999904],[-70.96941999899991,-27.188249999999925],[-70.97141999899992,-27.191829999999925],[-70.96794999999992,-27.194459999999935],[-70.96778999999992,-27.198259999999948],[-70.96382999899993,-27.20249999999993],[-70.95430999999991,-27.20368999899995],[-70.9508899999999,-27.21046999999993],[-70.95226999899995,-27.21223999999995],[-70.9513899989999,-27.214369998999928],[-70.9483099979999,-27.216339998999956],[-70.94712999899991,-27.219009999999912],[-70.94802999899991,-27.22583999999995],[-70.95381999999995,-27.226399999999956],[-70.9556399999999,-27.229099999999903],[-70.9557399979999,-27.23175999999995],[-70.9518399989999,-27.231869998999912],[-70.95056999899992,-27.233669999999904],[-70.94952999999992,-27.238169998999922],[-70.95037999899995,-27.24212999899993],[-70.9556399999999,-27.24750999899993],[-70.95929999899994,-27.245409999999936],[-70.95992999999993,-27.247079999999926],[-70.96316999899994,-27.24708999899991],[-70.9632999989999,-27.248209998999926],[-70.9617899989999,-27.248669998999958],[-70.96327999899995,-27.249919999999918],[-70.95661999999993,-27.252569999999935],[-70.95155999999992,-27.256549999999947],[-70.95164999999992,-27.258899999999926],[-70.95427999999993,-27.261979999999937],[-70.95289999999994,-27.268059999999934],[-70.95444999999995,-27.270559999999932],[-70.95084999999995,-27.271399999999915],[-70.94684999999993,-27.27482999999995],[-70.94004999999993,-27.284219999999948],[-70.93595999999991,-27.29302999999993],[-70.93188999999995,-27.307769999999948],[-70.93391624599991,-27.330420644999947],[-70.93937407299995,-27.334677804999956],[-70.94131522399994,-27.334570910999958],[-70.9418500189999,-27.33268942299992],[-70.94323701199994,-27.332409320999943],[-70.94293923399994,-27.333547198999952],[-70.9446537359999,-27.33501324699995],[-70.9442699999999,-27.339899999999943],[-70.94844999999992,-27.340609999999913],[-70.95303999999993,-27.350879999999904],[-70.95551999999992,-27.35253999999992],[-70.95521999999994,-27.354879999999923],[-70.9572399999999,-27.35689999999994],[-70.95710999999994,-27.362289999999916],[-70.95863999999995,-27.36244999999991],[-70.9600299999999,-27.360719999999958],[-70.96406999999994,-27.36286999999993],[-70.9648699999999,-27.36504999999994],[-70.9632099989999,-27.367479999999944],[-70.96594999899992,-27.371629999999925],[-70.9643799989999,-27.37232999999992],[-70.96089999999992,-27.370519999999942],[-70.9577999999999,-27.371659999999906],[-70.95567999999992,-27.374979999999937],[-70.95614999999992,-27.376409999999908],[-70.95259999899991,-27.380649999999946],[-70.94677999999993,-27.37949999999995],[-70.94702999999993,-27.381359999999916],[-70.94475999999992,-27.385419999999954],[-70.94527999999991,-27.387669999999957],[-70.94229999999993,-27.390709999999956],[-70.94357999999994,-27.393049999999903],[-70.9405999999999,-27.394429999999943],[-70.93929999999995,-27.39733999999993],[-70.93558999999993,-27.397179999999935],[-70.9368199999999,-27.40059999999994],[-70.93347999999992,-27.403029999999944],[-70.93470999999994,-27.406289999999956],[-70.9339799999999,-27.407799999999952],[-70.93185999999992,-27.407209999999907],[-70.93256999999994,-27.409709999999905],[-70.93165999999991,-27.411579999999958],[-70.93036999999993,-27.411509999999907],[-70.93192999999991,-27.413379999999904],[-70.93140999999991,-27.416669999999954],[-70.92764999999991,-27.41934999999995],[-70.9294799999999,-27.42387999999994],[-70.9277899999999,-27.426099999999906],[-70.92817999999994,-27.42745999999994],[-70.9259199999999,-27.42858999999993],[-70.92576999999994,-27.431469999999933],[-70.92786999999993,-27.433179999999936],[-70.9276999999999,-27.43509999999992],[-70.92523999999992,-27.437109999999905],[-70.92750999999993,-27.439289999999914],[-70.92610999999994,-27.44026999999994],[-70.9266399999999,-27.442289999999957],[-70.92387999999994,-27.441569999999956],[-70.92279999999994,-27.444939999999917],[-70.91753999999992,-27.44539999999995],[-70.91206999999991,-27.450519999999926],[-70.91118999999992,-27.45434999999992],[-70.90735999999993,-27.454379999999958],[-70.90154999999993,-27.461559999999906],[-70.89522999999991,-27.472789999999918],[-70.89721999999995,-27.476659999999924],[-70.8961799999999,-27.47685999999993],[-70.89636999999993,-27.479139999999916],[-70.88951999999995,-27.481279999999913],[-70.8872399999999,-27.485269999999957],[-70.88695999999993,-27.489659999999958],[-70.89032999999995,-27.490779999999916],[-70.88988999999992,-27.492599999999925],[-70.88779999999991,-27.491349999999954],[-70.88617999999991,-27.49231999999995],[-70.88679999999994,-27.49392999999992],[-70.88848999999993,-27.494239999999934],[-70.8883607379999,-27.498897421999914],[-70.8894544819999,-27.50000263499993],[-70.88793395099992,-27.50103684699991],[-70.88842987599992,-27.504393980999907],[-70.88583052299992,-27.504117099999917],[-70.8846478019999,-27.506611963999944],[-70.8876867969999,-27.50923686999994],[-70.88920746699995,-27.507842764999907],[-70.89083798799993,-27.508419197999956],[-70.89073499199992,-27.510223715999928],[-70.89222846199993,-27.51061103099994],[-70.89124633799992,-27.513510846999907],[-70.89442673699995,-27.513339825999935],[-70.8946565139999,-27.51121695799992],[-70.89725995399994,-27.509681316999945],[-70.89884216099995,-27.51199715799993],[-70.9012541589999,-27.51190544499991],[-70.90081660699991,-27.51496312599994],[-70.8994730629999,-27.514676682999948],[-70.8985993949999,-27.516087769999956],[-70.89924040699992,-27.519474077999917],[-70.89146425199993,-27.51782103699992],[-70.89050366499993,-27.519463833999907],[-70.89352008399993,-27.522483243999943],[-70.8931814199999,-27.52448011699994],[-70.8974906759999,-27.52441787899994],[-70.8966835249999,-27.526614099999904],[-70.89861999999994,-27.529189999999915],[-70.8983199999999,-27.530979999999943],[-70.90108999999995,-27.532569999999907],[-70.89985999999993,-27.534479999999917],[-70.89650999999992,-27.534799999999905],[-70.89726728099993,-27.53877554299993],[-70.89461511099995,-27.53865714099993],[-70.89438647399993,-27.53970969699992],[-70.89646331099993,-27.54237428899995],[-70.89826380099993,-27.541688663999935],[-70.90277052599993,-27.543897091999952],[-70.90785999999991,-27.553739999999948],[-70.90571999999992,-27.55896999999993],[-70.90354999999994,-27.559849999999926],[-70.90346999999991,-27.562979999999925],[-70.90197999999992,-27.564939999999922],[-70.90318999999994,-27.568359999999927],[-70.90882999999991,-27.57451999999995],[-70.90797999999995,-27.580499999999915],[-70.90927999999991,-27.58361999999994],[-70.9084499999999,-27.58597999999995],[-70.90989999999994,-27.58719999999994],[-70.90818999999993,-27.591159999999945],[-70.90955999999994,-27.591699999999946],[-70.90882999999991,-27.593839999999943],[-70.90635999999995,-27.594469999999944],[-70.90358999999995,-27.597459999999955],[-70.90267999999992,-27.60110999999995],[-70.90386999999993,-27.603819999999928],[-70.90152999999992,-27.60689999999994],[-70.90251999899994,-27.60859999999991],[-70.90104999999994,-27.609219999999937],[-70.90105999999992,-27.61232999999993],[-70.8975999999999,-27.61328999999995],[-70.89742999999993,-27.615279999999927],[-70.89985999999993,-27.616999999999905],[-70.89805999999993,-27.619899999999916],[-70.89881999999994,-27.622309999999914],[-70.90290999899992,-27.623679999999922],[-70.90205999999995,-27.624889999999937],[-70.9036099999999,-27.626789999999914],[-70.90634999999992,-27.62677999999994],[-70.90878999999995,-27.62498999999991],[-70.90611999999993,-27.62838999999991],[-70.9084099989999,-27.631689999999935],[-70.90792402799991,-27.635112185999958],[-70.91393239699994,-27.642017423999903],[-70.92315999999994,-27.64193999999992],[-70.92853999999994,-27.638080000999935],[-70.93416999999994,-27.639949999999942],[-70.93574999999993,-27.644109999999955],[-70.93264999999991,-27.646249999999952],[-70.93718999999993,-27.648169999999936],[-70.9369299999999,-27.651269999999954],[-70.93305010999995,-27.653927981999914],[-70.93363989599993,-27.657710169999916],[-70.93800995899994,-27.662671411999952],[-70.94028987699994,-27.663208063999946],[-70.94364000999991,-27.666459656999905],[-70.94898984499991,-27.668198470999926],[-70.9564199639999,-27.66772823799994],[-70.95789985099992,-27.665879826999912],[-70.95690013099994,-27.664061813999922],[-70.9582900499999,-27.661009993999926],[-70.96242994099993,-27.659579659999906],[-70.96422982899992,-27.66247815999992],[-70.96611005799991,-27.663029071999915],[-70.97203652999991,-27.660887218999903],[-70.96197030999991,-27.68641114499991],[-70.9633419829999,-27.694495807999942],[-70.96108149499992,-27.701991109999938],[-70.95596565299991,-27.70686900499993],[-70.95042223899992,-27.708219736999922],[-70.93514536999993,-27.716386848999946],[-70.93121925899993,-27.728522099999907],[-70.91932195399994,-27.74648703099996],[-70.91753735799995,-27.75136492599995],[-70.91751928399992,-27.753150262999952],[-70.92074342899991,-27.754910452999923],[-70.92193936099994,-27.761953526999946],[-70.92741212099992,-27.76373812299994],[-70.92765006799993,-27.76492785399995],[-70.92776904099992,-27.78301175699994],[-70.92408087599995,-27.797883388999935],[-70.92070999999993,-27.800719999999956],[-70.91813222399992,-27.805259717999945],[-70.90959953299995,-27.812249761999908],[-70.90135702299995,-27.821321078999915],[-70.8952686479999,-27.82529530599993],[-70.89128605999991,-27.830348517999937],[-70.88561280499994,-27.831260941999915],[-70.88178968599993,-27.833519679999938],[-70.86961099599995,-27.83153088599994],[-70.8659824529999,-27.83354188599992],[-70.86025547499992,-27.828470669999945],[-70.85588373699994,-27.826809408999907],[-70.8492801399999,-27.828111082999953],[-70.84613475999993,-27.82497327899995],[-70.83963999999992,-27.826149999999927],[-70.83507426199992,-27.82173819199994],[-70.8274237199999,-27.819639757999937],[-70.8202103509999,-27.806961715999932],[-70.81286583099995,-27.80718030299994],[-70.80810063599995,-27.801059869999904],[-70.8048599999999,-27.801439999999957],[-70.80381633199994,-27.804688411999905],[-70.79905113699994,-27.808448107999936],[-70.79384876899991,-27.810065650999945],[-70.79192520399994,-27.808797846999937],[-70.78687999999994,-27.810329999999908],[-70.78430046199992,-27.814177697999924],[-70.77631809699994,-27.81736645399991],[-70.77212122899994,-27.821475887999952],[-70.76858011999991,-27.821781909999913],[-70.76608822999992,-27.823443169999905],[-70.76259083899993,-27.820645257999956],[-70.7582190999999,-27.820557822999945],[-70.74343939399995,-27.77295949699993],[-70.72969996799992,-27.763272051999934],[-70.7572600439999,-27.741408360999912],[-70.75788024499991,-27.658801294999932],[-70.75629092199995,-27.62086088399991],[-70.75309006599991,-27.59666822899993],[-70.75724002499993,-27.481938353999908],[-70.74827004299993,-27.45770036899995],[-70.74685994999993,-27.42694078699992],[-70.7249400259999,-27.41410854299994],[-70.73037012299994,-27.395890594999912],[-70.7708525939999,-27.335136442999953],[-70.60611016799993,-27.18013098499995],[-70.41860770499994,-27.074129607999907],[-70.41102987499994,-27.07309104299992],[-70.4036729099999,-27.077150994999954],[-70.39688496999992,-27.078525767999906],[-70.38562901799992,-27.085915170999954],[-70.37978623399994,-27.084841129999916],[-70.37424418199993,-27.081232351999915],[-70.37192425299992,-27.081318274999944],[-70.36144010499993,-27.08828942799994],[-70.24478999999991,-26.943029999999908],[-70.24555183399991,-26.93892031999991],[-70.25340763499992,-26.928405632999954],[-70.2533472049999,-26.920308114999955],[-70.25080917699995,-26.915655062999917],[-70.25528094099991,-26.909249563999936],[-70.26307631399993,-26.903327498999943],[-70.26673508699992,-26.90242870299994],[-70.2689145249999,-26.896467661999907],[-70.26811000099991,-26.89405999999991],[-70.27879955199995,-26.88828544499995],[-70.28722001299991,-26.88542998099996],[-70.2941369799999,-26.879307972999925],[-70.3108776059999,-26.878936997999915],[-70.31749997599991,-26.87732989999995],[-70.36402979399992,-26.836690098999952],[-70.36174000099993,-26.831919997999933],[-70.36516125599991,-26.82543747199992],[-70.36677735799992,-26.818800352999915],[-70.37517814299991,-26.81519832799995],[-70.38050048899993,-26.806615739999927],[-70.38186000399992,-26.805180014999905],[-70.38526729299991,-26.80520605499993],[-70.38830813099992,-26.80098761599993],[-70.39734494899994,-26.80053310799991],[-70.4018051349999,-26.797925280999948],[-70.40445671499992,-26.791390366999906],[-70.40350852899991,-26.781925669999907],[-70.40514126199992,-26.77944052899994],[-70.41094966499992,-26.77840333799992],[-70.41607003999991,-26.774730053999917],[-70.42781967499991,-26.776162559999932],[-70.43418850899991,-26.77546180999991],[-70.44224164299993,-26.767233027999907],[-70.44993002299992,-26.761820017999923],[-70.45682581799991,-26.751439773999948],[-70.46056622399993,-26.748801461999903],[-70.47164976699992,-26.745390132999944],[-70.48598438199991,-26.737668670999938],[-70.49414850699992,-26.735344162999922],[-70.5006517349999,-26.737554831999944],[-70.50640005199995,-26.734850053999935],[-70.52298592199992,-26.731828287999917],[-70.5229317699999,-26.727762192999933],[-70.5321325619999,-26.721118520999937],[-70.54526072699991,-26.72164863699993],[-70.55799263799992,-26.72050287299993],[-70.5654310569999,-26.71422399499994],[-70.56858347099995,-26.712848679999922],[-70.5728161049999,-26.713194495999915],[-70.57538999699995,-26.710809999999924],[-70.5882999989999,-26.71380999899992],[-70.59733049899995,-26.714315288999956],[-70.60064215699992,-26.711037328999907],[-70.60474000399995,-26.70971000399993],[-70.6032399799999,-26.70508998799994],[-70.60650360799991,-26.698238726999932],[-70.61811001899991,-26.689439964999906],[-70.62203448399993,-26.690976049999904],[-70.62740529099995,-26.68980880199996],[-70.62910772299995,-26.692637231999925],[-70.64764001099991,-26.692830002999926],[-70.6470245939999,-26.68830978099993],[-70.64928198299992,-26.675664173999905],[-70.65701999099991,-26.665990025999918],[-70.66040590099993,-26.66560063499992],[-70.66568256999994,-26.667488634999927],[-70.67319428899992,-26.664254547999917],[-70.6771388759999,-26.665968239999927],[-70.68536003399993,-26.664220050999916],[-70.69112465199993,-26.660395464999908],[-70.69066998599993,-26.65770998399995],[-70.69266254999991,-26.655534346999957],[-70.6920023529999,-26.653470589999927],[-70.68677930899992,-26.65045007099991],[-70.68449959599991,-26.644740645999946],[-70.72610999999995,-26.644769998999948]]]]}},{"type":"Feature","properties":{"cut":3103,"comuna":"TIERRA AMARILLA"},"geometry":{"type":"Polygon","coordinates":[[[-69.34543702999991,-27.156416106999927],[-69.35057999999992,-27.15411999999992],[-69.35569702299995,-27.16425928399991],[-69.36366161299992,-27.17264353899992],[-69.37578358999991,-27.17341361499996],[-69.3764869339999,-27.176109122999947],[-69.38290518299993,-27.18323619599994],[-69.38328910999991,-27.19015529099994],[-69.38696247799993,-27.194086022999954],[-69.38601415499994,-27.19931613299991],[-69.3972548559999,-27.19989849299992],[-69.40075727499993,-27.20406406999996],[-69.40207450699995,-27.20824486799995],[-69.40963982799991,-27.216942692999908],[-69.4103633979999,-27.22581676799996],[-69.41331746799995,-27.23001972299994],[-69.41669229899992,-27.230326212999955],[-69.42011928599993,-27.23264473799992],[-69.42315303799995,-27.235822541999937],[-69.42485767499994,-27.240791888999922],[-69.43995876299994,-27.241599958999927],[-69.4396239269999,-27.247598372999903],[-69.44289829599995,-27.25727854799993],[-69.44122908899993,-27.259840244999907],[-69.4414139079999,-27.26259323399995],[-69.44379967899994,-27.267284813999936],[-69.45175548299994,-27.271832082999936],[-69.45477494999994,-27.278074244999914],[-69.45274027099993,-27.282901832999926],[-69.4564205769999,-27.28887999199992],[-69.45677059399992,-27.296160519999944],[-69.46410315199995,-27.30263601799993],[-69.46715831999995,-27.30873781799994],[-69.47127114199992,-27.312829777999923],[-69.47244920399993,-27.316281000999936],[-69.47615812299995,-27.320312960999956],[-69.48336466199993,-27.335698995999905],[-69.48636975999995,-27.33783722399994],[-69.49875267699991,-27.341508569999917],[-69.5084385799999,-27.349471313999913],[-69.50638424199991,-27.362994685999922],[-69.50460597099993,-27.365664361999904],[-69.50135363899994,-27.367319160999955],[-69.50006351799993,-27.374377129999914],[-69.49506315699995,-27.378134488999933],[-69.4930835909999,-27.384415893999915],[-69.4953816499999,-27.394293302999927],[-69.50295547099995,-27.40233261499992],[-69.50488232299995,-27.407810083999948],[-69.5114583159999,-27.413004224999952],[-69.51284448199993,-27.415837472999954],[-69.51352567899994,-27.425637286999915],[-69.51748370099995,-27.433416501999943],[-69.52473148399991,-27.43920331599992],[-69.52986095599994,-27.446283596999933],[-69.52506927099995,-27.452612349999924],[-69.52179698599991,-27.454764723999915],[-69.52119554699993,-27.457898703999945],[-69.51631808199994,-27.46144513699994],[-69.51650441699991,-27.464566058999935],[-69.51392899099994,-27.470497811999905],[-69.5140806679999,-27.47230732199995],[-69.52022839299991,-27.472952543999952],[-69.52635128399993,-27.477276400999926],[-69.52855980299995,-27.483248920999927],[-69.52676155199993,-27.488383497999905],[-69.53184479399994,-27.490916959999936],[-69.52568117399994,-27.494630265999945],[-69.51990850699991,-27.50065675099995],[-69.52233006999995,-27.51137884499991],[-69.52421117099993,-27.51409917399991],[-69.52423307399994,-27.52003973999996],[-69.53565323799995,-27.540299485999924],[-69.54310531599992,-27.54776352899995],[-69.54970756999995,-27.558724213999938],[-69.55601496699995,-27.563303206999933],[-69.56453363699995,-27.566562492999935],[-69.56417521299994,-27.57278748199991],[-69.56612549199991,-27.58057269199992],[-69.58309079799994,-27.59453596499992],[-69.58460469599993,-27.59985134199991],[-69.5844315519999,-27.60822060499993],[-69.59129556899995,-27.61262404799993],[-69.60172839499995,-27.615039199999956],[-69.60407877099993,-27.61684076699993],[-69.60356029899992,-27.623201137999956],[-69.62342097899995,-27.624327507999908],[-69.62727087999991,-27.626449665999928],[-69.6417278799999,-27.624120259999927],[-69.64087823199992,-27.61411913799992],[-69.64323265199994,-27.607572347999906],[-69.6524860529999,-27.597576354999944],[-69.65977423599992,-27.592364645999908],[-69.68047848599991,-27.587814168999955],[-69.68473645199992,-27.593629489999955],[-69.69297618999991,-27.597181529999943],[-69.70478452899994,-27.605034619999913],[-69.71267032799994,-27.618061519999912],[-69.72051440699994,-27.621911809999915],[-69.72700588599992,-27.633324646999938],[-69.73216936599994,-27.634389794999947],[-69.73851998299995,-27.64043152499994],[-69.74254437899992,-27.636510224999938],[-69.75058111699991,-27.632458826999937],[-69.7569957799999,-27.63331766999994],[-69.76321200699994,-27.63254336299991],[-69.77041918499992,-27.620768004999945],[-69.77631636599995,-27.617891525999937],[-69.7769728529999,-27.612814494999952],[-69.78334634399994,-27.610648214999912],[-69.79773314399995,-27.610981512999956],[-69.81124089899993,-27.608479377999913],[-69.81549803599995,-27.610797006999917],[-69.81783418999993,-27.614403851999953],[-69.82435741299992,-27.61809736799995],[-69.83156831899993,-27.615090015999954],[-69.83545893699994,-27.615444657999944],[-69.83935715099994,-27.610420035999937],[-69.84659092499993,-27.610606288999918],[-69.85349031999993,-27.613818341999945],[-69.86059297599991,-27.614257428999906],[-69.86546854399995,-27.611613725999916],[-69.86998537399995,-27.612253494999948],[-69.88075502499993,-27.60898992999995],[-69.88859410399994,-27.608181671999944],[-69.89204581699994,-27.605527365999933],[-69.89935030899994,-27.605393574999937],[-69.8962213609999,-27.597272924999913],[-69.89209208499994,-27.592558827999937],[-69.8902462929999,-27.582774676999918],[-69.88718655199995,-27.57762906699992],[-69.88712294899995,-27.57328266399992],[-69.88384562899995,-27.569647723999935],[-69.88330993199992,-27.565724279999927],[-69.88001529499991,-27.563185963999956],[-69.88874649399992,-27.55571901299993],[-69.88997486799991,-27.54719393399995],[-69.89314923799992,-27.54103954699991],[-69.89123725699994,-27.538826597999957],[-69.89171920299992,-27.534901156999922],[-69.90226710799993,-27.534778936999942],[-69.9078542439999,-27.532973222999942],[-69.9112957079999,-27.529944632999957],[-69.91560017699993,-27.529392772999927],[-69.91756830699995,-27.527240341999914],[-69.92289573399995,-27.528022049999947],[-69.93022452299994,-27.526185821999945],[-69.93475925299992,-27.52741019499996],[-69.93391011299991,-27.523461975999908],[-69.9372480529999,-27.521927458999926],[-69.9392895929999,-27.51868645199994],[-69.95052612699993,-27.51656544599996],[-69.95541872099994,-27.505618024999933],[-69.9656867349999,-27.503566889999945],[-69.97123322499993,-27.50027487999995],[-69.98645344399995,-27.507790980999914],[-69.99676462999992,-27.514815462999934],[-70.00007434999992,-27.52222108099994],[-70.01861827099992,-27.53662458699995],[-70.03493197199992,-27.538220804999924],[-70.03720427999991,-27.537838294999915],[-70.04015136699991,-27.53507473199994],[-70.04532340899993,-27.53537014999995],[-70.04732811499991,-27.53946223199995],[-70.0501772689999,-27.54087164999993],[-70.04988779999991,-27.544710319999922],[-70.05155162499995,-27.54803889099992],[-70.05497231699991,-27.547647388999906],[-70.05810872899991,-27.54464796299993],[-70.06497985899995,-27.54231306999992],[-70.06924244399994,-27.53655495299995],[-70.07204670599992,-27.527469096999937],[-70.08513323799991,-27.519991042999948],[-70.08947131699995,-27.514266507999935],[-70.09558504299991,-27.51104291999991],[-70.10293817399992,-27.509624726999903],[-70.10987035399995,-27.506304304999958],[-70.11598699299992,-27.507993640999928],[-70.13092005099992,-27.50737001099992],[-70.13565833799993,-27.511945358999924],[-70.13877168899995,-27.51254728899994],[-70.14191044499995,-27.514942466999912],[-70.14231639199994,-27.50800923399993],[-70.1458317659999,-27.50436505899995],[-70.14691244099993,-27.50021279799995],[-70.15360389599994,-27.488130133999903],[-70.1697782139999,-27.475514964999945],[-70.1779246239999,-27.473616783999944],[-70.18559841299992,-27.46359156199992],[-70.18778526499995,-27.45849131299991],[-70.1930672599999,-27.452775181999925],[-70.19617857299994,-27.437363328999936],[-70.19961831799992,-27.431389989999957],[-70.19965990399993,-27.422678548999954],[-70.20140621399992,-27.419965136999906],[-70.2094197369999,-27.41565649699993],[-70.21282049799993,-27.411387481999952],[-70.21665538699995,-27.412979288999907],[-70.22055933699994,-27.40828443399994],[-70.29905997999992,-27.443691041999955],[-70.29955599999994,-27.448326127999906],[-70.29764394599994,-27.45364260799994],[-70.3080774629999,-27.461149960999933],[-70.31399733499995,-27.461509453999952],[-70.31553891999994,-27.463399516999914],[-70.3299658649999,-27.469134268999937],[-70.33570472499991,-27.46869048499991],[-70.34118590799994,-27.475897998999926],[-70.34026278099992,-27.480891922999945],[-70.33661596599995,-27.484366106999914],[-70.33377931899992,-27.489689511999927],[-70.33972342899995,-27.491363390999936],[-70.34119425599994,-27.494364083999926],[-70.34678790699991,-27.498971871999913],[-70.34898935399991,-27.503446469999915],[-70.35316099399995,-27.507178678999935],[-70.3538752199999,-27.509031184999913],[-70.35207390599993,-27.51810592399994],[-70.35550588699994,-27.520484951999947],[-70.35937016299994,-27.52041412299991],[-70.36957822499994,-27.536580682999954],[-70.36890124899992,-27.541923926999914],[-70.3731982619999,-27.550625044999947],[-70.3710127299999,-27.554856615999938],[-70.37758870899995,-27.569712977999927],[-70.3776805089999,-27.572957041999928],[-70.37573895299994,-27.575827613999934],[-70.38117472699992,-27.58552402199996],[-70.38155985599991,-27.590601093999908],[-70.37948512499992,-27.59736890399995],[-70.37695292899991,-27.600462997999955],[-70.37829617699992,-27.607837701999927],[-70.37406672599991,-27.612660491999918],[-70.37436623999992,-27.615785883999934],[-70.36547023899993,-27.62595397499996],[-70.36568627899993,-27.635397879999914],[-70.36343216099993,-27.638161853999918],[-70.36576900999995,-27.644048771999906],[-70.36275433599991,-27.648877115999937],[-70.3607116309999,-27.649928506999913],[-70.35936156199995,-27.65375634499992],[-70.36019149599991,-27.660869944999945],[-70.36447477799993,-27.66384875999995],[-70.36807690899991,-27.664592383999945],[-70.37027051099994,-27.669954869999913],[-70.3576825909999,-27.677773871999932],[-70.35213341399992,-27.677254792999918],[-70.34665145799994,-27.681181783999932],[-70.3478846239999,-27.686033640999938],[-70.33701502699995,-27.695260067999925],[-70.33713446999991,-27.698169892999942],[-70.34523528099993,-27.69900759299992],[-70.35023023799994,-27.702912472999913],[-70.35202627199993,-27.707493816999943],[-70.35135438799995,-27.71078592999993],[-70.35682848199991,-27.72227691799992],[-70.3574561499999,-27.726810946999933],[-70.34426655999994,-27.733980175999932],[-70.34364806499991,-27.73731234899992],[-70.3377484419999,-27.74388195499995],[-70.33621360199993,-27.755044178999924],[-70.33193563099991,-27.760700804999942],[-70.3300594989999,-27.761171894999904],[-70.32942240499995,-27.764654873999916],[-70.32474779699993,-27.764713368999935],[-70.3246846799999,-27.77363631599991],[-70.32040336999995,-27.777563073999943],[-70.31632185299992,-27.785175013999947],[-70.31826063299991,-27.79332525399991],[-70.32400739799994,-27.79903803399992],[-70.3236506049999,-27.805978076999907],[-70.32792726999992,-27.810486211999944],[-70.32813232899991,-27.813990904999912],[-70.3146904969999,-27.82165189299991],[-70.31232332399992,-27.82547069499992],[-70.30762419099995,-27.82896703499995],[-70.3063424149999,-27.831792125999925],[-70.29224531499995,-27.83469458099995],[-70.29105922299993,-27.840938277999953],[-70.29192350699992,-27.84534175099992],[-70.29125318199993,-27.86073992899992],[-70.29457938399992,-27.867877532999955],[-70.2903431069999,-27.86972949099993],[-70.28799582699992,-27.874124615999904],[-70.28329685299991,-27.875666774999956],[-70.28297898799991,-27.883224639999924],[-70.2724073999999,-27.88691504299993],[-70.27024818799993,-27.890080583999918],[-70.26057404099993,-27.883557701999905],[-70.2470578619999,-27.88237634299992],[-70.23670122399994,-27.876453632999926],[-70.2143220559999,-27.871719665999933],[-70.19118345599992,-27.906532977999916],[-70.1941756089999,-27.91559656599992],[-70.1920357109999,-27.920290723999926],[-70.18824408499995,-27.922268653999936],[-70.1871926959999,-27.926344069999914],[-70.1829752729999,-27.929494435999914],[-70.18326970099992,-27.936406049999903],[-70.18017678799993,-27.938183697999932],[-70.17787665899993,-27.948403107999923],[-70.17094453199991,-27.95200507499993],[-70.16405020799994,-27.95097137299996],[-70.16182905499994,-27.95235311299996],[-70.15686239399992,-27.95737747699991],[-70.15486083999991,-27.96293644499991],[-70.15709717599992,-27.969114214999934],[-70.15609344099994,-27.97172674099994],[-70.14541777199992,-27.973300868999956],[-70.13880661899992,-27.980612918999952],[-70.12444955399991,-27.98961746899994],[-70.11822655799995,-27.998775785999953],[-70.11768447999992,-28.008636941999953],[-70.11616769599993,-28.011614412999904],[-70.12390476099995,-28.01655193499994],[-70.12306998399993,-28.025576026999943],[-70.1178017819999,-28.03248799599993],[-70.10636079199992,-28.031181533999927],[-70.10314673199991,-28.032191247999947],[-70.10781468599993,-28.03964100199994],[-70.10827480899991,-28.04841487999994],[-70.10407850699994,-28.04766838499995],[-70.10052995199993,-28.051984925999932],[-70.09649076699992,-28.05248152699994],[-70.09614461799993,-28.053996195999957],[-70.09831349599995,-28.05666418699991],[-70.09490308599993,-28.058234284999912],[-70.09280798399993,-28.06081959599993],[-70.09575129299992,-28.068635464999943],[-70.1025169529999,-28.071614113999942],[-70.10757559099994,-28.076736403999917],[-70.10747638499993,-28.07962109099992],[-70.10455159499992,-28.08131451999992],[-70.10564348499992,-28.08687245099992],[-70.1028884079999,-28.091485316999922],[-70.09945359299991,-28.092629248999913],[-70.09390178699994,-28.089982445999908],[-70.09237046999993,-28.09153047199993],[-70.0822648269999,-28.091964521999955],[-70.0769025809999,-28.088195695999957],[-70.07243280199992,-28.087738773999945],[-70.06928167799992,-28.08490202999991],[-70.06506383899995,-28.08378849299993],[-70.06168393399992,-28.081264750999935],[-70.0580207939999,-28.08405961199992],[-70.05389712599992,-28.084628412999905],[-70.0501261469999,-28.08830396399992],[-70.05018449199991,-28.091020862999926],[-70.05322610299993,-28.09394415299994],[-70.0608512199999,-28.09492860599994],[-70.06106619899992,-28.098785085999907],[-70.06310095899994,-28.101585534999913],[-70.05993843399995,-28.108772374999944],[-70.05955670999992,-28.117675241999905],[-70.06805042499991,-28.12288970299994],[-70.0703648569999,-28.132380803999922],[-70.07500468499995,-28.138626747999922],[-70.07418216099995,-28.146445393999954],[-70.0722231979999,-28.148903607999955],[-70.0749351629999,-28.150639317999946],[-70.07463427199991,-28.156694960999914],[-70.08066933099991,-28.165904501999933],[-70.08063517799991,-28.17121667799995],[-70.08293822499991,-28.17675860399993],[-70.08575654099991,-28.178419661999953],[-70.08968607499992,-28.18986067299994],[-70.08468065699992,-28.19088427999992],[-70.08443923599992,-28.19976791399995],[-70.08792051899991,-28.208098470999914],[-70.08563228899993,-28.208811657999945],[-70.08272923299995,-28.213289053999915],[-70.0834371329999,-28.21628914599995],[-70.08645734599992,-28.220015538999917],[-70.08613676899995,-28.221850383999936],[-70.08053266699994,-28.22403847299995],[-70.07787944699993,-28.229827092999926],[-70.06499705399995,-28.23235126399993],[-70.06306890099995,-28.240237321999928],[-70.05947677299991,-28.24375380099991],[-70.05852753799991,-28.248910553999906],[-70.05222914599995,-28.25370276299992],[-70.05018092799992,-28.25970247799995],[-70.0455634249999,-28.260599877999937],[-70.04342333799991,-28.26257039099994],[-70.04401991799995,-28.265336851999905],[-70.04241982699995,-28.275336460999938],[-70.03402371499993,-28.278410480999923],[-70.03188383499992,-28.280692217999956],[-70.03497490899991,-28.28553841599995],[-70.03518637499991,-28.29372799799995],[-70.0401906109999,-28.30016618299993],[-70.04064564799995,-28.308380952999926],[-70.0430314969999,-28.317718250999917],[-70.04579219199991,-28.32023344299995],[-70.04821811199992,-28.326853478999908],[-70.04807936499992,-28.341950563999944],[-70.05134257199995,-28.345914944999947],[-70.04701822699991,-28.353119369999945],[-70.03811058199994,-28.359609476999935],[-70.03607907699995,-28.362761465999938],[-70.03522152799991,-28.368436308999947],[-70.03086394399992,-28.373380615999906],[-70.03074993599995,-28.37628219599992],[-70.0334708819999,-28.379664388999913],[-70.0336431469999,-28.38180675399991],[-70.02759127999991,-28.398731106999946],[-70.0217239019999,-28.40877601899996],[-70.02404253799995,-28.410338147999937],[-70.02441401199991,-28.412871648999953],[-70.02613401099995,-28.414505935999955],[-70.02748354599993,-28.42025882699994],[-70.02699271699993,-28.425005661999933],[-70.02425304499991,-28.42893001999994],[-70.02507820099993,-28.43277336999995],[-70.02098878899994,-28.43673038599991],[-70.02641074999991,-28.44200135999995],[-70.0328421339999,-28.44488612099991],[-70.03149009599991,-28.447328856999945],[-70.0275176259999,-28.44974626399994],[-70.03025968499992,-28.455542720999915],[-70.02332068499993,-28.45899785599994],[-70.01876238099993,-28.45916745699992],[-70.01614056599993,-28.461384874999908],[-70.01615765999992,-28.463171876999922],[-70.01989609599991,-28.46618602399991],[-70.01975652699991,-28.476381413999945],[-70.01713987399995,-28.485459341999956],[-70.01416657399994,-28.488030504999927],[-70.0109288889999,-28.49503362899992],[-70.01212475799991,-28.49986991599991],[-70.00572639899991,-28.504493227999944],[-70.00548929299993,-28.50955849299993],[-70.00286603199993,-28.512050965999947],[-70.00444541399992,-28.517576662999943],[-70.01121538199993,-28.518568925999944],[-70.0120855529999,-28.524415701999942],[-70.0178192859999,-28.530519443999935],[-70.01743825299991,-28.537566945999913],[-70.02219127599994,-28.543091141999923],[-70.0219228009999,-28.54797160299995],[-70.0242213009999,-28.549903851999943],[-70.02931881199993,-28.55107475199992],[-70.03153731599991,-28.55556176999994],[-70.0203244729999,-28.564085614999954],[-70.02033701199991,-28.574492224999915],[-70.01358615099991,-28.577309219999904],[-70.0087826589999,-28.57237633199992],[-70.00179923299993,-28.583141669999918],[-69.99780434299993,-28.586731780999912],[-69.99395239699993,-28.587405403999924],[-69.97890886899995,-28.585596817999942],[-69.9726840479999,-28.579418294999925],[-69.96716287299995,-28.581795454999906],[-69.9593124029999,-28.58200463399993],[-69.95775652599991,-28.58422244499991],[-69.95858897099993,-28.589122103999955],[-69.94916259299993,-28.593398947999958],[-69.94321066599991,-28.601721677999933],[-69.9399699139999,-28.600967957999956],[-69.9337078609999,-28.60207175699992],[-69.92685859799991,-28.60886105599991],[-69.9243149369999,-28.60939740799995],[-69.91801386799995,-28.60609162399993],[-69.90458339599991,-28.611326638999913],[-69.90173649899992,-28.61653548299995],[-69.89974020799991,-28.617649903999904],[-69.89099988699991,-28.61638985499991],[-69.8848268879999,-28.621390015999907],[-69.85977801299993,-28.62472382699991],[-69.84905305899991,-28.63133523399995],[-69.82873210899993,-28.633270728999946],[-69.80163494099992,-28.641958765999902],[-69.78640443799992,-28.637819348999926],[-69.78051454599995,-28.638200905999952],[-69.77315779199995,-28.63457852399995],[-69.7646604489999,-28.637117920999913],[-69.7604927939999,-28.63714137599993],[-69.7559741039999,-28.633375729999955],[-69.75110862399993,-28.63128166599995],[-69.74871592099993,-28.628253128999916],[-69.74693146099992,-28.61471035099993],[-69.73821392499991,-28.61131916499994],[-69.7352367069999,-28.601618756999926],[-69.72364705599995,-28.592948330999945],[-69.72768289899994,-28.584428645999935],[-69.72661686599992,-28.580850985999916],[-69.7232579969999,-28.57807985599993],[-69.70696222099991,-28.57393698699991],[-69.70010032599993,-28.578900850999958],[-69.69237547999995,-28.589307041999916],[-69.68661468099992,-28.590788129999908],[-69.68509999199995,-28.588332331999936],[-69.68256107099995,-28.58717633099991],[-69.67654275299992,-28.591535864999912],[-69.66890481899992,-28.589666107999903],[-69.66868500699991,-28.584808495999937],[-69.6614436129999,-28.582858218999945],[-69.66734752799994,-28.578074646999937],[-69.67037905799992,-28.572795154999937],[-69.6683616389999,-28.56336553999995],[-69.66951955899992,-28.55461375899995],[-69.66442499199991,-28.55489238599995],[-69.6651947389999,-28.54991232699996],[-69.66234687299993,-28.54668384999991],[-69.65987058099995,-28.540182469999934],[-69.65354783099991,-28.541471449999904],[-69.6502744789999,-28.538185959999907],[-69.6521641299999,-28.53590349199993],[-69.6512436459999,-28.53285418699994],[-69.6520088179999,-28.531058539999947],[-69.66403452299994,-28.52206722899996],[-69.66273571999994,-28.517210537999915],[-69.66500831099995,-28.51492951499995],[-69.66531613299992,-28.51229253899993],[-69.65680428799993,-28.503670143999955],[-69.66655059399994,-28.497103903999914],[-69.66485947699994,-28.482028304999915],[-69.6696713419999,-28.48075770199995],[-69.67549676499993,-28.477176579999934],[-69.68127084699995,-28.47159772799995],[-69.67412439599991,-28.47016560299994],[-69.6728890469999,-28.45885630999993],[-69.67136248599991,-28.457008414999905],[-69.66774549399992,-28.456046444999913],[-69.66698549799992,-28.45237760799995],[-69.66395328699991,-28.448800138999957],[-69.65992730199991,-28.446951760999923],[-69.65851741099993,-28.444328795999922],[-69.6532402389999,-28.444950138999957],[-69.64884037099995,-28.443068974999903],[-69.63970697199994,-28.443037595999954],[-69.63746598999995,-28.43778012799993],[-69.63702294699993,-28.431972609999946],[-69.63296125399995,-28.430281066999953],[-69.64280062199992,-28.423955709999916],[-69.64881413799992,-28.41711259099992],[-69.65281612799993,-28.418012675999933],[-69.65608891099993,-28.41486875399994],[-69.65614153199994,-28.412886133999905],[-69.65122876899994,-28.410635076999938],[-69.64793546599992,-28.405058848999943],[-69.6477336069999,-28.401819962999923],[-69.64968437199991,-28.396522369999957],[-69.63974862799995,-28.392664617999912],[-69.63749918399992,-28.388586694999958],[-69.62996339999995,-28.39400965899995],[-69.63468993799995,-28.38389988499995],[-69.62869898799994,-28.37873227999995],[-69.62613800899993,-28.378371617999903],[-69.62383043499995,-28.378878715999917],[-69.62279972199991,-28.38358154699995],[-69.62061595299991,-28.38683815199994],[-69.61372618399992,-28.390459696999926],[-69.61008522499992,-28.39389455199995],[-69.6042969049999,-28.39383432099993],[-69.59979354899991,-28.391839301999937],[-69.59698921299992,-28.392414970999937],[-69.59567966499992,-28.388014089999956],[-69.58811933699991,-28.377862424999933],[-69.58521522699994,-28.366062648999957],[-69.58700257399994,-28.35993919799995],[-69.5827662449999,-28.353255462999925],[-69.5794221239999,-28.35087555599995],[-69.56802067599995,-28.348306883999953],[-69.56481993299991,-28.345168908999938],[-69.55798117899991,-28.341864296999915],[-69.5475058479999,-28.338602573999935],[-69.54218320199993,-28.338260884999954],[-69.53913873699992,-28.33594290399992],[-69.53177115699992,-28.335256578999918],[-69.52400220299995,-28.33046311699991],[-69.52278590599991,-28.324480406999953],[-69.51977268099995,-28.319879241999956],[-69.5212886569999,-28.31339351999992],[-69.51322084799995,-28.30790089699991],[-69.51103634099991,-28.298654109999916],[-69.5077116729999,-28.292734194999923],[-69.49968717999991,-28.284075312999903],[-69.5032174129999,-28.273840795999945],[-69.50287069699993,-28.265775375999908],[-69.50021869099993,-28.262216527999954],[-69.48712405999993,-28.255495452999924],[-69.4845850449999,-28.247780942999952],[-69.48067275799991,-28.242466134999916],[-69.47490033699995,-28.23779365799993],[-69.4748713969999,-28.23546996999994],[-69.47761999999994,-28.231739999999945],[-69.4772544569999,-28.22591942999992],[-69.48203691899994,-28.223632435999946],[-69.4804190349999,-28.220442255999956],[-69.4789118999999,-28.207303779999904],[-69.47280179499995,-28.204815350999922],[-69.47107052199993,-28.201950260999922],[-69.46396193899994,-28.197649019999915],[-69.45669270299993,-28.18389349499995],[-69.4474190919999,-28.186846116999902],[-69.44382789799994,-28.191028961999905],[-69.43102631799991,-28.20029999299993],[-69.42879456299994,-28.203487786999915],[-69.42611016799992,-28.203410189999943],[-69.4187243689999,-28.208050021999952],[-69.41559438299993,-28.20519480899992],[-69.4103330829999,-28.205306736999944],[-69.40871567899995,-28.213722722999933],[-69.39617488699992,-28.220166482999957],[-69.39118648099992,-28.227010536999956],[-69.39049950299994,-28.221409275999918],[-69.38234089699995,-28.21174863099992],[-69.38370639599992,-28.20649070299993],[-69.38113556299993,-28.19462018699994],[-69.38426405099995,-28.190531938999925],[-69.38328447799995,-28.184197612999924],[-69.38059957799993,-28.181721798999945],[-69.37269076599995,-28.181871791999924],[-69.36200196899995,-28.17998085599993],[-69.35262552599994,-28.17392594599994],[-69.34622820099992,-28.167831587999956],[-69.34127734399993,-28.167617441999937],[-69.33639933799992,-28.164575484999943],[-69.33370379999991,-28.158451210999942],[-69.32981095299994,-28.156025435999936],[-69.32458194199995,-28.147746888999905],[-69.32290381199994,-28.142112741999938],[-69.31404712099993,-28.134448534999933],[-69.31308490099991,-28.131095967999954],[-69.30769380799995,-28.129346187999943],[-69.3084722509999,-28.12277429799991],[-69.30457112499994,-28.120190232999903],[-69.30557732999995,-28.11413352799991],[-69.30325087099993,-28.112200076999954],[-69.30202935299991,-28.10865982899992],[-69.30502968499991,-28.10322424599991],[-69.30109402199992,-28.095664761999956],[-69.30123879299992,-28.09156285499995],[-69.29857304799992,-28.08547115999994],[-69.29917548999993,-28.082980792999933],[-69.29685209399992,-28.078594265999925],[-69.30156583799993,-28.071980422999957],[-69.29047279199995,-28.06220143099995],[-69.28630712799992,-28.060362244999908],[-69.28519628499993,-28.05773024599995],[-69.28116812099995,-28.05672955999995],[-69.27910139499994,-28.052579602999913],[-69.26368499999995,-28.04742431899996],[-69.26392671699995,-28.045007765999912],[-69.25938675499992,-28.040857556999924],[-69.26603244899991,-28.03677659999994],[-69.2660733749999,-28.03370149099993],[-69.26450225099995,-28.031570122999938],[-69.26670792199991,-28.02912114499992],[-69.26618406299991,-28.015117363999934],[-69.26879085899992,-28.01183279299994],[-69.26671871499991,-28.00932042699992],[-69.2567573419999,-28.010403220999933],[-69.2516926429999,-28.004868836999947],[-69.25137492899995,-27.99914328999995],[-69.25260672399992,-27.99650252999993],[-69.25177512099992,-27.993490493999957],[-69.25289063399993,-27.989991730999918],[-69.24974825999993,-27.988289239999915],[-69.24850162199994,-27.98391707499991],[-69.24364684499994,-27.979972025999928],[-69.23972417099992,-27.980460714999936],[-69.23629656999992,-27.97918713699994],[-69.23600479799995,-27.975667983999926],[-69.23900489399995,-27.971673095999904],[-69.23772944899991,-27.96713528999993],[-69.23489913899994,-27.96601661099993],[-69.22344488699991,-27.972146548999945],[-69.21128659699991,-27.964569200999904],[-69.20669095099993,-27.963776115999906],[-69.20233481799994,-27.96668743899994],[-69.19684372199993,-27.968227816999956],[-69.18982956999992,-27.96615296999994],[-69.18052100699992,-27.97187690399994],[-69.17351162299991,-27.971896544999936],[-69.17225375399994,-27.97015633099994],[-69.17187510899993,-27.96399051599991],[-69.17019378299995,-27.96189224199992],[-69.16771705899993,-27.96134173799993],[-69.1660823599999,-27.95511575599994],[-69.16342326299991,-27.95188381899993],[-69.15531580699991,-27.94702607599993],[-69.15481554199994,-27.93914199799991],[-69.15678361499994,-27.934508042999937],[-69.15589966099992,-27.931802691999906],[-69.15264144899993,-27.92945216399994],[-69.15171866999992,-27.927248431999942],[-69.14706289999992,-27.926577357999918],[-69.14354961599992,-27.91862419499995],[-69.14007789499993,-27.917040894999957],[-69.13489872999992,-27.911136839999926],[-69.12505436899994,-27.903464966999934],[-69.12143162099994,-27.898420047999934],[-69.1255194009999,-27.888837619999947],[-69.12889226199991,-27.885560795999936],[-69.12903386199991,-27.879364187999954],[-69.13086462199993,-27.877416206999953],[-69.13229899099991,-27.872517916999925],[-69.12827576899991,-27.866436421999936],[-69.1198086949999,-27.860984600999927],[-69.11874269599991,-27.85876123199995],[-69.11601678599993,-27.85894397499993],[-69.11403707399995,-27.85763431999993],[-69.11347361799994,-27.854877951999924],[-69.11077816499994,-27.85242615599992],[-69.1096969379999,-27.846502249999958],[-69.11415890199993,-27.842009826999913],[-69.1124685339999,-27.837882889999946],[-69.10605731399994,-27.833542752999904],[-69.1086627009999,-27.83048708599995],[-69.10386109099994,-27.82619141899994],[-69.10584409099994,-27.82310583499992],[-69.10219151399991,-27.820233097999903],[-69.1006537259999,-27.816276587999937],[-69.09994929499993,-27.805187959999955],[-69.09855060699994,-27.80166237499992],[-69.09545487199995,-27.79899105699991],[-69.09516335099994,-27.78994535399994],[-69.09372813499994,-27.787993765999943],[-69.08962981999991,-27.786337567999908],[-69.09065911099992,-27.78390630699994],[-69.0890585649999,-27.78138503799994],[-69.08965199599993,-27.766216381999925],[-69.08541622299992,-27.75572851399994],[-69.08675442999993,-27.753056314999924],[-69.08472587199992,-27.74682086599995],[-69.08817382699993,-27.73926289499991],[-69.08455255899992,-27.736020719999942],[-69.0825361229999,-27.726758226999948],[-69.0896184419999,-27.725228649999906],[-69.09006675899991,-27.722029583999927],[-69.08483324899993,-27.71854748599992],[-69.08454064099993,-27.71553072699993],[-69.08173383399992,-27.71286038599993],[-69.07762212599994,-27.712647185999913],[-69.07547427899993,-27.710355315999948],[-69.06396889699994,-27.707976354999914],[-69.05603097099993,-27.703817288999915],[-69.05185732299992,-27.702971137999953],[-69.04961485599995,-27.700587200999905],[-69.04514454199995,-27.699339025999905],[-69.04379401499995,-27.69579178099991],[-69.04437755599992,-27.688343500999906],[-69.0423663389999,-27.684251394999933],[-69.04212839299993,-27.679908879999914],[-69.05150878599994,-27.67482163199992],[-69.05199054399992,-27.672337317999904],[-69.0572755579999,-27.671738085999948],[-69.05520324499992,-27.665319061999924],[-69.06013678999994,-27.663544481999907],[-69.05972483099993,-27.659371241999906],[-69.05705951099992,-27.653972754999927],[-69.05331185999995,-27.633211956999958],[-69.0529628399999,-27.617964375999918],[-69.0458720709999,-27.60878023199996],[-69.03938030699993,-27.594725705999906],[-69.02642125199992,-27.59431602399991],[-69.02504370899993,-27.591770967999935],[-69.02530024599992,-27.58813639899995],[-69.02258452099994,-27.585431038999957],[-69.01977939099993,-27.58569516999995],[-69.01214842899992,-27.58256599899994],[-69.00670563599994,-27.58490530599994],[-69.0008508009999,-27.582348684999943],[-68.99421153999992,-27.575973810999926],[-68.99282218299993,-27.572213094999938],[-68.9833276029999,-27.56751146499994],[-68.97524973299994,-27.559530330999905],[-68.97265402499994,-27.547525537999945],[-68.9731053509999,-27.54297384499995],[-68.97736328399992,-27.541346509999926],[-68.97801993699994,-27.53578659799996],[-68.98194369999993,-27.53331753799995],[-68.98763667899993,-27.525972398999954],[-68.99101725399993,-27.503806650999934],[-69.00210610599993,-27.492175654999926],[-69.02592363899993,-27.47360146999995],[-69.03044430499995,-27.46782715699993],[-69.04055138699994,-27.461238456999922],[-69.05598538499993,-27.445449351999912],[-69.05830921499995,-27.440702657999907],[-69.07304834399991,-27.441314130999956],[-69.08095057999992,-27.438334610999902],[-69.08644526899991,-27.43943427699992],[-69.08952006899995,-27.441778493999948],[-69.0883625589999,-27.439117730999953],[-69.08823393999995,-27.431207696999934],[-69.08360367699993,-27.430435986999953],[-69.08096699899994,-27.42760638099992],[-69.08244611099991,-27.424005064999903],[-69.08077407099995,-27.419567728999937],[-69.0850982149999,-27.414608161999922],[-69.08083837999993,-27.403811969999936],[-69.0818099999999,-27.39936999999992],[-69.07479331399992,-27.394294205999927],[-69.07252580699992,-27.384756420999906],[-69.0677208159999,-27.380131616999904],[-69.06879082199993,-27.370360191999907],[-69.0741185469999,-27.36463127399992],[-69.07901254399991,-27.362833650999903],[-69.08063422899994,-27.358148784999912],[-69.08862252599994,-27.347217430999933],[-69.09174576999993,-27.340310256999942],[-69.10511999999994,-27.340469999999925],[-69.11337748499994,-27.334047037999937],[-69.11770758599994,-27.33217462899995],[-69.12028243999993,-27.32682325099995],[-69.12832637999992,-27.32281210499991],[-69.13047189699995,-27.318553336999912],[-69.13001741599993,-27.30806070999995],[-69.13146618099995,-27.30279646999992],[-69.13890109699992,-27.299933593999924],[-69.14987902699994,-27.297889183999928],[-69.14162811599994,-27.289300175999927],[-69.14267569599991,-27.282478297999944],[-69.14622170899992,-27.279811312999925],[-69.14281022299991,-27.275819847999912],[-69.14174624899994,-27.267240124999944],[-69.1485626729999,-27.262434019999944],[-69.1509418999999,-27.25522693499994],[-69.14966353999995,-27.245920176999903],[-69.1742324569999,-27.232330890999947],[-69.18428382399992,-27.223421079999923],[-69.18386852899994,-27.219404039999915],[-69.17966944599993,-27.218876817999956],[-69.1793308359999,-27.216322245999947],[-69.18461354699991,-27.194099454999957],[-69.18943952199993,-27.188647705999927],[-69.19273064599992,-27.179276746999903],[-69.1926499999999,-27.169649999999933],[-69.20423425899992,-27.165857795999955],[-69.21317456299994,-27.159828287999915],[-69.21865999999994,-27.15766999999994],[-69.22918394499993,-27.15785310499996],[-69.23729259299995,-27.158892674999947],[-69.24550519799993,-27.166689451999957],[-69.25433758499992,-27.17272591899996],[-69.2666973659999,-27.17066845699992],[-69.27409853599994,-27.17186570599995],[-69.28073782099995,-27.167675336999935],[-69.28759478699993,-27.168110699999943],[-69.29459999999995,-27.166849999999954],[-69.30215626099994,-27.170379925999953],[-69.30928710599994,-27.176619415999937],[-69.31142635999993,-27.175074398999925],[-69.31511062999994,-27.166992774999926],[-69.32527208399995,-27.166873926999926],[-69.33110661199993,-27.163347837999936],[-69.33560294799992,-27.156574958999954],[-69.34543702999991,-27.156416106999927]]]}},{"type":"Feature","properties":{"cut":3201,"comuna":"CHAÑARAL"},"geometry":{"type":"MultiPolygon","coordinates":[[[[-70.68906070699995,-26.14936042699992],[-70.6913544059999,-26.151887536999936],[-70.6915979819999,-26.15348026299995],[-70.68906683099993,-26.153609368999923],[-70.68821060899995,-26.155333924999923],[-70.68917771299994,-26.157484360999945],[-70.68705654699994,-26.15740983899991],[-70.68667327299994,-26.159476716999905],[-70.68333422499995,-26.162795739999922],[-70.67943784899995,-26.16182247899991],[-70.67846690199991,-26.155547233999926],[-70.68303182099993,-26.15131946899993],[-70.68906070699995,-26.14936042699992]]],[[[-69.89908999999994,-25.96571999999992],[-69.90000999999995,-25.953149999999937],[-69.89781999999991,-25.94724999999994],[-69.89213999999993,-25.940669999999955],[-69.88421999999991,-25.919109999999932],[-69.88120381399995,-25.913927560999923],[-69.9076999909999,-25.894610004999947],[-69.95820989999993,-25.901380246999906],[-70.02297004399992,-25.91988085299994],[-70.0761399129999,-25.965850401999944],[-70.0750730609999,-25.955308033999927],[-70.07702848699995,-25.952882777999946],[-70.08321475399993,-25.952525133999927],[-70.08769999999993,-25.95384999999993],[-70.09230563299991,-25.950204131999953],[-70.09641869199993,-25.95178921999991],[-70.11086733999991,-25.949521197999957],[-70.11682408899992,-25.95219306699994],[-70.12198287799993,-25.95231119099992],[-70.12863225399991,-25.95544217799994],[-70.13057736099995,-25.952086336999912],[-70.13433282299991,-25.949258030999943],[-70.1365690149999,-25.94939850199995],[-70.1415799959999,-25.953590000999952],[-70.1462344979999,-25.95328596199994],[-70.15213016999991,-25.949587025999904],[-70.15724999899993,-25.944340001999933],[-70.1657703699999,-25.93975387699993],[-70.1843554749999,-25.943548664999923],[-70.20004999899993,-25.941690001999916],[-70.20249564599993,-25.939191815999948],[-70.21364905799993,-25.934561882999958],[-70.2165139729999,-25.930709692999926],[-70.22107517499995,-25.92825163899994],[-70.22157705299992,-25.920487258999913],[-70.22476375999992,-25.919209890999923],[-70.22697612699994,-25.920382961999906],[-70.23044497599994,-25.920082691999937],[-70.24047001699995,-25.916069768999932],[-70.24028152299991,-25.92190840199993],[-70.25007127299995,-25.926162535999936],[-70.2526251669999,-25.93118295799991],[-70.26051675499991,-25.930338053999947],[-70.26393011899995,-25.93140077499993],[-70.2663287439999,-25.929100112999947],[-70.26522066599995,-25.92605361899996],[-70.26679340599992,-25.917489806999924],[-70.27202453399991,-25.911990725999942],[-70.27308652099993,-25.90690733799994],[-70.28084997299993,-25.906351412999925],[-70.28659557399993,-25.90058997099993],[-70.29521068899993,-25.896599394999953],[-70.3005810379999,-25.895838074999915],[-70.31507987999993,-25.904609423999943],[-70.31300004899992,-25.910889538999925],[-70.31443598099992,-25.914934831999915],[-70.3180217439999,-25.918820628999924],[-70.3208652639999,-25.926744302999907],[-70.32432581799992,-25.93110054199991],[-70.32576646399991,-25.930852625999933],[-70.33237128499991,-25.92307723899995],[-70.33539700299991,-25.92376263299991],[-70.33968804299991,-25.93190728399992],[-70.34184010999991,-25.93325968499994],[-70.34650021199991,-25.93089614799993],[-70.36238996599991,-25.931934824999928],[-70.39319043899991,-25.928793474999907],[-70.3949113779999,-25.93008150399993],[-70.39481670099991,-25.93317008799994],[-70.39278288699995,-25.938764619999915],[-70.39476014599995,-25.939919268999915],[-70.40451109599991,-25.93847080499995],[-70.40689954599992,-25.939400104999947],[-70.41704934899991,-25.94639733699995],[-70.42014366299992,-25.953363879999927],[-70.42328994499991,-25.954578874999925],[-70.43132515999991,-25.954359723999914],[-70.43575003599994,-25.952632158999904],[-70.4504584789999,-25.958556968999915],[-70.4609898569999,-25.96556068399991],[-70.47624757999995,-25.971432080999932],[-70.48320561199995,-25.967898686999945],[-70.48881000799992,-25.974710004999906],[-70.50405595899991,-25.98679117599994],[-70.50597406999992,-25.99214735599992],[-70.50876743599991,-25.99335055499995],[-70.51022669699995,-25.997820495999918],[-70.51229451199993,-25.99980722999993],[-70.52398835499991,-26.003844681999908],[-70.52448748199993,-26.008779156999935],[-70.52605616799991,-26.00961222999996],[-70.5547220169999,-26.007686105999937],[-70.56297835799995,-26.003991861999907],[-70.57592358199992,-26.00196002699994],[-70.59197937699992,-26.007187209999927],[-70.59723570099993,-26.006894511999917],[-70.60068936899995,-26.00547507899995],[-70.6020392879999,-26.00333411099996],[-70.60515921399991,-26.004130050999947],[-70.60897278699991,-26.013187522999942],[-70.61334642599991,-26.02981729599992],[-70.61084000299991,-26.04044000999994],[-70.60740157999993,-26.04511314599995],[-70.61453097599991,-26.04793147199996],[-70.61618017399991,-26.054412876999947],[-70.61448470399995,-26.056384342999934],[-70.61474958499991,-26.05823511299991],[-70.6191594089999,-26.061004945999912],[-70.65737906599992,-26.061204139999916],[-70.65480799099993,-26.06333992699996],[-70.65696377499995,-26.065960420999943],[-70.65647585699992,-26.06844410599996],[-70.65959412599994,-26.071882211999934],[-70.6575426359999,-26.07454333299995],[-70.65772252999994,-26.079815728999904],[-70.66275989399992,-26.087434225999914],[-70.65941909899993,-26.089850697999907],[-70.66105657199995,-26.092774223999925],[-70.66027084699994,-26.09585415199996],[-70.66135280099991,-26.097013250999908],[-70.66023181599991,-26.097920098999907],[-70.66117032099993,-26.09934052099993],[-70.65964502999992,-26.100470087999952],[-70.6598720049999,-26.105317216999936],[-70.65681136899991,-26.10826745399993],[-70.65534274399994,-26.112204062999922],[-70.65615839199995,-26.11333991799995],[-70.65486647499995,-26.114360089999934],[-70.6561217229999,-26.114999497999918],[-70.65409924799991,-26.115595540999948],[-70.6541298059999,-26.11856050399996],[-70.65546285599993,-26.12018022099994],[-70.65341446499991,-26.12291191299994],[-70.65517428599992,-26.124487805999934],[-70.6529711149999,-26.12748162799994],[-70.65280814599993,-26.131280132999905],[-70.65517078099992,-26.13284732099993],[-70.65627116199994,-26.137235133999923],[-70.66012872899995,-26.141155648999927],[-70.66473202299994,-26.140853029999903],[-70.67116439799992,-26.142883635999908],[-70.6683148589999,-26.145819076999942],[-70.66904912299992,-26.152712183999938],[-70.66757049899991,-26.15689147699993],[-70.66977368999994,-26.159793254999954],[-70.6718581479999,-26.160256537999942],[-70.67136290399992,-26.16448254799991],[-70.67376755999993,-26.168557507999935],[-70.67230040899994,-26.169915112999945],[-70.6722773539999,-26.17458699799994],[-70.66955495999991,-26.17586437199992],[-70.66318781799993,-26.174046881999914],[-70.66016127599994,-26.176636556999938],[-70.65626844499991,-26.18384007499992],[-70.65779984699992,-26.189514152999948],[-70.6632472149999,-26.191044587999954],[-70.66542617899995,-26.19299183699991],[-70.67077663099991,-26.198580849999928],[-70.6730883649999,-26.20393421299991],[-70.67202553099992,-26.206501284999945],[-70.66914682799995,-26.208403370999918],[-70.66999182199993,-26.211119785999927],[-70.66894469499994,-26.21188120699992],[-70.6688159329999,-26.218747917999906],[-70.66272763099994,-26.221156531999952],[-70.65840494899993,-26.225503448999916],[-70.6528130499999,-26.234545485999945],[-70.64989941899995,-26.242351449999944],[-70.64710935399995,-26.256059768999933],[-70.64828546699994,-26.257815614999913],[-70.65004181799992,-26.257899255999916],[-70.64922816399991,-26.26040914999993],[-70.65564435499994,-26.27100547999993],[-70.66705298399995,-26.278189961999942],[-70.66753372799991,-26.285397082999907],[-70.67397024799993,-26.287994168999944],[-70.67397570999992,-26.289682180999932],[-70.67561653399991,-26.29090425699991],[-70.67423946999992,-26.29885067099991],[-70.66934690999994,-26.305195098999945],[-70.66503152199994,-26.307371159999946],[-70.64611439399994,-26.30545011399994],[-70.64079345599993,-26.30964555399993],[-70.6332769409999,-26.326625807999903],[-70.62761477799995,-26.346730452999907],[-70.63170649199992,-26.35142877599992],[-70.63519181499993,-26.352076393999937],[-70.63819539199994,-26.35103421799994],[-70.63888597899995,-26.355482852999955],[-70.64045988499993,-26.357060133999937],[-70.64624278899993,-26.356542127999944],[-70.6458122329999,-26.357333079999933],[-70.64939005499991,-26.355711818999907],[-70.65306011099995,-26.358170017999953],[-70.65410986299992,-26.360401134999904],[-70.65794996099993,-26.36134970699993],[-70.65965010899993,-26.364579766999952],[-70.66078992699994,-26.364598144999945],[-70.66050006099994,-26.365811136999923],[-70.6619500079999,-26.366317884999944],[-70.66296985199995,-26.372457996999913],[-70.66468995999992,-26.374130580999918],[-70.66539006699992,-26.38348801299992],[-70.67305008799991,-26.390751183999953],[-70.67648001399994,-26.391261684999904],[-70.68840988799991,-26.38845844599996],[-70.69175999999993,-26.389511140999957],[-70.69433004699994,-26.387738526999954],[-70.6981600549999,-26.390270321999935],[-70.69816000599991,-26.392450331999953],[-70.6995200419999,-26.393350417999955],[-70.6979299219999,-26.395991626999944],[-70.69762990099991,-26.399998638999932],[-70.69907012899995,-26.40022978099995],[-70.69687991199993,-26.402819431999944],[-70.69673002499991,-26.405849748999913],[-70.70035984999993,-26.418588765999914],[-70.69956989199994,-26.424411491999933],[-70.69717994899992,-26.427639927999905],[-70.69720011099992,-26.430492192999907],[-70.69035997499992,-26.43899988599992],[-70.68570997099994,-26.448068203999924],[-70.68759998199994,-26.46229938299996],[-70.68606987699991,-26.46436204999992],[-70.68921015099994,-26.470102149999946],[-70.68959996199993,-26.47161856799994],[-70.68846985499994,-26.47235860099994],[-70.69205001599994,-26.476518227999918],[-70.69080998499993,-26.479538868999953],[-70.69203012199995,-26.481948125999907],[-70.68931001899995,-26.486119164999934],[-70.68909994299992,-26.488861305999933],[-70.69448006399995,-26.491370180999922],[-70.69359994599995,-26.492621820999943],[-70.69593008899994,-26.49646214799992],[-70.70299011599991,-26.503707832999908],[-70.7059500119999,-26.50987839299995],[-70.7045501309999,-26.516168751999942],[-70.70597002499994,-26.516770108999935],[-70.70418989399991,-26.517657964999955],[-70.70357630099994,-26.519764024999915],[-70.7040443649999,-26.52391978199995],[-70.7060079069999,-26.526798409999913],[-70.71094607999993,-26.528034573999946],[-70.70987869399994,-26.529879812999923],[-70.70771818199995,-26.52923321599991],[-70.69776544799993,-26.532944753999914],[-70.69735807599994,-26.536758910999936],[-70.69937014499993,-26.540350161999925],[-70.70209993499992,-26.542050726999946],[-70.6847633129999,-26.551548130999947],[-70.6818045199999,-26.559002860999954],[-70.68209542699992,-26.56769578299992],[-70.68398681999992,-26.573302072999923],[-70.6870671449999,-26.573716444999945],[-70.69267546499992,-26.57902428299991],[-70.70009015099993,-26.573740578999946],[-70.7024400809999,-26.573500374999924],[-70.70303988099994,-26.57528049499996],[-70.7013899339999,-26.575422080999942],[-70.70336014799994,-26.577610072999903],[-70.70233004699992,-26.581779199999914],[-70.69838006099991,-26.58300887899992],[-70.70291002399995,-26.595041532999915],[-70.70192998099992,-26.595202196999935],[-70.70287991799995,-26.59589040299994],[-70.70250007599992,-26.598210296999923],[-70.70061002599994,-26.60201959999995],[-70.7034199009999,-26.604468330999907],[-70.70802011799992,-26.605880017999937],[-70.70749986299995,-26.608269305999954],[-70.70532013499991,-26.609748745999923],[-70.70869994599991,-26.61334142699991],[-70.70897997999992,-26.62221127199996],[-70.71603992999991,-26.637209754999958],[-70.7221499179999,-26.641847754999958],[-70.72431988299991,-26.641658968999934],[-70.72440993599992,-26.64355797399992],[-70.72336990999992,-26.64328173699994],[-70.72609533099995,-26.644652298999915],[-70.68449959599991,-26.644740645999946],[-70.68677930899992,-26.65045007099991],[-70.6920023529999,-26.653470589999927],[-70.69266254999991,-26.655534346999957],[-70.69066998599993,-26.65770998399995],[-70.69112465199993,-26.660395464999908],[-70.68536003399993,-26.664220050999916],[-70.6771388759999,-26.665968239999927],[-70.67319428899992,-26.664254547999917],[-70.66568256999994,-26.667488634999927],[-70.66040590099993,-26.66560063499992],[-70.65701999099991,-26.665990025999918],[-70.64928198299992,-26.675664173999905],[-70.6470245939999,-26.68830978099993],[-70.64764001099991,-26.692830002999926],[-70.62910772299995,-26.692637231999925],[-70.62740529099995,-26.68980880199996],[-70.62203448399993,-26.690976049999904],[-70.61811001899991,-26.689439964999906],[-70.60650360799991,-26.698238726999932],[-70.6032399799999,-26.70508998799994],[-70.60474000399995,-26.70971000399993],[-70.60064215699992,-26.711037328999907],[-70.59733049899995,-26.714315288999956],[-70.5882999989999,-26.71380999899992],[-70.57538999699995,-26.710809999999924],[-70.5728161049999,-26.713194495999915],[-70.56858347099995,-26.712848679999922],[-70.5654310569999,-26.71422399499994],[-70.55799263799992,-26.72050287299993],[-70.54526072699991,-26.72164863699993],[-70.5321325619999,-26.721118520999937],[-70.5229317699999,-26.727762192999933],[-70.52298592199992,-26.731828287999917],[-70.50640005199995,-26.734850053999935],[-70.5006517349999,-26.737554831999944],[-70.49414850699992,-26.735344162999922],[-70.48598438199991,-26.737668670999938],[-70.47164976699992,-26.745390132999944],[-70.46056622399993,-26.748801461999903],[-70.45682581799991,-26.751439773999948],[-70.44993002299992,-26.761820017999923],[-70.44224164299993,-26.767233027999907],[-70.43418850899991,-26.77546180999991],[-70.42781967499991,-26.776162559999932],[-70.41607003999991,-26.774730053999917],[-70.41094966499992,-26.77840333799992],[-70.40514126199992,-26.77944052899994],[-70.40350852899991,-26.781925669999907],[-70.40445671499992,-26.791390366999906],[-70.4018051349999,-26.797925280999948],[-70.39734494899994,-26.80053310799991],[-70.38830813099992,-26.80098761599993],[-70.38526729299991,-26.80520605499993],[-70.38186000399992,-26.805180014999905],[-70.38050048899993,-26.806615739999927],[-70.37517814299991,-26.81519832799995],[-70.36677735799992,-26.818800352999915],[-70.36516125599991,-26.82543747199992],[-70.36174000099993,-26.831919997999933],[-70.36402979399992,-26.836690098999952],[-70.31749997599991,-26.87732989999995],[-70.3108776059999,-26.878936997999915],[-70.2941369799999,-26.879307972999925],[-70.28722001299991,-26.88542998099996],[-70.27879955199995,-26.88828544499995],[-70.26811000099991,-26.89405999999991],[-70.2689145249999,-26.896467661999907],[-70.26673508699992,-26.90242870299994],[-70.26307631399993,-26.903327498999943],[-70.25528094099991,-26.909249563999936],[-70.25080917699995,-26.915655062999917],[-70.2533472049999,-26.920308114999955],[-70.25340763499992,-26.928405632999954],[-70.24555183399991,-26.93892031999991],[-70.24479159799995,-26.942990189999932],[-70.20744136499991,-26.92619254099992],[-70.1928160189999,-26.91182319899991],[-70.1573572879999,-26.88341948799996],[-70.15456661999991,-26.877312540999924],[-70.14307196699991,-26.876683775999936],[-70.13738785699991,-26.869259219999947],[-70.13400566899992,-26.86693467799995],[-70.12393546099992,-26.864293249999946],[-70.1132335819999,-26.865488348999918],[-70.1091487509999,-26.872074610999903],[-70.1038590359999,-26.869448321999926],[-70.09598083199995,-26.874506504999943],[-70.09459706099994,-26.87229639599991],[-70.0885755569999,-26.87084429199996],[-70.08343362099993,-26.864162601999908],[-70.08039399299992,-26.86363065599994],[-70.07860883299992,-26.864754709999943],[-70.07456191699993,-26.862451838999903],[-70.0684373979999,-26.863112153999907],[-70.06587552499991,-26.860684947999914],[-70.0650896379999,-26.85613632299993],[-70.03846268799992,-26.844304717999933],[-70.04132393599991,-26.840437790999943],[-70.04193156799994,-26.835973527999954],[-70.02990857299994,-26.835361906999935],[-70.02708343099994,-26.833640053999943],[-70.02590782399994,-26.827906808999956],[-70.02316385499995,-26.82560197899994],[-70.02449613999994,-26.810312505999946],[-70.02857072099994,-26.80687038499991],[-70.03416771099995,-26.80454101999993],[-70.03839985299993,-26.79946792499993],[-70.0423184679999,-26.797967575999905],[-70.04370817499995,-26.793998577999957],[-70.05336345199993,-26.786718269999938],[-70.05914380199994,-26.79031793899992],[-70.0631988259999,-26.78958789099994],[-70.0661593449999,-26.78735830699992],[-70.07303152399993,-26.787577247999934],[-70.07478810799995,-26.785975015999952],[-70.08171159499994,-26.786242801999947],[-70.08769778999994,-26.78803413499992],[-70.09037994899995,-26.786171821999915],[-70.09278290099991,-26.788085270999943],[-70.09503417499991,-26.78686266099993],[-70.09645704399992,-26.779254688999913],[-70.09970768199992,-26.775816952999946],[-70.09872367699995,-26.772335306999935],[-70.09520915799993,-26.77076909199991],[-70.09352276099992,-26.76609211899995],[-70.09466734699993,-26.759298805999947],[-70.08610788099992,-26.73810835799992],[-70.08757731399993,-26.73412930899991],[-70.08662257299994,-26.729247983999926],[-70.08195907699991,-26.726426276999916],[-70.08013089399992,-26.719642133999912],[-70.07525492499991,-26.710831724999935],[-70.07504032599991,-26.70621100799991],[-70.06888157799995,-26.704497056999912],[-70.06143048899992,-26.69353875099995],[-70.06108007799992,-26.686395659999903],[-70.06693331499991,-26.685706297999957],[-70.07051731199994,-26.683300433999932],[-70.07396650899994,-26.684321645999944],[-70.07645589999993,-26.683630208999944],[-70.07509258499994,-26.67516319799995],[-70.07752759899995,-26.67194881699993],[-70.0775823159999,-26.666576707999923],[-70.07916161599991,-26.664285135999933],[-70.07583838499994,-26.65791846299993],[-70.07982949099994,-26.651171307999903],[-70.07959993399993,-26.649164303999953],[-70.07558033599992,-26.64442343199994],[-70.06841404699992,-26.644333021999955],[-70.0554661669999,-26.63749073899993],[-70.04928514099993,-26.63350045699991],[-70.04404300599992,-26.627867116999937],[-70.04064618699994,-26.618849346999923],[-70.04378035199994,-26.61134653499994],[-70.03940210199994,-26.61050285099992],[-70.03419454699991,-26.604514466999944],[-70.03484982599991,-26.59966155299992],[-70.03113003099992,-26.59407299299994],[-70.03750727099992,-26.587815236999916],[-70.03415163799991,-26.57805755399994],[-70.03854862399993,-26.575380281999912],[-70.04022804399995,-26.570461175999924],[-70.0435985769999,-26.566184218999922],[-70.05848237599992,-26.559804302999908],[-70.05987326499991,-26.556715337999947],[-70.0624995899999,-26.555544678999922],[-70.07011763299994,-26.547615066999924],[-70.07241863399992,-26.54215826999996],[-70.0719499779999,-26.536216707999927],[-70.07884527399995,-26.52351163499992],[-70.07856143099991,-26.519550386999924],[-70.08418644599993,-26.514140453999914],[-70.0844055039999,-26.507746794999946],[-70.09173008199991,-26.506706856999926],[-70.09787929399994,-26.502077846999953],[-70.10434665999992,-26.50073690499994],[-70.10889038099992,-26.49536599499993],[-70.11150988299994,-26.48696743499994],[-70.11514012799995,-26.481820220999907],[-70.10444480299992,-26.46069590499991],[-70.14254178699991,-26.44244819499994],[-70.16847981599994,-26.436320507999937],[-70.2109901959999,-26.41181197499992],[-70.20594984599995,-26.397161272999938],[-70.19971989599992,-26.384479420999924],[-70.20259980599991,-26.36462937199991],[-70.18916835599993,-26.351555815999916],[-70.18916955399993,-26.331671095999923],[-70.16813990899993,-26.285199182999918],[-70.12745000099994,-26.268569214999957],[-70.10574000399993,-26.23336999499992],[-70.05103958699993,-26.20699131799995],[-70.03248992899995,-26.16454170199995],[-69.98657979899991,-26.164836532999914],[-69.98523999999992,-26.137659999999926],[-69.98138999999992,-26.127869999999916],[-69.97787999999991,-26.10525999999993],[-69.96867999999995,-26.066529999999943],[-69.95283999999992,-26.04230999999993],[-69.94348999999994,-26.00765999999993],[-69.93723999999992,-26.004149999999925],[-69.93411999999995,-25.99869999999993],[-69.92928999999992,-25.997319999999945],[-69.92753999999991,-25.99433999999991],[-69.92346999999995,-25.993229999999926],[-69.91814999999991,-25.988039999999955],[-69.91255999999993,-25.975969999999904],[-69.91442999999992,-25.97446999999994],[-69.9209699999999,-25.97655999999995],[-69.92899999999992,-25.98184999999995],[-69.93087999999995,-25.980649999999912],[-69.9304899999999,-25.978629999999953],[-69.92155999999994,-25.973479999999938],[-69.90868999999992,-25.969269999999938],[-69.90539999999993,-25.966749999999934],[-69.9003899999999,-25.96700999999996],[-69.89908999999994,-25.96571999999992]]]]}},{"type":"Feature","properties":{"cut":3202,"comuna":"DIEGO DE ALMAGRO"},"geometry":{"type":"Polygon","coordinates":[[[-68.55743434199991,-25.301547430999904],[-68.5676751119999,-25.29165826499991],[-68.57568667099991,-25.288374850999958],[-68.5788751469999,-25.285805032999917],[-68.58751259099995,-25.290076164999903],[-68.5864199479999,-25.294929991999936],[-68.5892376999999,-25.300664766999944],[-68.5953648119999,-25.302925254999934],[-68.59716702499992,-25.296636188999912],[-68.60032759499995,-25.293163853999943],[-68.60271393799991,-25.295730413999934],[-68.6102364429999,-25.29685762899993],[-68.61386512099995,-25.29971298299995],[-68.61475741899994,-25.30262782199992],[-68.61823666499993,-25.303212533999954],[-68.6224906679999,-25.30655393299992],[-68.63278183699992,-25.310301583999944],[-68.63623205599993,-25.31327590999996],[-68.64170481499991,-25.310539529999915],[-68.64908114499991,-25.303936525999916],[-68.6574092589999,-25.303520119999916],[-68.6615053779999,-25.30688562699993],[-68.66242328699991,-25.309967179999944],[-68.66586784299994,-25.313989875999937],[-68.67153995299992,-25.32565999299993],[-68.67093143799991,-25.32847193099991],[-68.67348429799995,-25.331518924999955],[-68.66828995199995,-25.345029992999912],[-68.66995608699995,-25.348375931999954],[-68.67382031799991,-25.349944025999946],[-68.67477237599991,-25.351904142999956],[-68.67415633899992,-25.357616484999937],[-68.67199672599992,-25.360622038999907],[-68.67508073699992,-25.36219313899994],[-68.68082073799991,-25.361480715999903],[-68.68223595899991,-25.369253719999904],[-68.68823995399993,-25.368709992999925],[-68.69062228999991,-25.366373039999928],[-68.6916293829999,-25.362712789999932],[-68.69347749399992,-25.36243277299991],[-68.69566162399991,-25.364224879999938],[-68.69857379899992,-25.364448892999917],[-68.70053391599993,-25.368425130999924],[-68.70685258599991,-25.372630881999953],[-68.71163276399994,-25.377742929999954],[-68.71483110699995,-25.378582312999924],[-68.7197103339999,-25.385828554999932],[-68.72502955199991,-25.39038722199996],[-68.73027316399993,-25.387959423999916],[-68.7352545949999,-25.383103683999934],[-68.7476426309999,-25.380794176999927],[-68.75019889099991,-25.38215619899995],[-68.75603241099992,-25.38991350899994],[-68.76461882599995,-25.396367683999927],[-68.78274464099991,-25.40292895899995],[-68.78957249399991,-25.39594550299995],[-68.79137820799991,-25.388655771999936],[-68.79363534799995,-25.386820524999905],[-68.8007424409999,-25.384726929999943],[-68.8027679189999,-25.381529730999944],[-68.80672314199995,-25.379085610999937],[-68.81857702899993,-25.37879797699992],[-68.81931995999992,-25.37140999399992],[-68.8221707379999,-25.370111568999903],[-68.82768003799993,-25.369690071999912],[-68.83714786099995,-25.37868210399995],[-68.8479182179999,-25.382921495999938],[-68.86633980699992,-25.379994867999926],[-68.88345851899993,-25.37388020599991],[-68.88433005399992,-25.375827227999935],[-68.88628543399994,-25.376533912999946],[-68.91341996299991,-25.375319994999927],[-68.9167982809999,-25.375698494999938],[-68.92472369599994,-25.382978369999933],[-68.93733519099993,-25.383880605999934],[-68.94509366199992,-25.386867731999928],[-68.94993636099991,-25.385170916999925],[-68.95288074399991,-25.387869209999906],[-68.96116146199995,-25.390345191999927],[-68.96320981499991,-25.385024104999957],[-68.96837876199993,-25.383159705999958],[-68.97088996499991,-25.377909994999925],[-68.98521996699992,-25.37565999499992],[-68.9877243599999,-25.37722684499994],[-68.9886299659999,-25.380159998999943],[-68.98730711999991,-25.384106299999928],[-68.9869592739999,-25.393114812999954],[-68.99078557099995,-25.405683706999923],[-68.99565540299994,-25.410606166999912],[-69.00330799699992,-25.41311968699995],[-69.02174378899991,-25.426733671999955],[-69.02986017599994,-25.43720492199992],[-69.03586104199991,-25.442261694999956],[-69.03404845299991,-25.446592419999945],[-69.0233759589999,-25.444835757999954],[-69.0168717599999,-25.447988221999935],[-69.01348013199993,-25.452154608999933],[-69.00179673199995,-25.461311662999947],[-69.00460240099994,-25.476853201999916],[-68.99747472299993,-25.486721191999948],[-68.99400837399992,-25.496532862999914],[-68.99473001399991,-25.507355783999913],[-68.99724731099991,-25.50776779699993],[-69.00434515699993,-25.503535971999952],[-69.00970973699992,-25.50357316399993],[-69.01602370299992,-25.505669775999934],[-69.02246224999993,-25.51072460499995],[-69.02642530199995,-25.516566050999927],[-69.0289055419999,-25.532893714999943],[-69.0371811569999,-25.532554581999932],[-69.04213482699993,-25.534163560999957],[-69.05142609399991,-25.54371015499993],[-69.0539894609999,-25.552697043999956],[-69.05442847899991,-25.564980204999927],[-69.05730011599991,-25.569585349999954],[-69.0679992609999,-25.579167732999906],[-69.07068393399993,-25.580439720999948],[-69.08141932199993,-25.57953536699995],[-69.08275126599995,-25.57994655899995],[-69.08481999499992,-25.58411000299992],[-69.07931385299992,-25.586300942999912],[-69.07420238999993,-25.584652559999938],[-69.07052998199993,-25.585813018999943],[-69.06677881999991,-25.60614274699992],[-69.0611299649999,-25.613594476999936],[-69.05878269199991,-25.622253008999905],[-69.05399962299992,-25.631250287999933],[-69.05067003599993,-25.63481858399996],[-69.05578297699992,-25.646427160999906],[-69.0600305719999,-25.66539960399996],[-69.07045909099992,-25.679554828999926],[-69.0708360239999,-25.69274598499993],[-69.07366303099991,-25.69687853599993],[-69.08270945699991,-25.70435072899994],[-69.08828999999992,-25.707319999999925],[-69.09580999999991,-25.721619999999916],[-69.0903035469999,-25.724085605999903],[-69.0814733229999,-25.722659494999903],[-69.07395201999992,-25.726180042999943],[-69.06744240799992,-25.726459297999952],[-69.06004999799995,-25.724759999999947],[-69.0582204559999,-25.727646126999957],[-69.05984785899994,-25.730648051999935],[-69.07061971899992,-25.74028162499991],[-69.0801337389999,-25.744420850999916],[-69.0790657579999,-25.75387044999991],[-69.09722143199991,-25.784703732999958],[-69.09429687699992,-25.793222493999906],[-69.09823999999992,-25.801759999999945],[-69.1059188989999,-25.803226226999925],[-69.11146999899995,-25.802379999999914],[-69.11410695399991,-25.807098862999908],[-69.1237930019999,-25.808681254999954],[-69.1321980909999,-25.814181790999953],[-69.14431466099995,-25.819327573999942],[-69.14897409399993,-25.820314460999953],[-69.1695304129999,-25.816037887999926],[-69.19616999899995,-25.829310000999953],[-69.2018723569999,-25.83355440899993],[-69.2056418379999,-25.83449898899994],[-69.21266882299994,-25.83324765699996],[-69.22128566499993,-25.834243273999903],[-69.22373354899992,-25.83679953399991],[-69.23080168999991,-25.839619984999956],[-69.23454999899991,-25.84430999999995],[-69.24343999999991,-25.84597999999994],[-69.24271121499993,-25.852827272999946],[-69.2463244619999,-25.858794520999936],[-69.25156268499995,-25.86262553499995],[-69.25541857499991,-25.861455167999907],[-69.26078999999993,-25.864469999999926],[-69.26361080599992,-25.863224759999923],[-69.26505795999992,-25.85852880099992],[-69.2732872919999,-25.85781536399992],[-69.27865067199991,-25.859822133999955],[-69.28037178099993,-25.862495176999914],[-69.28380525199992,-25.864078803999917],[-69.28496910799993,-25.866714087999924],[-69.29947005199995,-25.868856670999946],[-69.31228243699991,-25.868054253999958],[-69.3171299999999,-25.86539999999991],[-69.32427790499992,-25.864769788999922],[-69.33144220399993,-25.866460263999954],[-69.34083140999991,-25.86651609599994],[-69.34461135099991,-25.868989577999912],[-69.35124977499993,-25.86664640999993],[-69.36698216099995,-25.87995038799994],[-69.3802749489999,-25.88022646099995],[-69.3844799979999,-25.879099999999937],[-69.3968783489999,-25.870368781999957],[-69.42018894799992,-25.86074207599995],[-69.4269040069999,-25.85641708399993],[-69.42851113799992,-25.856295987999943],[-69.43165197499991,-25.859447856999907],[-69.43906910599992,-25.859638943999926],[-69.44164816999995,-25.86149291499993],[-69.44182599499993,-25.863199014999907],[-69.4402250899999,-25.870806194999943],[-69.44169575399991,-25.874292579999917],[-69.44539487599991,-25.877461827999923],[-69.44533327599993,-25.883900697999934],[-69.45032563399991,-25.88877247399995],[-69.45176032899991,-25.893936393999923],[-69.45808763699995,-25.897291025999948],[-69.4645829769999,-25.896921281999937],[-69.46652482499991,-25.894549037999923],[-69.46774740599994,-25.894661459999952],[-69.46823410299993,-25.898461022999925],[-69.47471195999992,-25.90443255899993],[-69.47673643599995,-25.91196998299995],[-69.49464229299991,-25.911968174999913],[-69.50265291799991,-25.914791455999932],[-69.50299005199992,-25.948715655999933],[-69.50987999999995,-25.949929999999938],[-69.51771999999994,-25.949709999999925],[-69.52386999999993,-25.951529999999934],[-69.52987999999993,-25.947889999999916],[-69.53475999999995,-25.947859999999935],[-69.54054999999994,-25.945329999999956],[-69.55750999999992,-25.942289999999957],[-69.56340999999992,-25.943329999999946],[-69.5884299999999,-25.94226999999995],[-69.6024799999999,-25.944369999999935],[-69.6133299999999,-25.94181999999995],[-69.61930999999993,-25.943149999999946],[-69.63211999899994,-25.940869999999904],[-69.64916999999991,-25.94199999999995],[-69.65841999999992,-25.944629999999904],[-69.66485999999992,-25.942599999999914],[-69.67362999999995,-25.943259999999952],[-69.68052999999992,-25.939959999999928],[-69.68724999999995,-25.939749999999947],[-69.6944499999999,-25.935979999999915],[-69.70225999999991,-25.934589999999957],[-69.71241999999995,-25.930059999999912],[-69.71823999999992,-25.924249999999915],[-69.72931999999992,-25.91963999999996],[-69.73851999999994,-25.919679999999914],[-69.7431699999999,-25.92092999999994],[-69.75654999999995,-25.917359999999917],[-69.76147999999995,-25.917389999999955],[-69.77508999999992,-25.921919999999943],[-69.79010999999991,-25.923139999999933],[-69.79542999999995,-25.926219999999944],[-69.80330999999995,-25.92515999999995],[-69.80863999999991,-25.926579999999944],[-69.81831999999991,-25.92459999999994],[-69.82544999999993,-25.927509999999927],[-69.83656999999994,-25.93912999999992],[-69.84250999999995,-25.94211999999993],[-69.84912999999995,-25.942839999999933],[-69.85410166899993,-25.946836809999922],[-69.86784171699992,-25.923844851999945],[-69.88155999999992,-25.914259999999956],[-69.89213999999993,-25.940669999999955],[-69.89781999999991,-25.94724999999994],[-69.90000999999995,-25.953149999999937],[-69.8993099999999,-25.966299999999933],[-69.90539999999993,-25.966749999999934],[-69.90868999999992,-25.969269999999938],[-69.92244999999991,-25.97386999999992],[-69.9308299999999,-25.979109999999935],[-69.93061999999992,-25.98112999999995],[-69.92899999999992,-25.98184999999995],[-69.9209699999999,-25.97655999999995],[-69.91442999999992,-25.97446999999994],[-69.91255999999993,-25.975969999999904],[-69.91814999999991,-25.988039999999955],[-69.92346999999995,-25.993229999999926],[-69.92753999999991,-25.99433999999991],[-69.92928999999992,-25.997319999999945],[-69.93411999999995,-25.99869999999993],[-69.93723999999992,-26.004149999999925],[-69.94348999999994,-26.00765999999993],[-69.95283999999992,-26.04230999999993],[-69.9681599999999,-26.064839999999947],[-69.97787999999991,-26.10525999999993],[-69.98138999999992,-26.127869999999916],[-69.98523999999992,-26.137659999999926],[-69.98657979899991,-26.164836532999914],[-70.03248992899995,-26.16454170199995],[-70.05103958699993,-26.20699131799995],[-70.10574000399993,-26.23336999499992],[-70.12745000099994,-26.268569214999957],[-70.16813990899993,-26.285199182999918],[-70.18916955399993,-26.331671095999923],[-70.18916835599993,-26.351555815999916],[-70.20259980599991,-26.36462937199991],[-70.19971989599992,-26.384479420999924],[-70.20594984599995,-26.397161272999938],[-70.2109901959999,-26.41181197499992],[-70.16847981599994,-26.436320507999937],[-70.14254178699991,-26.44244819499994],[-70.10444480299992,-26.46069590499991],[-70.11514012799995,-26.481820220999907],[-70.11150988299994,-26.48696743499994],[-70.10889038099992,-26.49536599499993],[-70.10434665999992,-26.50073690499994],[-70.09787929399994,-26.502077846999953],[-70.09173008199991,-26.506706856999926],[-70.0844055039999,-26.507746794999946],[-70.08418644599993,-26.514140453999914],[-70.07856143099991,-26.519550386999924],[-70.07884527399995,-26.52351163499992],[-70.0719499779999,-26.536216707999927],[-70.07241863399992,-26.54215826999996],[-70.07011763299994,-26.547615066999924],[-70.0624995899999,-26.555544678999922],[-70.05987326499991,-26.556715337999947],[-70.05848237599992,-26.559804302999908],[-70.0435985769999,-26.566184218999922],[-70.04022804399995,-26.570461175999924],[-70.03854862399993,-26.575380281999912],[-70.03415163799991,-26.57805755399994],[-70.03750727099992,-26.587815236999916],[-70.03113003099992,-26.59407299299994],[-70.03484982599991,-26.59966155299992],[-70.03419454699991,-26.604514466999944],[-70.03940210199994,-26.61050285099992],[-70.04378035199994,-26.61134653499994],[-70.04064618699994,-26.618849346999923],[-70.04404300599992,-26.627867116999937],[-70.04928514099993,-26.63350045699991],[-70.0554661669999,-26.63749073899993],[-70.06841404699992,-26.644333021999955],[-70.07558033599992,-26.64442343199994],[-70.07959993399993,-26.649164303999953],[-70.07982949099994,-26.651171307999903],[-70.07583838499994,-26.65791846299993],[-70.07916161599991,-26.664285135999933],[-70.0775823159999,-26.666576707999923],[-70.07752759899995,-26.67194881699993],[-70.07509258499994,-26.67516319799995],[-70.07645589999993,-26.683630208999944],[-70.07396650899994,-26.684321645999944],[-70.07051731199994,-26.683300433999932],[-70.06693331499991,-26.685706297999957],[-70.06108007799992,-26.686395659999903],[-70.06143048899992,-26.69353875099995],[-70.06888157799995,-26.704497056999912],[-70.07504032599991,-26.70621100799991],[-70.07525492499991,-26.710831724999935],[-70.08013089399992,-26.719642133999912],[-70.08195907699991,-26.726426276999916],[-70.08662257299994,-26.729247983999926],[-70.08757731399993,-26.73412930899991],[-70.08610788099992,-26.73810835799992],[-70.09466734699993,-26.759298805999947],[-70.09352276099992,-26.76609211899995],[-70.09520915799993,-26.77076909199991],[-70.09872367699995,-26.772335306999935],[-70.09970768199992,-26.775816952999946],[-70.09645704399992,-26.779254688999913],[-70.09503417499991,-26.78686266099993],[-70.09278290099991,-26.788085270999943],[-70.09037994899995,-26.786171821999915],[-70.08769778999994,-26.78803413499992],[-70.08171159499994,-26.786242801999947],[-70.07478810799995,-26.785975015999952],[-70.07303152399993,-26.787577247999934],[-70.0661593449999,-26.78735830699992],[-70.0631988259999,-26.78958789099994],[-70.05914380199994,-26.79031793899992],[-70.05336345199993,-26.786718269999938],[-70.04370817499995,-26.793998577999957],[-70.0423184679999,-26.797967575999905],[-70.03839985299993,-26.79946792499993],[-70.03416771099995,-26.80454101999993],[-70.02857072099994,-26.80687038499991],[-70.02449613999994,-26.810312505999946],[-70.02316385499995,-26.82560197899994],[-70.02590782399994,-26.827906808999956],[-70.02708343099994,-26.833640053999943],[-70.02990857299994,-26.835361906999935],[-70.04193156799994,-26.835973527999954],[-70.04132393599991,-26.840437790999943],[-70.03904159799993,-26.84377684699996],[-70.03270406299993,-26.84522945099991],[-70.0195370589999,-26.845766676999915],[-70.0052854349999,-26.848960572999943],[-70.00137285099993,-26.84861077499994],[-69.98935657299995,-26.843792366999935],[-69.98510240099995,-26.843620089999945],[-69.97505999999993,-26.85540999999995],[-69.96981224599995,-26.854075348999913],[-69.96704999999992,-26.85101999999995],[-69.96680037699991,-26.845165186999907],[-69.9648374489999,-26.842155362999904],[-69.95918421399995,-26.84283584499991],[-69.94191210199995,-26.85702415299994],[-69.94103459099995,-26.86009151399992],[-69.9425081569999,-26.864630822999914],[-69.9407645679999,-26.865545984999926],[-69.94044054099993,-26.86754415799993],[-69.9403865349999,-26.86981235399992],[-69.94270873699992,-26.87337666199994],[-69.94926488099992,-26.878430286999958],[-69.95096608499995,-26.883717107999928],[-69.94991733299992,-26.88758530499996],[-69.95075670499995,-26.89308682199993],[-69.9522223589999,-26.896646265999948],[-69.9577275339999,-26.902763018999906],[-69.9521460709999,-26.905450944999927],[-69.9470362639999,-26.90565094099992],[-69.93679425199991,-26.903345128999945],[-69.91733345299991,-26.903279633999944],[-69.91564707099991,-26.90798363999994],[-69.90728794299991,-26.917754997999907],[-69.9007679369999,-26.91884578899993],[-69.88924455599994,-26.91811826199995],[-69.87609038699992,-26.921540877999917],[-69.87641812699991,-26.916127994999954],[-69.88153400599992,-26.90869763799992],[-69.8802732179999,-26.90495103199993],[-69.87575284699994,-26.901749182999936],[-69.87506142599995,-26.899931443999947],[-69.8752434829999,-26.891593163999914],[-69.87335634699991,-26.88641482199995],[-69.86697465599991,-26.881236488999946],[-69.8639510619999,-26.880371597999954],[-69.8593446989999,-26.88189044199993],[-69.85663190299994,-26.881409995999945],[-69.82534046199993,-26.862685594999903],[-69.80579847299992,-26.858905759999914],[-69.79565471599994,-26.852061470999956],[-69.7850675709999,-26.852148248999924],[-69.77434431499995,-26.850330095999936],[-69.76818969899995,-26.85047408999992],[-69.7634685829999,-26.853260364999926],[-69.75779887199991,-26.852297007999937],[-69.75485894099995,-26.83596929899994],[-69.7497957999999,-26.833511574999932],[-69.74681901499991,-26.83007641499995],[-69.74406008299991,-26.82227809299991],[-69.73874589999991,-26.818937843999947],[-69.73700678999995,-26.816462250999905],[-69.7366061699999,-26.81160544599993],[-69.73994461399991,-26.804520554999954],[-69.73750354299995,-26.798128379999923],[-69.73479071199995,-26.79725904399993],[-69.73165822599992,-26.798103486999935],[-69.72155883999994,-26.806437537999955],[-69.70975405999991,-26.807960403999914],[-69.6904525189999,-26.821417882999924],[-69.65618895299991,-26.83466687899994],[-69.6543609599999,-26.837877816999935],[-69.65387140899992,-26.849088732999917],[-69.6557481179999,-26.854297851999945],[-69.65508720399993,-26.85711687999992],[-69.65695437799991,-26.860641966999935],[-69.65550078899992,-26.864789828999903],[-69.6586149179999,-26.870987018999926],[-69.65869536199995,-26.87424431799991],[-69.65589286399995,-26.879392321999944],[-69.65548368399993,-26.883176428999946],[-69.64151720299992,-26.885117829999956],[-69.63764949299991,-26.88717828399996],[-69.62616527599994,-26.881570122999904],[-69.6226532259999,-26.88114392199992],[-69.6196160149999,-26.877457868999954],[-69.61826176799991,-26.877519014999905],[-69.61219812999991,-26.88345341899992],[-69.61308012399991,-26.88714899599995],[-69.6011123099999,-26.89465444399991],[-69.59267111499992,-26.893779061999908],[-69.58705511199992,-26.891428263999956],[-69.58232094599992,-26.892883450999932],[-69.58005549299992,-26.89543266499993],[-69.57233678099993,-26.891267798999934],[-69.56762178899993,-26.88427449099993],[-69.5653904529999,-26.868961187999957],[-69.56782635799993,-26.863595534999945],[-69.56851420099991,-26.853405520999956],[-69.56789597399995,-26.840542787999937],[-69.56578307599995,-26.83649290799991],[-69.56674696699992,-26.83229266199993],[-69.54936331399995,-26.813891536999904],[-69.54712175199995,-26.80843384499991],[-69.5473518519999,-26.805092387999935],[-69.54397170599992,-26.793068322999943],[-69.5382408449999,-26.791185259999907],[-69.5352041239999,-26.786503394999954],[-69.53208476999993,-26.777238820999912],[-69.52781034899994,-26.770822106999958],[-69.52047662799993,-26.767867547999913],[-69.51824013999993,-26.763016698999934],[-69.51939175099994,-26.759257764999916],[-69.51695000599995,-26.757520016999933],[-69.51185362399991,-26.748324684999943],[-69.5134692119999,-26.744803658999956],[-69.51179723099995,-26.735728801999926],[-69.5075333719999,-26.73061779899996],[-69.50460565499992,-26.723268298999926],[-69.50010305899991,-26.71932963899991],[-69.49504009099991,-26.717736257999945],[-69.48969628099991,-26.70764857499995],[-69.4853690619999,-26.706345231999933],[-69.47032369399994,-26.706066328999952],[-69.46283155099991,-26.708434436999937],[-69.44601895799991,-26.704606867999928],[-69.44317191199991,-26.706373397999926],[-69.4424547509999,-26.710696432999953],[-69.44131597499995,-26.71143231399992],[-69.43526171499991,-26.70617817199991],[-69.43098597699992,-26.707546045999948],[-69.42397129999995,-26.70698129999994],[-69.41156582399992,-26.703868746999945],[-69.4097654279999,-26.702043102999937],[-69.40810937799995,-26.69494415999992],[-69.40492289999992,-26.69304919399991],[-69.39921396099993,-26.692552718999934],[-69.39488249699991,-26.689562224999918],[-69.3904053999999,-26.679651342999932],[-69.3863147749999,-26.67534169299995],[-69.38800559499992,-26.669112149999933],[-69.36422741099994,-26.66386557699991],[-69.35633546499992,-26.668572609999956],[-69.34387637099991,-26.672777690999908],[-69.3383269549999,-26.670667205999905],[-69.32858890299991,-26.67175196599993],[-69.3115293109999,-26.663441613999908],[-69.30785937499991,-26.662717263999923],[-69.29564607999993,-26.667869647999908],[-69.28716846299994,-26.66781379799994],[-69.28265897999995,-26.673718256999905],[-69.2798101379999,-26.675481538999918],[-69.27605760499995,-26.674390357999926],[-69.27352458999991,-26.671905264999907],[-69.26138092199994,-26.672953415999928],[-69.26189612499991,-26.684377129999916],[-69.25929120599994,-26.70411870399994],[-69.26011708699991,-26.70873097799995],[-69.25724938399992,-26.72078330399995],[-69.24970328299992,-26.738299837999932],[-69.24147256599991,-26.741756107999947],[-69.23258335199995,-26.74253992699994],[-69.2267693899999,-26.74139590099992],[-69.22024787499993,-26.743383509999944],[-69.20973764999991,-26.750280560999954],[-69.2057482909999,-26.754979875999936],[-69.2048922379999,-26.757797214999925],[-69.20393407499995,-26.77234842599995],[-69.19675060799995,-26.780475553999906],[-69.19534601899994,-26.786551414999906],[-69.1900505989999,-26.783963397999912],[-69.18431950099995,-26.778117918999953],[-69.17939643699992,-26.777185539999948],[-69.17429061899992,-26.777385169999945],[-69.15910513999995,-26.784470877999922],[-69.13923738299991,-26.78802572199993],[-69.13671414799995,-26.78744839299992],[-69.12390326299993,-26.774870569999905],[-69.11190651099992,-26.774190332999922],[-69.10267617999995,-26.77127078399991],[-69.09314302799993,-26.773596513999905],[-69.05586411999991,-26.775327858999958],[-69.05026728199994,-26.778422144999922],[-69.03950173499993,-26.779916432999926],[-69.0250451519999,-26.783978222999906],[-69.0248003769999,-26.790052201999913],[-69.02880223799991,-26.800459944999943],[-69.01538813999991,-26.799965079999936],[-69.00732761199993,-26.80250573299992],[-69.00425107399991,-26.80603977699991],[-69.00406661099993,-26.809960218999947],[-68.98374851799991,-26.814284823999913],[-68.9715134679999,-26.82128833699994],[-68.96732840299995,-26.822404858999903],[-68.95722759199992,-26.823796843999958],[-68.94502333699995,-26.822435791999908],[-68.93394456599992,-26.81836215499993],[-68.92439102999992,-26.81302740399991],[-68.91882903899995,-26.811718699999915],[-68.9163900929999,-26.81329509299991],[-68.91296961699993,-26.82123654399993],[-68.89752230399995,-26.825687719999905],[-68.88967171999991,-26.82691155899994],[-68.88163538399994,-26.825679516999912],[-68.87294526799991,-26.828385725999908],[-68.87045023999991,-26.828067356999952],[-68.86699415699991,-26.823857218999933],[-68.8637265879999,-26.82247478499994],[-68.85409877799992,-26.823996718999922],[-68.85350391199995,-26.825364908999916],[-68.85629977899993,-26.829291019999914],[-68.85649999999993,-26.83248999999995],[-68.85269999999991,-26.83779999999996],[-68.85165982899991,-26.84208062299996],[-68.85255212699991,-26.848683626999957],[-68.85686826299991,-26.85972136999993],[-68.85440358099993,-26.861375360999943],[-68.8496007789999,-26.861922500999924],[-68.8420927379999,-26.859816071999944],[-68.83581064099991,-26.861575858999913],[-68.83482656599995,-26.86091210999996],[-68.8331231539999,-26.849705738999944],[-68.83453135299993,-26.844750966999925],[-68.83411410899993,-26.840578526999934],[-68.83035891199995,-26.836666863999938],[-68.8287999989999,-26.82866999999993],[-68.82013999999992,-26.81702999999993],[-68.81988883999992,-26.80777503999991],[-68.81033119999995,-26.79770670599993],[-68.80554999999993,-26.783639999999934],[-68.80854999999991,-26.782389999999907],[-68.8061587599999,-26.777574682999955],[-68.8076999999999,-26.771499999999946],[-68.80621091699993,-26.768343159999915],[-68.80078674499993,-26.766100473999927],[-68.79791819199994,-26.765891851999925],[-68.7888299999999,-26.768799999999942],[-68.78357542999993,-26.774184575999925],[-68.77309217499993,-26.779713058999903],[-68.7459713149999,-26.78185143399992],[-68.73673978999994,-26.787640694999936],[-68.73293243899991,-26.79202175699993],[-68.73574999899995,-26.803279999999916],[-68.71055772999995,-26.798228260999906],[-68.69956855499993,-26.791116158999955],[-68.69268623199991,-26.787898799999937],[-68.68887125499992,-26.788056120999954],[-68.6846820849999,-26.790034671999933],[-68.67386170299994,-26.790885404999926],[-68.66172645299991,-26.799023160999923],[-68.65901386799993,-26.80530493899994],[-68.65665820099991,-26.80716091799991],[-68.6456650909999,-26.812514704999955],[-68.64284999999995,-26.812499999999943],[-68.64013218999992,-26.810797289999925],[-68.6311663809999,-26.802231229999904],[-68.6203714209999,-26.80743455599992],[-68.61763504099991,-26.806899176999934],[-68.6153269639999,-26.798951777999946],[-68.61865041599992,-26.792794287999925],[-68.61380012299992,-26.79132120299994],[-68.60152040799994,-26.783916924999914],[-68.60152966299995,-26.781266540999923],[-68.59649668299994,-26.769963160999907],[-68.59375554299993,-26.768192841999905],[-68.5915283679999,-26.76448088299992],[-68.58804483699993,-26.76356716999993],[-68.58044959799992,-26.764423775999944],[-68.5760523539999,-26.76910655499995],[-68.57472999999993,-26.774039999999957],[-68.55595066599994,-26.78423992699993],[-68.54955467499991,-26.785039425999912],[-68.54595999999992,-26.78251999999992],[-68.5433300059999,-26.782298286999946],[-68.52939333099994,-26.785447087999955],[-68.5215442619999,-26.791099913999915],[-68.51401579999992,-26.798897009999905],[-68.50830509299993,-26.801181292999956],[-68.50603999999993,-26.80770999999993],[-68.50268956499991,-26.80953320099991],[-68.47351737199995,-26.806535079999946],[-68.4677471789999,-26.807308404999958],[-68.46514999999994,-26.80928999999992],[-68.4615605809999,-26.809866325999906],[-68.45245999999992,-26.80257999999992],[-68.44532551899994,-26.801678599999946],[-68.43236370199992,-26.802582917999928],[-68.42518999999993,-26.79490999999996],[-68.40978801999995,-26.796405266999955],[-68.3976199999999,-26.79475999999994],[-68.3847140229999,-26.79961230799995],[-68.36945801899992,-26.799507503999905],[-68.36690701799995,-26.796761313999923],[-68.43732777799994,-26.70206111099992],[-68.58768943799993,-26.492085983999914],[-68.56553055599994,-26.31878611099995],[-68.55744096399991,-26.28649999499993],[-68.51521666699995,-26.25953611099993],[-68.38106511899991,-26.177901455999915],[-68.40421111099994,-26.06587222199994],[-68.4198277779999,-25.976549999999918],[-68.44026944399991,-25.892797221999956],[-68.47851562499994,-25.705993651999904],[-68.47680664099994,-25.70251464799992],[-68.4796752929999,-25.698974608999947],[-68.48400878899992,-25.699523925999927],[-68.4918823239999,-25.686096190999933],[-68.4918823239999,-25.681579589999956],[-68.49468994099993,-25.678405761999954],[-68.4982299799999,-25.678894042999957],[-68.49987792899992,-25.672790526999904],[-68.50622558599991,-25.670593261999954],[-68.51147460999994,-25.672180175999927],[-68.51489257899993,-25.66552734399994],[-68.51611328099995,-25.659729003999928],[-68.52209472599992,-25.650695800999927],[-68.5241088869999,-25.643798827999944],[-68.5394897459999,-25.640075682999907],[-68.54467773399995,-25.633789062999938],[-68.54620361299993,-25.629394530999946],[-68.54522705099993,-25.617309570999907],[-68.5390014649999,-25.61279296899994],[-68.53857421899994,-25.611083983999947],[-68.54089355399992,-25.605590820999907],[-68.54162597699991,-25.598876952999944],[-68.5407104489999,-25.596801757999913],[-68.53338623099995,-25.58868408199993],[-68.53198242099995,-25.581298827999944],[-68.52929687499994,-25.579284667999957],[-68.51489257899993,-25.574584960999914],[-68.52551269499992,-25.56701660099992],[-68.52551269499992,-25.557678222999925],[-68.53790283199993,-25.55371093699995],[-68.54321289099994,-25.548583983999947],[-68.53961181599993,-25.547424316999923],[-68.5372924799999,-25.54302978499993],[-68.5433959959999,-25.535278319999918],[-68.54357910199991,-25.530395507999913],[-68.54791259799993,-25.526916503999928],[-68.54760742199994,-25.525512695999907],[-68.5429077149999,-25.523193358999947],[-68.5386962899999,-25.509094237999932],[-68.54107665999993,-25.507019042999957],[-68.54321289099994,-25.50860595699993],[-68.54498290999993,-25.508483886999954],[-68.54687499999994,-25.506408690999933],[-68.5512084959999,-25.50677490299995],[-68.55419921799995,-25.504211425999927],[-68.56237792999991,-25.505798339999956],[-68.56652831999992,-25.499694823999903],[-68.5726928709999,-25.494506835999914],[-68.57330322299993,-25.490417479999905],[-68.57019042999991,-25.481018065999933],[-68.57757568399995,-25.477478026999904],[-68.5753784179999,-25.473510741999917],[-68.57598876999992,-25.468505858999947],[-68.58081054699994,-25.463989257999913],[-68.5805053709999,-25.460388182999907],[-68.58227539099994,-25.45440673899992],[-68.58850097599992,-25.45019531199995],[-68.5888061519999,-25.447998045999952],[-68.58697509799993,-25.443908691999923],[-68.5844116209999,-25.44219970699993],[-68.58758544999995,-25.438903808999953],[-68.58648681599993,-25.427612303999922],[-68.59039306599993,-25.41448974599996],[-68.58599853599992,-25.41400146399991],[-68.5778198239999,-25.41931152299992],[-68.57049560599995,-25.417724608999947],[-68.57092285199991,-25.41448974599996],[-68.5665893549999,-25.409729003999928],[-68.56329345699993,-25.407287596999936],[-68.55682373099995,-25.40649414099994],[-68.55468749999994,-25.401794433999953],[-68.54931640599995,-25.399291991999917],[-68.54827880899995,-25.39471435599995],[-68.55181884799993,-25.39349365299995],[-68.54309081999992,-25.383300781999935],[-68.53460693399995,-25.378112792999957],[-68.52917480499991,-25.381713867999906],[-68.52429199199992,-25.378906249999943],[-68.5233764649999,-25.377075194999918],[-68.52301025399993,-25.37487792999991],[-68.52838134799993,-25.37011718699995],[-68.52508544999995,-25.366882323999903],[-68.52490234399994,-25.364929198999903],[-68.52691650299994,-25.36279296899994],[-68.52447509799993,-25.359680175999927],[-68.52722167899992,-25.35198974599996],[-68.52532958899991,-25.349182128999928],[-68.52081298799993,-25.34790038999995],[-68.51928710899995,-25.343688964999956],[-68.51892089799992,-25.339782714999956],[-68.52178954999994,-25.336791991999917],[-68.52050781199995,-25.335205077999944],[-68.52209472599992,-25.33221435599995],[-68.52130126999992,-25.32958984299995],[-68.52508544999995,-25.32678222699991],[-68.53021240299995,-25.320129394999924],[-68.53179931699992,-25.319274901999904],[-68.5358276369999,-25.320983885999908],[-68.54400634699994,-25.31378173899992],[-68.5438842769999,-25.306091307999907],[-68.54555456499992,-25.298677734999956],[-68.55230786099992,-25.30147390299993],[-68.55743434199991,-25.301547430999904]]]}},{"type":"Feature","properties":{"cut":3301,"comuna":"VALLENAR"},"geometry":{"type":"Polygon","coordinates":[[[-70.72983001299991,-28.025449972999922],[-70.73444999999992,-28.014629999999954],[-70.74102999999991,-28.010069999999928],[-70.77035998499991,-28.061520018999943],[-70.77427038499991,-28.33833143499993],[-70.77724900899995,-28.340643520999947],[-70.78553093199992,-28.338130329999956],[-70.79136347399992,-28.329246015999956],[-70.7985049479999,-28.331096803999912],[-70.80221217999991,-28.32179647299995],[-70.81034993599991,-28.323438300999953],[-70.81462624199992,-28.327395313999943],[-70.81427703899993,-28.33083076099996],[-70.81698925199993,-28.342784466999944],[-70.8148937059999,-28.34611955999992],[-70.81756288499992,-28.363161084999945],[-70.81967024599993,-28.368474547999938],[-70.81418766399992,-28.373879209999927],[-70.81222963599993,-28.380883841999946],[-70.81679362799991,-28.384713993999924],[-70.81745967799992,-28.387887004999925],[-70.82035437099995,-28.39149123699991],[-70.82725963399992,-28.387735854999903],[-70.83015489499991,-28.387396337999917],[-70.8328178029999,-28.39331340399991],[-70.8373965639999,-28.39267045999992],[-70.83815056799995,-28.39466210599994],[-70.84073442899995,-28.39465727599992],[-70.84192306699993,-28.399822383999947],[-70.8439653129999,-28.40125790399992],[-70.84549974999993,-28.406087576999937],[-70.84480291099993,-28.40904337099994],[-70.84136988999995,-28.413053387999923],[-70.83899278399991,-28.421112828999924],[-70.83971501899993,-28.42878963499993],[-70.84373736099991,-28.434384865999903],[-70.84344604699993,-28.437199861999943],[-70.84047378699995,-28.439715425999907],[-70.83819935299994,-28.446858982999913],[-70.84399406199992,-28.448203623999916],[-70.84634414299995,-28.450331389999917],[-70.85136225899993,-28.450691607999943],[-70.85250957799991,-28.452111568999953],[-70.8516879039999,-28.454412674999958],[-70.8564854949999,-28.45706685999994],[-70.86410682999991,-28.468111505999957],[-70.86900368899995,-28.46507668399994],[-70.88410090999992,-28.465480116999913],[-70.88578130699995,-28.46933099699993],[-70.8856053689999,-28.47313274299995],[-70.88772618299993,-28.474853981999956],[-70.8875405679999,-28.477012221999928],[-70.89043318699993,-28.482757025999945],[-70.89462410399994,-28.484006699999952],[-70.89530336799993,-28.488363397999933],[-70.89817162999992,-28.489166698999952],[-70.90004765399993,-28.49167046799994],[-70.90002151899995,-28.49782368399991],[-70.9041917859999,-28.50113861199992],[-70.9049690729999,-28.508276621999926],[-70.91150925999995,-28.509147955999936],[-70.91337120999992,-28.511764178999954],[-70.91402767699992,-28.51610847099994],[-70.91154366499995,-28.528706581999927],[-70.9179737959999,-28.530341579999913],[-70.91483610699993,-28.535727623999946],[-70.91925851899992,-28.546221184999922],[-70.91815498199992,-28.54971211299994],[-70.92122301299992,-28.553364675999944],[-70.9244653209999,-28.55372748499991],[-70.92148419299991,-28.55815356399995],[-70.92353809499991,-28.560153150999952],[-70.92344332899995,-28.565125095999917],[-70.91936247799993,-28.572284363999927],[-70.9195794709999,-28.57792632999991],[-70.92763934599992,-28.583559228999945],[-70.93533596099991,-28.58488237499995],[-70.93680453899992,-28.58907794399994],[-70.93624415199992,-28.591216802999952],[-70.93990153699991,-28.596065163999924],[-70.93725942999993,-28.605639609999912],[-70.94177266399993,-28.608212504999926],[-70.94366778999995,-28.61369262599993],[-70.94359444399993,-28.617122819999906],[-70.9407447719999,-28.62337224299995],[-70.94157848599991,-28.62786937699991],[-70.94346921899995,-28.63044316299994],[-70.9473146169999,-28.644316357999912],[-70.95445530799992,-28.649467961999903],[-70.9558023749999,-28.654640577999942],[-70.96154507099993,-28.661638232999906],[-70.96125602399991,-28.663536063999913],[-70.96306883299991,-28.666184872999906],[-70.96903441199993,-28.66694151999991],[-70.97286924499991,-28.66527762599992],[-70.97705862099991,-28.667045060999953],[-70.98344906699992,-28.665488731999915],[-70.9858362089999,-28.66273456899995],[-70.99016331599995,-28.66094358199996],[-70.99297791799995,-28.661203346999912],[-70.99901918899991,-28.655931953999925],[-71.00212394399995,-28.643744531999914],[-71.00361726699992,-28.642446229999905],[-71.01562955399993,-28.646277864999945],[-71.02486927799993,-28.657056629999943],[-71.03487831899992,-28.65049167199993],[-71.03591114699992,-28.646896538999954],[-71.04864392399992,-28.65459080599993],[-71.05942782399995,-28.65592762299991],[-71.07168201699994,-28.661949887999924],[-71.0752297219999,-28.66138778699991],[-71.08096312799995,-28.665500361999932],[-71.08351260199993,-28.67003100699992],[-71.0871862429999,-28.673171002999936],[-71.08894041499991,-28.67761894499995],[-71.08991507299993,-28.690989947999924],[-71.09247309299991,-28.700828636999915],[-71.0901513899999,-28.708475149999913],[-71.09584841399993,-28.71511260299991],[-71.09095498199991,-28.71876575099992],[-71.0813920409999,-28.719749958999955],[-71.07303919899994,-28.723481302999915],[-71.07455952799995,-28.73011368099992],[-71.07665986899991,-28.731720107999934],[-71.07390186099991,-28.737913272999947],[-71.06591105099994,-28.740915256999926],[-71.06268296999991,-28.737474430999953],[-71.05893026799993,-28.73706428299994],[-71.0553167619999,-28.739750418999904],[-71.04978386699992,-28.74071149899993],[-71.04825013699991,-28.737936284999932],[-71.04427387099992,-28.73537327799994],[-71.02638329399991,-28.741874397999936],[-71.01595054299992,-28.73845729699991],[-71.0094166149999,-28.742890847999945],[-71.0035131269999,-28.740935876999913],[-70.9948548989999,-28.73112199499991],[-70.99017344299995,-28.73280664799995],[-70.98427279999993,-28.730954621999956],[-70.98174537699992,-28.73785607499991],[-70.98254269299991,-28.746101495999937],[-70.97972702499993,-28.750943557999904],[-70.98069871199993,-28.75524540099991],[-70.97793538999991,-28.762367617999928],[-70.98882376499995,-28.774211475999948],[-70.99092624399992,-28.783841638999945],[-70.99523848699994,-28.787555951999934],[-71.00044089799991,-28.796937070999945],[-71.00269757899991,-28.79888504899992],[-71.00341534299992,-28.801912606999906],[-71.01506656399994,-28.80814208299995],[-71.02951805799995,-28.821031156999936],[-71.03415564199992,-28.823631280999905],[-71.03507830599995,-28.82772719299993],[-71.03757413799991,-28.82844966899995],[-71.0379770099999,-28.83112788099993],[-71.04036497499993,-28.833229711999934],[-71.04090120399991,-28.83824277599996],[-71.04602789799992,-28.84379793699992],[-71.04490281299991,-28.850446173999956],[-71.04292588699991,-28.85235702299991],[-71.04000601099995,-28.860016870999914],[-71.04667900399994,-28.86051138499994],[-71.05502342699992,-28.864857670999925],[-71.0566196819999,-28.86858510199994],[-71.05641610399994,-28.872635397999943],[-71.06649005699995,-28.879845171999932],[-71.06824474299992,-28.88395152299995],[-71.0713826569999,-28.887027021999927],[-71.0701683179999,-28.89791927899995],[-71.06572702999995,-28.898557583999946],[-71.05869405099992,-28.901919644999907],[-71.0559482669999,-28.906415569999922],[-71.05183387399995,-28.90997024299992],[-71.05098956799992,-28.914395509999906],[-71.04741261799995,-28.91612762099993],[-71.04509922799991,-28.919654702999935],[-71.0463453619999,-28.924677664999933],[-71.04530181899992,-28.92722338199991],[-71.04608193999991,-28.931885224999917],[-71.04472968199991,-28.934183241999904],[-71.04600691399992,-28.94043500899994],[-71.04534737999995,-28.94328963499993],[-71.0489348779999,-28.94856197999991],[-71.0501174389999,-28.955123938999918],[-71.05290070799992,-28.957932009999922],[-71.05421690799994,-28.96440279199993],[-71.0498018159999,-28.96514422599995],[-71.04637921299991,-28.972747279999908],[-71.0459142009999,-28.980688311999927],[-71.03688375799993,-28.982774028999927],[-71.03316527599992,-28.99012518099994],[-71.02899494199994,-28.995080876999907],[-71.02836251799994,-28.99936028399992],[-71.02052993399991,-29.00786065299991],[-71.02165029899993,-29.01404964799991],[-71.01991485299993,-29.017910615999938],[-71.01697665199993,-29.019341434999944],[-71.01611650199993,-29.02444967799994],[-71.01325583199991,-29.030235229999903],[-71.01334705799991,-29.039806901999953],[-71.01195783599991,-29.042740614999957],[-71.01279283199995,-29.04537077899994],[-71.00924991099993,-29.047027278999906],[-71.00768723599992,-29.052181614999938],[-71.0101828839999,-29.060980891999918],[-71.00822135199991,-29.064918598999952],[-71.0083398779999,-29.068242436999924],[-71.0061954869999,-29.070602444999906],[-71.0064115699999,-29.07268365899995],[-71.0005991349999,-29.075537847999954],[-70.99993207099993,-29.077400637999915],[-71.0040076539999,-29.084865493999928],[-71.0033775629999,-29.09038294499993],[-70.99896759199993,-29.09309142299992],[-70.9929265849999,-29.103802522999956],[-70.99946348799995,-29.118204311999932],[-71.00472845799993,-29.120821777999936],[-71.01133263499992,-29.130031494999912],[-71.0199406399999,-29.13027020399994],[-71.0249764589999,-29.12907775599996],[-71.02598638699993,-29.133670770999913],[-71.03103119499991,-29.134307013999944],[-71.03119725599993,-29.13587225899994],[-71.02308493999993,-29.141967678999947],[-71.02399754599992,-29.144353048999903],[-71.02265613599991,-29.14908254699992],[-71.03172550099993,-29.152745911999943],[-71.04215908599991,-29.150787876999914],[-71.03924652099994,-29.154027148999944],[-71.04084677599991,-29.160027348999904],[-71.04693117799991,-29.164910896999913],[-71.05194402099994,-29.166238608999947],[-71.05890755999991,-29.170909958999914],[-71.05847041699991,-29.174576917999957],[-71.06028693099995,-29.178794938999943],[-71.06786532899991,-29.18737929899993],[-71.07339836299991,-29.190613241999927],[-71.07827660899994,-29.190222837999954],[-71.0809899649999,-29.187187739999956],[-71.08455349999991,-29.18604556799994],[-71.0868209969999,-29.182393780999917],[-71.0872735879999,-29.178010163999943],[-71.09080247599991,-29.17459472899992],[-71.09465633099995,-29.17311522199992],[-71.0956950719999,-29.169625038999925],[-71.1004153099999,-29.17016865399995],[-71.1076700939999,-29.165609806999953],[-71.1097301659999,-29.16742417799992],[-71.11398327899991,-29.16828643799994],[-71.11636347599995,-29.17151489799994],[-71.12125675899995,-29.170923794999908],[-71.12280039899991,-29.16899907599992],[-71.12688823899992,-29.168183898999928],[-71.13218674799992,-29.168894027999954],[-71.1399162049999,-29.165115706999927],[-71.15466159199991,-29.17206445699992],[-71.16006644799995,-29.177173281999956],[-71.16020515199995,-29.181209020999916],[-71.1648185009999,-29.183070330999954],[-71.1786100299999,-29.182472427999926],[-71.18342101799993,-29.17959122299993],[-71.18665874399994,-29.179110817999913],[-71.20008978499993,-29.185569285999918],[-71.19415987299993,-29.240102618999913],[-71.18277349699991,-29.283378929999913],[-71.1768918759999,-29.285599650999927],[-71.17063376399994,-29.28497974299995],[-71.16318960599995,-29.292399492999948],[-71.1546924349999,-29.297760747999916],[-71.14703400899992,-29.295980431999908],[-71.13215463199992,-29.299196227999914],[-71.1298508079999,-29.300847990999955],[-71.12303783699991,-29.297762608999903],[-71.1036701669999,-29.29691882399993],[-71.10159247799993,-29.297524464999924],[-71.10092718599992,-29.300047668999923],[-71.09711267499995,-29.30335570199992],[-71.0918724249999,-29.30411910899994],[-71.08411744699993,-29.30753809999993],[-71.0909235709999,-29.313242087999924],[-71.08499123799993,-29.322600903999955],[-71.08572289199992,-29.331580285999905],[-71.08351690699993,-29.341056685999945],[-71.08594884099995,-29.345692268999926],[-71.09423448599995,-29.35080892399992],[-71.0943091339999,-29.354457287999935],[-71.09290112199994,-29.356189125999947],[-71.05981090299991,-29.35660060799995],[-71.01964269599995,-29.33448717199991],[-71.01655533999991,-29.32597594099991],[-71.01242321399991,-29.323705976999918],[-71.01092946999995,-29.320317943999953],[-71.00775950499991,-29.317464894999944],[-71.0079029449999,-29.314850683999907],[-71.00987769399995,-29.312998388999915],[-71.0103623039999,-29.307933902999935],[-71.0059416599999,-29.30313719399993],[-71.0042792129999,-29.29339061199994],[-71.0071254799999,-29.28866960499994],[-71.00704774299993,-29.283279724999943],[-70.99330676299991,-29.276186124999924],[-70.99181456699995,-29.271660925999925],[-70.9877015639999,-29.267161183999917],[-70.98652107099991,-29.260858297999903],[-70.9874672549999,-29.25765919199995],[-70.99048934399991,-29.254966032999903],[-70.9893729069999,-29.25195551899992],[-70.98998826499991,-29.249744802999942],[-70.98717674699992,-29.23972171999992],[-70.98424478699991,-29.234838821999915],[-70.9847965049999,-29.23081097399995],[-70.97162700399991,-29.193150381999942],[-70.97462158699994,-29.17735226399992],[-70.96699305599992,-29.16919506499994],[-70.92588893599992,-29.151209644999938],[-70.90701354799995,-29.13035205099993],[-70.87054920799994,-29.141829252999912],[-70.8673676649999,-29.14468142599992],[-70.8440822579999,-29.144024694999928],[-70.82072546899991,-29.13825688199995],[-70.80228072299991,-29.138907529999926],[-70.80040229499991,-29.138256027999944],[-70.79216296099992,-29.127930868999954],[-70.78368999699995,-29.119805466999935],[-70.77116906599991,-29.118473595999944],[-70.75900670399994,-29.11009746299993],[-70.7559640039999,-29.11187889799993],[-70.75370752099991,-29.111705403999906],[-70.75281703399992,-29.108861086999923],[-70.74760255199993,-29.104710625999928],[-70.73169908999995,-29.104903425999908],[-70.72639678599995,-29.094409605999942],[-70.72698807499995,-29.089190823999957],[-70.72442265399991,-29.089056892999906],[-70.71536890599992,-29.083745225999905],[-70.71945807999992,-29.078215488999945],[-70.7210503629999,-29.07252367399991],[-70.72844639099992,-29.067433991999906],[-70.72802785599993,-29.062124423999933],[-70.72365494399992,-29.057154446999903],[-70.71769675899992,-29.05826404499993],[-70.7169309649999,-29.056306668999923],[-70.68327626399991,-29.047600824999904],[-70.6810276729999,-29.049108908999926],[-70.66002578399991,-29.05078248399991],[-70.65703590699991,-29.054388369999913],[-70.65325452699994,-29.05615404799994],[-70.64634734299995,-29.05426721799995],[-70.64592473099992,-29.04366026999992],[-70.64315599899993,-29.04145624599994],[-70.6367704399999,-29.040685985999914],[-70.62978937999992,-29.04242679899994],[-70.61728424899991,-29.040258837999943],[-70.60982218099991,-29.037289363999946],[-70.60111393299991,-29.040619569999933],[-70.5998188499999,-29.042308964999904],[-70.59922693699991,-29.048935146999952],[-70.59685542799991,-29.051652537999928],[-70.56999434699992,-29.053476387999922],[-70.55367145199995,-29.044204489999913],[-70.54532468199994,-29.045406272999912],[-70.53363111499993,-29.040707896999947],[-70.53199893699991,-29.039205951999918],[-70.53205044599991,-29.034720335999907],[-70.52889709599992,-29.033894459999942],[-70.52432300799995,-29.029908114999955],[-70.52259638299995,-29.02730615999991],[-70.52132508799991,-29.02093591499994],[-70.51065824599993,-29.010664836999922],[-70.5080022269999,-29.005496679999908],[-70.50801936899995,-29.00298773399993],[-70.5049180389999,-28.999584237999954],[-70.50392800299994,-28.99310683899995],[-70.49957809499995,-28.98630145699991],[-70.50467721099994,-28.977193078999903],[-70.51299849199995,-28.97336363799991],[-70.51442959699995,-28.971479494999926],[-70.51525128899993,-28.962084940999944],[-70.5143722329999,-28.956084631999943],[-70.50585367499991,-28.954826600999922],[-70.50238072399992,-28.948047515999917],[-70.5064694699999,-28.939794131999918],[-70.50565578599992,-28.92961470499995],[-70.5088057939999,-28.922761505999915],[-70.50573601499991,-28.913559393999947],[-70.50248191299994,-28.91029731699996],[-70.50229310299994,-28.905868428999952],[-70.51399168099994,-28.901229732999923],[-70.52552230799995,-28.892300846999944],[-70.5330148729999,-28.89492761799994],[-70.53912580899993,-28.894199155999956],[-70.54420466699992,-28.88846019999994],[-70.5463534619999,-28.87608571599992],[-70.55293892899994,-28.876560473999916],[-70.5674493489999,-28.880715125999927],[-70.57074862799993,-28.87583967699993],[-70.58484721899993,-28.86380315899993],[-70.58443688599993,-28.86146166599991],[-70.59097267099992,-28.850501393999934],[-70.58751177899995,-28.847388190999936],[-70.59093994799991,-28.840164440999956],[-70.58303073899992,-28.83871886199995],[-70.58418380599994,-28.835149736999938],[-70.58152067999993,-28.83243307799995],[-70.57986094599994,-28.827249989999927],[-70.57529698999991,-28.82264678899992],[-70.57194865399993,-28.821368282999913],[-70.56891276099992,-28.80762337199991],[-70.5645040629999,-28.804962712999952],[-70.55246793499992,-28.801401668999915],[-70.54395067899992,-28.79515966899993],[-70.53629465999995,-28.795098105999955],[-70.53423269299992,-28.79351068199992],[-70.53441206399992,-28.788707608999914],[-70.5393236939999,-28.783227979999936],[-70.54050914699991,-28.778963922999935],[-70.55685843499992,-28.767852314999914],[-70.5574885719999,-28.757069816999945],[-70.55958405099994,-28.75536257899995],[-70.56029515199992,-28.75282300099991],[-70.56576390399994,-28.748658117999923],[-70.56407960299993,-28.744463185999905],[-70.5610818959999,-28.744204547999914],[-70.55909066099991,-28.741732257999956],[-70.5672420809999,-28.739038931999914],[-70.57309480399994,-28.735559691999924],[-70.57393212999995,-28.732032570999934],[-70.57677226999994,-28.73084334999993],[-70.5750439489999,-28.719696444999954],[-70.5756530029999,-28.716474758999937],[-70.58001090099992,-28.711586721999936],[-70.58489445099991,-28.71093986799991],[-70.59553064199991,-28.714235420999955],[-70.60104436499995,-28.719691488999956],[-70.6062599999999,-28.70951999999994],[-70.6069599999999,-28.702939999999955],[-70.61078003999995,-28.698837743999945],[-70.61729001299994,-28.69617909199991],[-70.61869984499992,-28.693080319999922],[-70.61787012699995,-28.68874956499991],[-70.61959983699995,-28.686887889999923],[-70.6198498629999,-28.682769756999903],[-70.6185583269999,-28.680366658999958],[-70.60741339999993,-28.68339633599993],[-70.60237252899992,-28.682233297999915],[-70.60380000999993,-28.67506900299992],[-70.60174005899995,-28.669692236999936],[-70.59612997499994,-28.665841860999933],[-70.59449999499992,-28.663230420999923],[-70.59672013999995,-28.655140848999906],[-70.59459991999995,-28.65227798199993],[-70.58981986999993,-28.650578905999907],[-70.5862299929999,-28.640409708999925],[-70.58187986599995,-28.639409213999954],[-70.5721218939999,-28.64379770599993],[-70.57017065299993,-28.64145414199993],[-70.55819358299993,-28.638451868999937],[-70.5521335009999,-28.635385369999938],[-70.54363246499992,-28.64226904599991],[-70.54155901699994,-28.642008380999926],[-70.53929032499991,-28.63724207599995],[-70.53548429999995,-28.63346330999991],[-70.53503070099993,-28.628960612999947],[-70.53078302699993,-28.62592672699992],[-70.52533636299995,-28.62490517799995],[-70.52287312699991,-28.620023424999943],[-70.5173504789999,-28.618203706999907],[-70.50506626099991,-28.609270763999916],[-70.50338678399993,-28.609402209999928],[-70.49417272999995,-28.61357878499996],[-70.48706779399993,-28.613043227999924],[-70.48000046199991,-28.618111236999937],[-70.45298201699995,-28.632181051999908],[-70.44908242499992,-28.638728845999935],[-70.44969874399993,-28.642074993999927],[-70.44342500699992,-28.651428591999945],[-70.42417250699992,-28.662200578999943],[-70.40889496199992,-28.65285262699996],[-70.39218032499991,-28.647267531999944],[-70.3884128059999,-28.640370487999917],[-70.38725985099995,-28.63462434099995],[-70.38264765199995,-28.630921585999943],[-70.37117120999994,-28.640320467999913],[-70.35876276499994,-28.646429106999904],[-70.35239895399991,-28.65438070299996],[-70.34767016099994,-28.666336414999932],[-70.34298762499992,-28.66705530999991],[-70.34086711099991,-28.66483810899996],[-70.33851734199993,-28.664527429999907],[-70.3308657899999,-28.666110043999936],[-70.32564476899995,-28.669405785999913],[-70.32462177499991,-28.68384240699993],[-70.32063024599995,-28.69171067499991],[-70.32345337599992,-28.69431390199992],[-70.32375343699994,-28.69800221999992],[-70.31388773599991,-28.710399563999943],[-70.30250137399992,-28.700108259999922],[-70.29442475399992,-28.698340135999956],[-70.29169349999995,-28.69282931999993],[-70.28810460499994,-28.689790468999945],[-70.28041904499992,-28.69400143999991],[-70.2670607199999,-28.685399828999948],[-70.25302007499994,-28.683238142999926],[-70.25090706399993,-28.681524844999956],[-70.24546419899991,-28.674192389999916],[-70.24154809599992,-28.67174190399993],[-70.23671094899993,-28.660229314999924],[-70.2288622719999,-28.653775474999918],[-70.2235078679999,-28.64071918499991],[-70.22122984599991,-28.638857956999914],[-70.2114831689999,-28.636070885999914],[-70.19966735199995,-28.62766057099992],[-70.19686003299995,-28.623262948999923],[-70.19275712399991,-28.620645648999925],[-70.18734157999995,-28.604379731999927],[-70.17898857799992,-28.596988565999936],[-70.17418596399995,-28.596091584999954],[-70.1715567999999,-28.590640367999924],[-70.1650169749999,-28.583584603999952],[-70.16473113699993,-28.581800007999902],[-70.14970404799993,-28.58779478999992],[-70.14613286899993,-28.578844600999957],[-70.13686308299992,-28.579274592999923],[-70.12884553899994,-28.581810035999922],[-70.12384316799995,-28.580326245999913],[-70.11605426299991,-28.585670515999936],[-70.11029414299992,-28.587978697999915],[-70.10709346599992,-28.59187683999994],[-70.10686756099994,-28.595691996999903],[-70.09640060099991,-28.60748773699993],[-70.09420796799992,-28.614107670999942],[-70.08099146599994,-28.622399927999936],[-70.0801371849999,-28.626662306999947],[-70.07138060199992,-28.638004790999958],[-70.06313747599995,-28.63405332499991],[-70.05320244899991,-28.624902198999905],[-70.05805848999995,-28.615306224999927],[-70.0516309539999,-28.606998478999913],[-70.04668412199993,-28.60433356799996],[-70.03956052199993,-28.606870433999916],[-70.0356581019999,-28.606548295999914],[-70.01971844499991,-28.598338370999954],[-70.01540011399993,-28.59334343899991],[-70.01672934499993,-28.59000298299992],[-70.01348410999992,-28.582296713999938],[-70.0136218479999,-28.577299926999956],[-70.02033701199991,-28.574492224999915],[-70.0203244729999,-28.564085614999954],[-70.03149691199991,-28.55498894099992],[-70.02931881199993,-28.55107475199992],[-70.0242213009999,-28.549903851999943],[-70.0219228009999,-28.54797160299995],[-70.02219127599994,-28.543091141999923],[-70.01743825299991,-28.537566945999913],[-70.0178192859999,-28.530519443999935],[-70.0120855529999,-28.524415701999942],[-70.01121538199993,-28.518568925999944],[-70.00444541399992,-28.517576662999943],[-70.00294079399993,-28.511346395999908],[-70.00548929299993,-28.50955849299993],[-70.00572639899991,-28.504493227999944],[-70.01212475799991,-28.49986991599991],[-70.0109288889999,-28.49503362899992],[-70.01416657399994,-28.488030504999927],[-70.01713987399995,-28.485459341999956],[-70.01975652699991,-28.476381413999945],[-70.01989609599991,-28.46618602399991],[-70.01615765999992,-28.463171876999922],[-70.01614056599993,-28.461384874999908],[-70.01876238099993,-28.45916745699992],[-70.02332068499993,-28.45899785599994],[-70.03025968499992,-28.455542720999915],[-70.0275176259999,-28.44974626399994],[-70.03149009599991,-28.447328856999945],[-70.0328421339999,-28.44488612099991],[-70.02641074999991,-28.44200135999995],[-70.02098878899994,-28.43673038599991],[-70.02507820099993,-28.43277336999995],[-70.02425304499991,-28.42893001999994],[-70.02699271699993,-28.425005661999933],[-70.02748354599993,-28.42025882699994],[-70.02613401099995,-28.414505935999955],[-70.02441401199991,-28.412871648999953],[-70.02404253799995,-28.410338147999937],[-70.0217239019999,-28.40877601899996],[-70.02759127999991,-28.398731106999946],[-70.0336431469999,-28.38180675399991],[-70.0334708819999,-28.379664388999913],[-70.03074993599995,-28.37628219599992],[-70.03086394399992,-28.373380615999906],[-70.03522152799991,-28.368436308999947],[-70.03607907699995,-28.362761465999938],[-70.03811058199994,-28.359609476999935],[-70.04701822699991,-28.353119369999945],[-70.05134257199995,-28.345914944999947],[-70.04807936499992,-28.341950563999944],[-70.04821811199992,-28.326853478999908],[-70.04579219199991,-28.32023344299995],[-70.0430314969999,-28.317718250999917],[-70.04064564799995,-28.308380952999926],[-70.0401906109999,-28.30016618299993],[-70.03518637499991,-28.29372799799995],[-70.03497490899991,-28.28553841599995],[-70.03188383499992,-28.280692217999956],[-70.03402371499993,-28.278410480999923],[-70.04241982699995,-28.275336460999938],[-70.04401991799995,-28.265336851999905],[-70.04342333799991,-28.26257039099994],[-70.0455634249999,-28.260599877999937],[-70.05018092799992,-28.25970247799995],[-70.05222914599995,-28.25370276299992],[-70.05852753799991,-28.248910553999906],[-70.05947677299991,-28.24375380099991],[-70.06306890099995,-28.240237321999928],[-70.06499705399995,-28.23235126399993],[-70.07787944699993,-28.229827092999926],[-70.08053266699994,-28.22403847299995],[-70.08647041299992,-28.221306167999956],[-70.08266960599991,-28.214101876999905],[-70.08563228899993,-28.208811657999945],[-70.08792051899991,-28.208098470999914],[-70.08443923599992,-28.19976791399995],[-70.08468065699992,-28.19088427999992],[-70.08968607499992,-28.18986067299994],[-70.08575654099991,-28.178419661999953],[-70.08293822499991,-28.17675860399993],[-70.08063517799991,-28.17121667799995],[-70.08066933099991,-28.165904501999933],[-70.07463427199991,-28.156694960999914],[-70.07435209899995,-28.154285926999933],[-70.07472107399991,-28.15016119799992],[-70.07749012199992,-28.14841261999993],[-70.08195819399992,-28.14194884199992],[-70.08311005999991,-28.141757111999937],[-70.08562978499992,-28.146449016999952],[-70.09095293199994,-28.15122815099994],[-70.09828816299995,-28.15120606699992],[-70.10355253699993,-28.154195514999913],[-70.10716757199992,-28.153070459999924],[-70.10853585599995,-28.149881596999933],[-70.11067523999992,-28.149535597999943],[-70.11682378199993,-28.154307003999918],[-70.12204933799995,-28.15548790999992],[-70.12675368299995,-28.160014992999947],[-70.13081375999991,-28.162026962999903],[-70.13500724399995,-28.162996724999914],[-70.14187900499991,-28.161953419999918],[-70.14457943399992,-28.16784799599992],[-70.15375992899993,-28.17452825299995],[-70.1585683749999,-28.17512672999993],[-70.16439404899995,-28.172593596999945],[-70.1690854069999,-28.17569478799993],[-70.17758977099993,-28.17501924499993],[-70.17863896599994,-28.176726898999902],[-70.18716083099991,-28.179502225999954],[-70.19322871699995,-28.17840851299991],[-70.19974135799993,-28.171010131999935],[-70.20349257099991,-28.171050211999955],[-70.20786309899995,-28.17484694399991],[-70.22367920599993,-28.18286969099995],[-70.23009958699993,-28.174776712999915],[-70.22572089099992,-28.168515456999955],[-70.2264864199999,-28.16697456199995],[-70.22476353499991,-28.160452036999914],[-70.22648055299993,-28.153807411999935],[-70.22607691299993,-28.14730957599994],[-70.23069039199993,-28.14715865699992],[-70.23412217799995,-28.14457104899992],[-70.24391555299991,-28.145158195999954],[-70.25314534699993,-28.14156777499994],[-70.25860221399995,-28.143088289999923],[-70.27022569899992,-28.138141494999957],[-70.27022818799992,-28.13485423499992],[-70.27530587899992,-28.135683688999904],[-70.27769152299993,-28.131862912999907],[-70.28589394499994,-28.130416530999923],[-70.2880873869999,-28.131235998999955],[-70.29093208699993,-28.13482515499993],[-70.2959994169999,-28.134777327999927],[-70.31199589599993,-28.14066986699993],[-70.3116179299999,-28.146846099999948],[-70.31664021999995,-28.14307245799995],[-70.32173190399993,-28.14665759199994],[-70.3311041259999,-28.148137388999942],[-70.34058017299992,-28.148008467999944],[-70.34274337099993,-28.15129272999991],[-70.34898464799994,-28.152801902999954],[-70.36297438199995,-28.162506579999956],[-70.37350544399993,-28.16422838999995],[-70.38010476499994,-28.15499378399994],[-70.38236406699991,-28.14962029399993],[-70.39991005899992,-28.157719915999905],[-70.40475999999995,-28.15805999999992],[-70.40953999999994,-28.161329999999907],[-70.41177992399992,-28.16082003999992],[-70.41531988699995,-28.162299945999905],[-70.4170299999999,-28.165569999999946],[-70.4220699999999,-28.166249999999934],[-70.42516001199994,-28.164399999999944],[-70.43094999999994,-28.16531999999995],[-70.43336999999991,-28.16312999999991],[-70.43396999999993,-28.159149999999954],[-70.45456999999993,-28.143509999999935],[-70.45771999999994,-28.143149999999935],[-70.46246999999994,-28.144939999999906],[-70.48028999999991,-28.144459999999924],[-70.48491999999993,-28.14641999999992],[-70.48836999999992,-28.14611999999994],[-70.4934199999999,-28.142739999999947],[-70.49691999999993,-28.14208999999994],[-70.50107999999994,-28.13483999999994],[-70.50198999499992,-28.130600029999925],[-70.50957999999991,-28.12558999999993],[-70.5325499999999,-28.103189999999927],[-70.5479499999999,-28.09507999999994],[-70.55522999999994,-28.086019999999905],[-70.56286999999992,-28.08387999999991],[-70.56831999999991,-28.07997999999992],[-70.58805999999993,-28.073349999999948],[-70.60723999999993,-28.070449999999937],[-70.62238999999994,-28.061609999999916],[-70.62930999999992,-28.05544999999995],[-70.6373299999999,-28.050479999999936],[-70.64310999999992,-28.051159999999925],[-70.64632999999992,-28.05317999999994],[-70.64658999999995,-28.054589999999905],[-70.64994999999993,-28.055249999999944],[-70.65929999999992,-28.052269999999908],[-70.67104001299992,-28.05151999599991],[-70.68462999999991,-28.047339999999906],[-70.69205999999991,-28.047099999999944],[-70.70262999999994,-28.040799999999933],[-70.70555999999993,-28.036949999999933],[-70.7112699999999,-28.032839999999908],[-70.71944999999994,-28.032089999999926],[-70.72540999999995,-28.027579999999944],[-70.72983001299991,-28.025449972999922]]]}},{"type":"Feature","properties":{"cut":3304,"comuna":"HUASCO"},"geometry":{"type":"MultiPolygon","coordinates":[[[[-71.1439493598512,-27.96485568356022],[-71.12221949899993,-27.981447295999942],[-71.1138594219999,-27.984315350999907],[-71.11017999899991,-27.987549999999942],[-71.10668928399991,-27.99374331899992],[-71.10430940999993,-27.995207857999958],[-71.10205157899992,-27.994872234999946],[-71.0992174459999,-27.99221007099993],[-71.09030081399993,-27.99328132799991],[-71.08115027499991,-27.987974154999904],[-71.0684399989999,-27.99460999999991],[-71.06468638899992,-27.994237589999955],[-71.05775187199993,-27.996429791999958],[-71.05524649799992,-27.995848186999922],[-71.04996731699993,-27.989897923999933],[-71.04450918099991,-27.989808446999916],[-71.03773674099995,-27.99452395299994],[-71.03105612599995,-27.995675047999953],[-71.02489046199992,-28.001209248999942],[-71.0121608199999,-28.003217367999923],[-71.00723032299993,-28.00535345599991],[-71.00499980199993,-28.009250938999912],[-71.00351144899992,-28.017528597999956],[-70.99757784499991,-28.01971945899993],[-70.9965814919999,-28.022566871999913],[-70.98839335899993,-28.022463047999906],[-70.98556923199993,-28.02513448299993],[-70.97917853999991,-28.02482200399993],[-70.96879815999995,-28.01829349499991],[-70.97005732699995,-28.024831710999933],[-70.97325903299992,-28.026586702999907],[-70.97457929399991,-28.028955499999938],[-70.97462261599992,-28.03257700499995],[-70.97057923299991,-28.035953674999917],[-70.96919078899992,-28.039858780999907],[-70.97226692299995,-28.043456989999925],[-70.97176879299991,-28.049094425999954],[-70.97597472299992,-28.060381070999938],[-70.97564388899991,-28.062247474999936],[-70.9725270429999,-28.063951597999903],[-70.96235748499993,-28.06294397399995],[-70.95624955699992,-28.058215153999924],[-70.9540573669999,-28.058084497999914],[-70.94502856199995,-28.068451870999922],[-70.94300067899991,-28.069856607999952],[-70.93608532099995,-28.070328710999945],[-70.93405621799991,-28.07294746799994],[-70.92557397399992,-28.068726242999958],[-70.9179860779999,-28.06794213899991],[-70.90619865999992,-28.070919139999944],[-70.8994931069999,-28.068421953999916],[-70.89611898699991,-28.068549558999905],[-70.88931790799995,-28.072306041999923],[-70.88223971499991,-28.068738819999908],[-70.87956386299993,-28.06515765799992],[-70.87685260899991,-28.07092008099994],[-70.86063924799993,-28.077534312999944],[-70.8564721219999,-28.086626125999942],[-70.8529399489999,-28.08755415099995],[-70.84933039099991,-28.08729932199992],[-70.84496333699991,-28.084778033999953],[-70.84140672599995,-28.077591424999923],[-70.8389662749999,-28.075630900999954],[-70.8314495589999,-28.073667350999926],[-70.8256719119999,-28.069970293999916],[-70.81328069699993,-28.073180146999903],[-70.80944227299995,-28.07693405799995],[-70.8031984779999,-28.078078664999907],[-70.79741720099992,-28.075493441999924],[-70.7954781599999,-28.072766680999905],[-70.7927075529999,-28.07147742099994],[-70.78618190199995,-28.072817176999934],[-70.77731531799992,-28.069866474999912],[-70.77035998499991,-28.061520018999943],[-70.77427038499991,-28.33833143499993],[-70.77724900899995,-28.340643520999947],[-70.78553093199992,-28.338130329999956],[-70.79136347399992,-28.329246015999956],[-70.7985049479999,-28.331096803999912],[-70.80273566199992,-28.321689396999943],[-70.81128982399991,-28.32386660399993],[-70.81462624199992,-28.327395313999943],[-70.82099466699992,-28.330230135999955],[-70.82729711399992,-28.327875923999954],[-70.83074633799993,-28.32492838099995],[-70.83653811899995,-28.325181250999947],[-70.84090108399994,-28.323358621999944],[-70.8466399749999,-28.323920122999937],[-70.8418603909999,-28.317790877999926],[-70.8438787099999,-28.315436589999933],[-70.84388918199994,-28.313016998999956],[-70.84916408299995,-28.31264195199992],[-70.84839045199993,-28.30618874299995],[-70.87037894299993,-28.29643753499994],[-70.87105733299995,-28.29450061299991],[-70.8777568669999,-28.29036853699995],[-70.8797385439999,-28.287700685999937],[-70.87951679699995,-28.27932236299995],[-70.89292733499991,-28.283263028999954],[-70.90132291799995,-28.296189115999937],[-70.91806045699991,-28.288769375999948],[-70.92537392299994,-28.296497306999925],[-70.93503794799994,-28.300722484999937],[-70.94078109299994,-28.294151855999928],[-70.94125756299991,-28.290818016999935],[-70.94814260599992,-28.288851775999944],[-70.94960999099993,-28.28302498499994],[-70.95594774099993,-28.279785603999926],[-70.95878405899992,-28.281679654999948],[-70.96611279899992,-28.280994369999917],[-70.9713055979999,-28.28296021999995],[-70.9730470049999,-28.285192697999946],[-70.98183555699995,-28.286809123999944],[-70.9842715769999,-28.288476730999946],[-70.98913270199995,-28.288412595999944],[-70.9915432809999,-28.289710898999942],[-70.99372552699992,-28.28867471299992],[-71.0004826249999,-28.298755860999904],[-71.00213358299993,-28.304446061999954],[-71.01096409099995,-28.307765155999903],[-71.0462000899999,-28.38431061299991],[-71.0432585069999,-28.39014529399992],[-71.04234002499993,-28.398301413999945],[-71.04015628199994,-28.399654347999956],[-71.0372206639999,-28.399170215999902],[-71.03215134099992,-28.405794172999947],[-71.0287509929999,-28.40600330399991],[-71.0289439789999,-28.40986038199992],[-71.02471407899992,-28.41081779399991],[-71.02278519399994,-28.417747849999955],[-71.00907759199993,-28.41700607899992],[-71.00184510199995,-28.421307617999958],[-71.0039681479999,-28.42540204799991],[-71.0049749449999,-28.433355527999936],[-71.0123083979999,-28.436137061999943],[-71.0153741769999,-28.439096630999927],[-71.02017108899992,-28.436081435999938],[-71.02275110599993,-28.432739298999934],[-71.02843693599993,-28.430548940999927],[-71.0410884719999,-28.432977061999907],[-71.04997031599993,-28.43022462299996],[-71.05148001099991,-28.43203363899994],[-71.05724267499994,-28.43230639199993],[-71.0603301829999,-28.437494218999916],[-71.06484157699992,-28.436000029999946],[-71.0707656049999,-28.438794598999948],[-71.07213999999993,-28.44638999999995],[-71.07897100499991,-28.452181165999946],[-71.08806361299992,-28.453386887999955],[-71.09209709999993,-28.458259701999907],[-71.09706687799991,-28.460955288999912],[-71.1020706839999,-28.463109494999912],[-71.11023840199994,-28.464369045999945],[-71.12520099699992,-28.472747218999928],[-71.13016460299991,-28.473038640999903],[-71.13060153499993,-28.493826345999935],[-71.13534684799993,-28.499398029999952],[-71.14298835099993,-28.51456903299993],[-71.14174150699995,-28.52105499399994],[-71.13623858299991,-28.524640030999933],[-71.13282011199993,-28.528574971999944],[-71.13565467399991,-28.533487522999906],[-71.13002379699992,-28.54338459899992],[-71.13096860299993,-28.54761441499994],[-71.13010550799993,-28.551528961999907],[-71.13642513899993,-28.559436212999913],[-71.13499684199991,-28.562752421999903],[-71.12827230899995,-28.56667985899992],[-71.12980575599994,-28.571540280999955],[-71.12688376799991,-28.579421107999906],[-71.12335714999995,-28.58253907799991],[-71.12324455899994,-28.585339982999926],[-71.1211437309999,-28.588148231999924],[-71.13056181799993,-28.607008342999904],[-71.1288977939999,-28.61041136999995],[-71.13179343299993,-28.61554439899993],[-71.13936180399992,-28.61762347699994],[-71.14069619499992,-28.61635609399991],[-71.14095319099994,-28.61226402199992],[-71.14455385199994,-28.611837814999944],[-71.14829194299995,-28.609170596999945],[-71.1513390369999,-28.609179962999917],[-71.15554898399995,-28.60658007099994],[-71.15818973599994,-28.601749010999924],[-71.16302240499994,-28.599251500999912],[-71.16468643199994,-28.593359815999918],[-71.16821830099991,-28.58818690699991],[-71.17498292199991,-28.586856789999956],[-71.17929331699992,-28.58793001999993],[-71.18838185299995,-28.586768141999926],[-71.19639341599992,-28.58349403099993],[-71.19794752199994,-28.581530177999923],[-71.20948643499992,-28.591464386999917],[-71.2158324589999,-28.59357065799992],[-71.21927420599991,-28.59620885299995],[-71.2302174429999,-28.599283417999914],[-71.24585865199992,-28.598823231999916],[-71.27563085799994,-28.594593717999942],[-71.29015969099993,-28.596703007999906],[-71.31475275399993,-28.56579850299994],[-71.31025999999991,-28.564109999999914],[-71.30595999999991,-28.565019999999947],[-71.30285999999995,-28.568029999999908],[-71.29647999999992,-28.567549999999926],[-71.2940099999999,-28.562559999999905],[-71.29010999999991,-28.55842999999993],[-71.28440999999992,-28.557909999999936],[-71.28319999999991,-28.557069999999953],[-71.28438999999992,-28.55603999999994],[-71.28257999999994,-28.55516999999992],[-71.27818999999994,-28.55558999999994],[-71.27401999999995,-28.550539999999955],[-71.25799999999992,-28.540929999999946],[-71.25601999999992,-28.531519999999944],[-71.2590899999999,-28.528779999999927],[-71.25790999999992,-28.526519999999948],[-71.25876999999991,-28.517739999999947],[-71.25574999999992,-28.51273999999995],[-71.25593999999995,-28.509489999999914],[-71.25762999999995,-28.507439999999917],[-71.25952999999993,-28.507199999999955],[-71.25919999999991,-28.505909999999915],[-71.26062999999994,-28.504809999999907],[-71.26622999999995,-28.505289999999945],[-71.26776999999993,-28.50323999999995],[-71.27338999999995,-28.504279999999937],[-71.27424999999994,-28.501889999999946],[-71.27201999999994,-28.49971999999991],[-71.25951999999995,-28.497799999999927],[-71.25991999999991,-28.492329999999924],[-71.2587499999999,-28.490459999999928],[-71.25286554799993,-28.487723928999912],[-71.2507255299999,-28.484893933999956],[-71.25189552899991,-28.48223393199993],[-71.25402553599992,-28.480973927999912],[-71.25873556099992,-28.481663917999924],[-71.26349558099992,-28.480453908999948],[-71.26376558599992,-28.481803907999904],[-71.26620559299994,-28.480183902999954],[-71.26584558699994,-28.478573903999916],[-71.2641055819999,-28.480023906999918],[-71.26402557799992,-28.47866390799993],[-71.2632055759999,-28.47929390899992],[-71.26126556199995,-28.477593913999954],[-71.2581155439999,-28.477143919999946],[-71.25576552699994,-28.474393925999948],[-71.25551551099994,-28.46903392799993],[-71.25661551199994,-28.467863924999904],[-71.25879552499993,-28.468363920999934],[-71.25917551399993,-28.463383920999945],[-71.2577355009999,-28.461273923999954],[-71.25643549699993,-28.462293926999905],[-71.2551954889999,-28.46143392999994],[-71.25261988999995,-28.465559312999915],[-71.25413431399994,-28.46762740999992],[-71.24407546299994,-28.471993950999945],[-71.24240544999992,-28.470193954999957],[-71.2406154439999,-28.47143395799992],[-71.23411865999992,-28.469308558999955],[-71.23230596499991,-28.464766803999908],[-71.23102711199994,-28.464791764999916],[-71.23295085399991,-28.46354299299992],[-71.23102109099995,-28.463834621999922],[-71.2300199149999,-28.461649630999943],[-71.22437421199993,-28.460277137999924],[-71.22041622599994,-28.464167200999952],[-71.21256544399995,-28.459456707999948],[-71.2078899999999,-28.451749999999947],[-71.20210999999995,-28.437119999999936],[-71.20104999999995,-28.42798999999991],[-71.2022399999999,-28.41772999999995],[-71.1993799999999,-28.417099999999948],[-71.19897999999995,-28.41530999999992],[-71.19666999999993,-28.414459999999906],[-71.19593999999995,-28.411859999999933],[-71.19270999999992,-28.408849999999916],[-71.1931699989999,-28.40706999999992],[-71.19087999999994,-28.406639999999925],[-71.18893999999995,-28.40285999999992],[-71.18967999999995,-28.399239999999907],[-71.18865999999991,-28.395559999999932],[-71.1921099999999,-28.388069999999914],[-71.19141999999994,-28.38495999999992],[-71.19247999999993,-28.38178999999991],[-71.1890699999999,-28.383589999999913],[-71.18384999999995,-28.380079999999907],[-71.1785999999999,-28.378879999999924],[-71.17207999999994,-28.368099999999913],[-71.16661999999991,-28.36346999999995],[-71.16248999999993,-28.362439999999935],[-71.16057999999992,-28.358979999999917],[-71.16170999999991,-28.343749999999943],[-71.16565999999995,-28.335079999999948],[-71.16935999999993,-28.330959999999948],[-71.1723399999999,-28.33057999999994],[-71.17352999899992,-28.328779999999938],[-71.17790999999994,-28.32836999999995],[-71.17908999999992,-28.326119999999946],[-71.18085999999994,-28.325849999999946],[-71.17917999999992,-28.323039999999935],[-71.1804699999999,-28.319719999999904],[-71.1876299999999,-28.317049999999938],[-71.18741999999992,-28.314149999999927],[-71.18871999999993,-28.313909999999908],[-71.18947999999995,-28.309319999999957],[-71.1928299999999,-28.309369999999944],[-71.19876999999991,-28.29977999999994],[-71.19441999999992,-28.29908999999992],[-71.19511999999992,-28.296919999999943],[-71.18533999999994,-28.29690999999991],[-71.18524999999994,-28.298179999999945],[-71.18303999999995,-28.298839999999927],[-71.18115999999992,-28.298089999999945],[-71.17779999999993,-28.290709999999933],[-71.17865999999992,-28.287109999999927],[-71.17730999999992,-28.28615999999994],[-71.17743999999993,-28.27750999999995],[-71.17881999999992,-28.27446999999995],[-71.17749999999995,-28.271129999999914],[-71.17383999999993,-28.267489999999952],[-71.17365999999993,-28.260269999999934],[-71.17102999999992,-28.260529999999903],[-71.17149999999992,-28.259759999999915],[-71.16805999999991,-28.256859999999904],[-71.16854999999993,-28.255139999999926],[-71.16680999999994,-28.254889999999932],[-71.16294999999991,-28.250239999999906],[-71.1591699999999,-28.238359999999943],[-71.15708999999993,-28.237229999999954],[-71.15719999999993,-28.23560999999995],[-71.15422999999993,-28.231959999999958],[-71.15439999999995,-28.224669999999946],[-71.15554999999995,-28.22365999999994],[-71.15476999999993,-28.222549999999956],[-71.1567599999999,-28.217559999999935],[-71.15605999999991,-28.21548999999993],[-71.15899999899995,-28.212779999999952],[-71.15795999999995,-28.210479999999905],[-71.15973999999994,-28.207499999999925],[-71.1586299999999,-28.204029999999932],[-71.16043999999994,-28.202039999999954],[-71.15679999999992,-28.196409999999958],[-71.1622099999999,-28.189839999999947],[-71.16531999999995,-28.190189999999916],[-71.16541999999993,-28.18795999999992],[-71.16300999999993,-28.183379999999943],[-71.16451999999992,-28.176379999999938],[-71.1638099999999,-28.170959999999923],[-71.16512999999992,-28.169359999999926],[-71.16768999999994,-28.170899999999904],[-71.16935999999993,-28.170399999999916],[-71.1700899999999,-28.166779999999903],[-71.16858999999994,-28.164389999999912],[-71.16322999999994,-28.163719999999955],[-71.16188999999991,-28.161399999999958],[-71.16313999999994,-28.15918999999991],[-71.16210999999993,-28.153389999999945],[-71.16381999999993,-28.14411999999993],[-71.16900999899991,-28.134979999999928],[-71.16636999999992,-28.129009999999937],[-71.16654999999992,-28.12581999999992],[-71.16889999999995,-28.123619999999903],[-71.17189999999994,-28.12417999999991],[-71.17350999999991,-28.121309999999937],[-71.1799299999999,-28.122559999999908],[-71.18102999999991,-28.11955999999992],[-71.1828099999999,-28.120969999999943],[-71.18502999999993,-28.118019999999945],[-71.18363999999991,-28.117149999999924],[-71.18426999999991,-28.114259999999945],[-71.18236999899995,-28.11199999999991],[-71.18339999999995,-28.10964999999993],[-71.18164999999993,-28.107599999999934],[-71.18248999999992,-28.106549999999913],[-71.18061999999992,-28.10561999999993],[-71.18104999999991,-28.104109999999935],[-71.1796599999999,-28.101979999999912],[-71.17864999999995,-28.102149999999938],[-71.1793899999999,-28.100669999999923],[-71.17835999999994,-28.098809999999958],[-71.1718699999999,-28.10217999999992],[-71.16850999999991,-28.09937999999994],[-71.16236999999995,-28.098769999999945],[-71.16242999999992,-28.096309999999903],[-71.1677699999999,-28.09537999999992],[-71.17015999999995,-28.093329999999924],[-71.16915999999992,-28.090689999999938],[-71.16796999999991,-28.092429999999922],[-71.16306999999995,-28.08976999999993],[-71.16173999999995,-28.087179999999933],[-71.15921999999995,-28.086469999999906],[-71.15811999999994,-28.083599999999933],[-71.1524599999999,-28.08194999999995],[-71.15042825499995,-28.079180838999946],[-71.14699799999994,-28.079603816999906],[-71.14559629899992,-28.082388003999938],[-71.14365596499994,-28.081720341999926],[-71.14519999999993,-28.077019999999948],[-71.14300999999995,-28.068969999999922],[-71.14678999999995,-28.06544999999994],[-71.14514999999994,-28.062769999999944],[-71.14775999999995,-28.06218999999993],[-71.14816999999994,-28.058889999999906],[-71.14949999999993,-28.05887999999993],[-71.14766999999995,-28.055129999999906],[-71.14307999999994,-28.053659999999923],[-71.14263999999991,-28.051849999999945],[-71.14673999999991,-28.050979999999925],[-71.14805999999993,-28.04908999999992],[-71.15129999999994,-28.049489999999935],[-71.15177999999992,-28.045349999999928],[-71.15343999999993,-28.043419999999912],[-71.15231999899993,-28.04179999999991],[-71.15044999999992,-28.04215999999991],[-71.14515999999992,-28.039559999999938],[-71.14711999999992,-28.030949999999905],[-71.14456999999993,-28.030109999999922],[-71.14440999999994,-28.028149999999926],[-71.14132999899994,-28.026599999999917],[-71.14039999999994,-28.02374999999995],[-71.14219999999995,-28.017129999999952],[-71.1474399999999,-28.01499999999993],[-71.1481599999999,-28.01296999999994],[-71.1462299989999,-28.011859999999956],[-71.14575999999994,-28.009989999999902],[-71.14413999999994,-28.009859999999946],[-71.14486999999991,-28.006149999999934],[-71.14792999999992,-28.00293999999991],[-71.14834999999994,-27.998749999999916],[-71.14690999999993,-27.993679999999927],[-71.14827999999994,-27.992899999999906],[-71.14760999899994,-27.99126999999993],[-71.14958999999993,-27.990749999999935],[-71.14919999999995,-27.989469999999926],[-71.14621999999991,-27.990419999999915],[-71.14402999999993,-27.98846999999995],[-71.14597999999995,-27.98813999999993],[-71.14540999999991,-27.986489999999947],[-71.14704999999992,-27.986179999999933],[-71.1467199999999,-27.984669999999937],[-71.14875999999992,-27.98455999999993],[-71.14665999999994,-27.983319999999935],[-71.14728999999994,-27.982089999999914],[-71.15024999999991,-27.982299999999952],[-71.1462699999999,-27.97839999999991],[-71.14687999999995,-27.97652999999991],[-71.1442199999999,-27.975229999999954],[-71.14501999999993,-27.974849999999947],[-71.14399999999995,-27.970929999999953],[-71.14600999999993,-27.96876999999995],[-71.1439493598512,-27.96485568356022]]],[[[-71.26332554599992,-28.467823910999925],[-71.26220554199995,-28.46835391399992],[-71.26436555399994,-28.468973908999942],[-71.26332554599992,-28.467823910999925]]],[[[-71.26669554799992,-28.46247390499991],[-71.2674355499999,-28.461793903999933],[-71.26633554299991,-28.46117390699993],[-71.26669554799992,-28.46247390499991]]]]}}]}