{"type":"FeatureCollection","features":[{"type":"Feature","properties":{"nombre":"Ruta C-363","jerarquia":5},"geometry":{"type":"LineString","coordinates":[[-70.41815,-27.30814],[-70.41707,-27.30414]]}},{"type":"Feature","properties":{"nombre":"Ruta C-363","jerarquia":5},"geometry":{"type":"LineString","coordinates":[[-70.41707,-27.30414],[-70.41705,-27.30408]]}},{"type":"Feature","properties":{"nombre":"Ruta C-363","jerarquia":5},"geometry":{"type":"LineString","coordinates":[[-70.41705,-27.30408],[-70.41685,-27.3033]]}},{"type":"Feature","properties":{"nombre":"Ruta C-363","jerarquia":5},"geometry":{"type":"LineString","coordinates":[[-70.41685,-27.3033],[-70.41641,-27.30163]]}},{"type":"Feature","properties":{"nombre":"Ruta C-363","jerarquia":5},"geometry":{"type":"LineString","coordinates":[[-70.41641,-27.30163],[-70.41578,-27.29942]]}},{"type":"Feature","properties":{"nombre":"Ruta C-391","jerarquia":3},"geometry":{"type":"LineString","coordinates":[[-70.31013,-27.41928],[-70.30957,-27.41849],[-70.30896,-27.41713],[-70.30764,-27.41491],[-70.30746,-27.41426],[-70.30752,-27.41287],[-70.30742,-27.41242],[-70.30723,-27.412],[-70.30684,-27.41147],[-70.30443,-27.40916],[-70.30406,-27.40886]]}},{"type":"Feature","properties":{"nombre":"Ruta C-391","jerarquia":3},"geometry":{"type":"LineString","coordinates":[[-70.30406,-27.40886],[-70.30394,-27.40877]]}},{"type":"Feature","properties":{"nombre":"Avenida Copayapu","jerarquia":4},"geometry":{"type":"LineString","coordinates":[[-70.27428,-27.41915],[-70.27276,-27.42028],[-70.27188,-27.42115],[-70.27145,-27.42172],[-70.27103,-27.42241],[-70.27054,-27.42353]]}},{"type":"Feature","properties":{"nombre":"Avenida Copayapu","jerarquia":4},"geometry":{"type":"LineString","coordinates":[[-70.27054,-27.42353],[-70.26871,-27.42742],[-70.26862,-27.42785],[-70.26776,-27.43526]]}},{"type":"Feature","properties":{"nombre":"Avenida El Palomar","jerarquia":5},"geometry":{"type":"LineString","coordinates":[[-70.33519,-27.37469],[-70.33547,-27.37456],[-70.33574,-27.37452]]}},{"type":"Feature","properties":{"nombre":"Avenida El Palomar","jerarquia":5},"geometry":{"type":"LineString","coordinates":[[-70.33574,-27.37452],[-70.33609,-27.37446]]}},{"type":"Feature","properties":{"nombre":"Ruta 31 CH","jerarquia":2},"geometry":{"type":"LineString","coordinates":[[-70.24553,-27.37624],[-70.24083,-27.36961]]}},{"type":"Feature","properties":{"nombre":"Ruta 31 CH","jerarquia":2},"geometry":{"type":"LineString","coordinates":[[-70.24083,-27.36961],[-70.23885,-27.36681],[-70.2379,-27.36574],[-70.23721,-27.36514],[-70.23647,-27.36459],[-70.23418,-27.36325]]}},{"type":"Feature","properties":{"nombre":"Ruta 31 CH","jerarquia":2},"geometry":{"type":"LineString","coordinates":[[-70.23418,-27.36325],[-70.23013,-27.36093]]}},{"type":"Feature","properties":{"nombre":"Ruta 31 CH","jerarquia":2},"geometry":{"type":"LineString","coordinates":[[-70.23013,-27.36093],[-70.22102,-27.35574]]}},{"type":"Feature","properties":{"nombre":"Camilo Henríquez","jerarquia":3},"geometry":{"type":"LineString","coordinates":[[-70.3308,-27.37709],[-70.33217,-27.37835]]}},{"type":"Feature","properties":{"nombre":"Camilo Henríquez","jerarquia":3},"geometry":{"type":"LineString","coordinates":[[-70.33217,-27.37835],[-70.33227,-27.37844]]}},{"type":"Feature","properties":{"nombre":"Vallenar","jerarquia":5},"geometry":{"type":"LineString","coordinates":[[-70.33694,-27.37993],[-70.33704,-27.37987],[-70.33709,-27.37974]]}},{"type":"Feature","properties":{"nombre":"Vallenar","jerarquia":5},"geometry":{"type":"LineString","coordinates":[[-70.33709,-27.37974],[-70.33711,-27.37988]]}},{"type":"Feature","properties":{"nombre":"Vallenar","jerarquia":5},"geometry":{"type":"LineString","coordinates":[[-70.33711,-27.37988],[-70.33701,-27.37998]]}},{"type":"Feature","properties":{"nombre":"Vallenar","jerarquia":5},"geometry":{"type":"LineString","coordinates":[[-70.33701,-27.37998],[-70.33695,-27.38]]}},{"type":"Feature","properties":{"nombre":"Camilo Henríquez","jerarquia":3},"geometry":{"type":"LineString","coordinates":[[-70.32778,-27.37397],[-70.32818,-27.37457],[-70.32864,-27.37503]]}},{"type":"Feature","properties":{"nombre":"Camilo Henríquez","jerarquia":3},"geometry":{"type":"LineString","coordinates":[[-70.32864,-27.37503],[-70.32889,-27.37524]]}},{"type":"Feature","properties":{"nombre":"Camilo Henríquez","jerarquia":3},"geometry":{"type":"LineString","coordinates":[[-70.32889,-27.37524],[-70.32919,-27.37553]]}},{"type":"Feature","properties":{"nombre":"Camilo Henríquez","jerarquia":3},"geometry":{"type":"LineString","coordinates":[[-70.33399,-27.38022],[-70.33353,-27.37983]]}},{"type":"Feature","properties":{"nombre":"Camilo Henríquez","jerarquia":3},"geometry":{"type":"LineString","coordinates":[[-70.33353,-27.37983],[-70.33326,-27.37957]]}},{"type":"Feature","properties":{"nombre":"Camilo Henríquez","jerarquia":3},"geometry":{"type":"LineString","coordinates":[[-70.33326,-27.37957],[-70.33241,-27.37875]]}},{"type":"Feature","properties":{"nombre":"Camilo Henríquez","jerarquia":3},"geometry":{"type":"LineString","coordinates":[[-70.33241,-27.37875],[-70.33228,-27.37863]]}},{"type":"Feature","properties":{"nombre":"Avenida Copayapu","jerarquia":2},"geometry":{"type":"LineString","coordinates":[[-70.33491,-27.37076],[-70.334,-27.37112]]}},{"type":"Feature","properties":{"nombre":"Avenida Los Carrera","jerarquia":3},"geometry":{"type":"LineString","coordinates":[[-70.32571,-27.37062],[-70.32692,-27.36973]]}},{"type":"Feature","properties":{"nombre":"Avenida Los Carrera","jerarquia":3},"geometry":{"type":"LineString","coordinates":[[-70.32692,-27.36973],[-70.32828,-27.36878]]}},{"type":"Feature","properties":{"nombre":"Avenida Los Carrera","jerarquia":3},"geometry":{"type":"LineString","coordinates":[[-70.32828,-27.36878],[-70.32931,-27.368]]}},{"type":"Feature","properties":{"nombre":"Avenida Los Carrera","jerarquia":3},"geometry":{"type":"LineString","coordinates":[[-70.32931,-27.368],[-70.33031,-27.36726]]}},{"type":"Feature","properties":{"nombre":"Avenida Los Carrera","jerarquia":3},"geometry":{"type":"LineString","coordinates":[[-70.33031,-27.36726],[-70.33136,-27.36651]]}},{"type":"Feature","properties":{"nombre":"Avenida Los Carrera","jerarquia":3},"geometry":{"type":"LineString","coordinates":[[-70.33136,-27.36651],[-70.33233,-27.36574]]}},{"type":"Feature","properties":{"nombre":"Avenida Los Carrera","jerarquia":3},"geometry":{"type":"LineString","coordinates":[[-70.33233,-27.36574],[-70.33336,-27.36497]]}},{"type":"Feature","properties":{"nombre":"Avenida Los Carrera","jerarquia":3},"geometry":{"type":"LineString","coordinates":[[-70.33336,-27.36497],[-70.33379,-27.36466]]}},{"type":"Feature","properties":{"nombre":"Avenida Los Carrera","jerarquia":3},"geometry":{"type":"LineString","coordinates":[[-70.33379,-27.36466],[-70.33521,-27.36371]]}},{"type":"Feature","properties":{"nombre":"Avenida Los Carrera","jerarquia":3},"geometry":{"type":"LineString","coordinates":[[-70.33521,-27.36371],[-70.33632,-27.363]]}},{"type":"Feature","properties":{"nombre":"Avenida Los Carrera","jerarquia":3},"geometry":{"type":"LineString","coordinates":[[-70.33632,-27.363],[-70.33742,-27.36224]]}},{"type":"Feature","properties":{"nombre":"Avenida Los Carrera","jerarquia":3},"geometry":{"type":"LineString","coordinates":[[-70.33742,-27.36224],[-70.3386,-27.36149]]}},{"type":"Feature","properties":{"nombre":"Vicuña","jerarquia":5},"geometry":{"type":"LineString","coordinates":[[-70.32412,-27.37473],[-70.32383,-27.37433]]}},{"type":"Feature","properties":{"nombre":"Vicuña","jerarquia":5},"geometry":{"type":"LineString","coordinates":[[-70.32383,-27.37433],[-70.32357,-27.37398]]}},{"type":"Feature","properties":{"nombre":"Vicuña","jerarquia":5},"geometry":{"type":"LineString","coordinates":[[-70.32357,-27.37398],[-70.32292,-27.3731]]}},{"type":"Feature","properties":{"nombre":"Vicuña","jerarquia":5},"geometry":{"type":"LineString","coordinates":[[-70.32292,-27.3731],[-70.32257,-27.37263]]}},{"type":"Feature","properties":{"nombre":"Vicuña","jerarquia":5},"geometry":{"type":"LineString","coordinates":[[-70.32257,-27.37263],[-70.32247,-27.37241]]}},{"type":"Feature","properties":{"nombre":"O'Higgins","jerarquia":5},"geometry":{"type":"LineString","coordinates":[[-70.322,-27.37517],[-70.32158,-27.37547]]}},{"type":"Feature","properties":{"nombre":"O'Higgins","jerarquia":5},"geometry":{"type":"LineString","coordinates":[[-70.32158,-27.37547],[-70.32106,-27.37583]]}},{"type":"Feature","properties":{"nombre":"Ramón Freire","jerarquia":5},"geometry":{"type":"LineString","coordinates":[[-70.35263,-27.35312],[-70.3526,-27.35487]]}},{"type":"Feature","properties":{"nombre":"Ramón Freire","jerarquia":5},"geometry":{"type":"LineString","coordinates":[[-70.3526,-27.35487],[-70.35251,-27.35557]]}},{"type":"Feature","properties":{"nombre":"Ramón Freire","jerarquia":5},"geometry":{"type":"LineString","coordinates":[[-70.35251,-27.35557],[-70.35237,-27.35622]]}},{"type":"Feature","properties":{"nombre":"Ramón Freire","jerarquia":5},"geometry":{"type":"LineString","coordinates":[[-70.35237,-27.35622],[-70.35225,-27.3567]]}},{"type":"Feature","properties":{"nombre":"Estadio","jerarquia":5},"geometry":{"type":"LineString","coordinates":[[-70.32794,-27.38143],[-70.32707,-27.38096]]}},{"type":"Feature","properties":{"nombre":"Estadio","jerarquia":5},"geometry":{"type":"LineString","coordinates":[[-70.32707,-27.38096],[-70.32648,-27.38063]]}},{"type":"Feature","properties":{"nombre":"","jerarquia":2},"geometry":{"type":"LineString","coordinates":[[-70.33666,-27.3726],[-70.33636,-27.37276],[-70.33622,-27.37275],[-70.33599,-27.37245]]}},{"type":"Feature","properties":{"nombre":"","jerarquia":2},"geometry":{"type":"LineString","coordinates":[[-70.33701,-27.38062],[-70.33668,-27.38015]]}},{"type":"Feature","properties":{"nombre":"Panamericana Norte","jerarquia":2},"geometry":{"type":"LineString","coordinates":[[-70.33613,-27.37337],[-70.33599,-27.37245]]}},{"type":"Feature","properties":{"nombre":"Panamericana Norte","jerarquia":2},"geometry":{"type":"LineString","coordinates":[[-70.33599,-27.37245],[-70.33561,-27.37175]]}},{"type":"Feature","properties":{"nombre":"Panamericana Norte","jerarquia":2},"geometry":{"type":"LineString","coordinates":[[-70.33561,-27.37175],[-70.33537,-27.3714]]}},{"type":"Feature","properties":{"nombre":"Avenida El Palomar","jerarquia":5},"geometry":{"type":"LineString","coordinates":[[-70.33606,-27.37458],[-70.33576,-27.37462]]}},{"type":"Feature","properties":{"nombre":"Avenida El Palomar","jerarquia":5},"geometry":{"type":"LineString","coordinates":[[-70.33576,-27.37462],[-70.33549,-27.37467],[-70.33526,-27.37478]]}},{"type":"Feature","properties":{"nombre":"José Joaquín Vallejos","jerarquia":4},"geometry":{"type":"LineString","coordinates":[[-70.33343,-27.37058],[-70.33296,-27.37008]]}},{"type":"Feature","properties":{"nombre":"José Joaquín Vallejos","jerarquia":4},"geometry":{"type":"LineString","coordinates":[[-70.33296,-27.37008],[-70.33204,-27.36911]]}},{"type":"Feature","properties":{"nombre":"José Joaquín Vallejos","jerarquia":4},"geometry":{"type":"LineString","coordinates":[[-70.33204,-27.36911],[-70.33115,-27.36818]]}},{"type":"Feature","properties":{"nombre":"José Joaquín Vallejos","jerarquia":4},"geometry":{"type":"LineString","coordinates":[[-70.33115,-27.36818],[-70.33031,-27.36726]]}},{"type":"Feature","properties":{"nombre":"José Joaquín Vallejos","jerarquia":4},"geometry":{"type":"LineString","coordinates":[[-70.33031,-27.36726],[-70.32933,-27.36626]]}},{"type":"Feature","properties":{"nombre":"Camilo Henríquez","jerarquia":3},"geometry":{"type":"LineString","coordinates":[[-70.3308,-27.37709],[-70.33056,-27.37685]]}},{"type":"Feature","properties":{"nombre":"Camilo Henríquez","jerarquia":3},"geometry":{"type":"LineString","coordinates":[[-70.33056,-27.37685],[-70.33035,-27.37665]]}},{"type":"Feature","properties":{"nombre":"Camilo Henríquez","jerarquia":3},"geometry":{"type":"LineString","coordinates":[[-70.32919,-27.37553],[-70.32882,-27.37526]]}},{"type":"Feature","properties":{"nombre":"Camilo Henríquez","jerarquia":3},"geometry":{"type":"LineString","coordinates":[[-70.32882,-27.37526],[-70.32861,-27.37511]]}},{"type":"Feature","properties":{"nombre":"Camilo Henríquez","jerarquia":3},"geometry":{"type":"LineString","coordinates":[[-70.32861,-27.37511],[-70.32828,-27.37481],[-70.32772,-27.37409]]}},{"type":"Feature","properties":{"nombre":"Camilo Henríquez","jerarquia":3},"geometry":{"type":"LineString","coordinates":[[-70.32772,-27.37409],[-70.32767,-27.37403]]}},{"type":"Feature","properties":{"nombre":"Avenida Circunvalación","jerarquia":3},"geometry":{"type":"LineString","coordinates":[[-70.33989,-27.36105],[-70.339,-27.36122],[-70.33858,-27.3612]]}},{"type":"Feature","properties":{"nombre":"Lastarria","jerarquia":5},"geometry":{"type":"LineString","coordinates":[[-70.32289,-27.36386],[-70.32344,-27.36403]]}},{"type":"Feature","properties":{"nombre":"José Joaquín Vallejos","jerarquia":4},"geometry":{"type":"LineString","coordinates":[[-70.32714,-27.36409],[-70.32681,-27.36375]]}},{"type":"Feature","properties":{"nombre":"José Joaquín Vallejos","jerarquia":4},"geometry":{"type":"LineString","coordinates":[[-70.32681,-27.36375],[-70.3266,-27.36353]]}},{"type":"Feature","properties":{"nombre":"José Joaquín Vallejos","jerarquia":4},"geometry":{"type":"LineString","coordinates":[[-70.3266,-27.36353],[-70.32649,-27.36342]]}},{"type":"Feature","properties":{"nombre":"José Joaquín Vallejos","jerarquia":4},"geometry":{"type":"LineString","coordinates":[[-70.32649,-27.36342],[-70.32595,-27.36285]]}},{"type":"Feature","properties":{"nombre":"José Joaquín Vallejos","jerarquia":4},"geometry":{"type":"LineString","coordinates":[[-70.32595,-27.36285],[-70.32579,-27.36268]]}},{"type":"Feature","properties":{"nombre":"José Joaquín Vallejos","jerarquia":4},"geometry":{"type":"LineString","coordinates":[[-70.32579,-27.36268],[-70.32567,-27.36256]]}},{"type":"Feature","properties":{"nombre":"José Joaquín Vallejos","jerarquia":4},"geometry":{"type":"LineString","coordinates":[[-70.32567,-27.36256],[-70.32541,-27.36229]]}},{"type":"Feature","properties":{"nombre":"Wheelwright","jerarquia":3},"geometry":{"type":"LineString","coordinates":[[-70.32247,-27.37241],[-70.32352,-27.37203],[-70.32408,-27.37175],[-70.32555,-27.37067]]}},{"type":"Feature","properties":{"nombre":"Wheelwright","jerarquia":3},"geometry":{"type":"LineString","coordinates":[[-70.32247,-27.37241],[-70.32356,-27.37208],[-70.32409,-27.37182]]}},{"type":"Feature","properties":{"nombre":"Wheelwright","jerarquia":3},"geometry":{"type":"LineString","coordinates":[[-70.32409,-27.37182],[-70.32442,-27.37161]]}},{"type":"Feature","properties":{"nombre":"Wheelwright","jerarquia":3},"geometry":{"type":"LineString","coordinates":[[-70.32442,-27.37161],[-70.32474,-27.37137]]}},{"type":"Feature","properties":{"nombre":"Wheelwright","jerarquia":3},"geometry":{"type":"LineString","coordinates":[[-70.32474,-27.37137],[-70.32561,-27.37076]]}},{"type":"Feature","properties":{"nombre":"Juan López","jerarquia":5},"geometry":{"type":"LineString","coordinates":[[-70.32247,-27.37241],[-70.32266,-27.37229]]}},{"type":"Feature","properties":{"nombre":"Juan López","jerarquia":5},"geometry":{"type":"LineString","coordinates":[[-70.32266,-27.37229],[-70.32299,-27.37206]]}},{"type":"Feature","properties":{"nombre":"Juan López","jerarquia":5},"geometry":{"type":"LineString","coordinates":[[-70.32299,-27.37206],[-70.32348,-27.37171]]}},{"type":"Feature","properties":{"nombre":"Juan López","jerarquia":5},"geometry":{"type":"LineString","coordinates":[[-70.32348,-27.37171],[-70.32384,-27.37145]]}},{"type":"Feature","properties":{"nombre":"Juan López","jerarquia":5},"geometry":{"type":"LineString","coordinates":[[-70.32384,-27.37145],[-70.32425,-27.37116]]}},{"type":"Feature","properties":{"nombre":"Juan López","jerarquia":5},"geometry":{"type":"LineString","coordinates":[[-70.32425,-27.37116],[-70.32464,-27.37088]]}},{"type":"Feature","properties":{"nombre":"Juan López","jerarquia":5},"geometry":{"type":"LineString","coordinates":[[-70.32464,-27.37088],[-70.32534,-27.37038]]}},{"type":"Feature","properties":{"nombre":"Camilo Henríquez","jerarquia":3},"geometry":{"type":"LineString","coordinates":[[-70.32253,-27.3654],[-70.32281,-27.3658],[-70.32277,-27.36587],[-70.3224,-27.36616],[-70.32239,-27.36622],[-70.32296,-27.36694]]}},{"type":"Feature","properties":{"nombre":"Camilo Henríquez","jerarquia":3},"geometry":{"type":"LineString","coordinates":[[-70.32296,-27.36694],[-70.32324,-27.36726]]}},{"type":"Feature","properties":{"nombre":"Camilo Henríquez","jerarquia":3},"geometry":{"type":"LineString","coordinates":[[-70.32324,-27.36726],[-70.32391,-27.36809]]}},{"type":"Feature","properties":{"nombre":"Avenida Copayapu","jerarquia":2},"geometry":{"type":"LineString","coordinates":[[-70.3193,-27.37896],[-70.31894,-27.37929]]}},{"type":"Feature","properties":{"nombre":"Avenida Copayapu","jerarquia":2},"geometry":{"type":"LineString","coordinates":[[-70.31894,-27.37929],[-70.3185,-27.37981]]}},{"type":"Feature","properties":{"nombre":"Los Estudiantes","jerarquia":5},"geometry":{"type":"LineString","coordinates":[[-70.32307,-27.3763],[-70.32316,-27.37639]]}},{"type":"Feature","properties":{"nombre":"San Román","jerarquia":5},"geometry":{"type":"LineString","coordinates":[[-70.32698,-27.37297],[-70.32586,-27.37365]]}},{"type":"Feature","properties":{"nombre":"San Román","jerarquia":5},"geometry":{"type":"LineString","coordinates":[[-70.32586,-27.37365],[-70.32521,-27.37406]]}},{"type":"Feature","properties":{"nombre":"San Román","jerarquia":5},"geometry":{"type":"LineString","coordinates":[[-70.32521,-27.37406],[-70.32515,-27.37409]]}},{"type":"Feature","properties":{"nombre":"San Román","jerarquia":5},"geometry":{"type":"LineString","coordinates":[[-70.32515,-27.37409],[-70.32412,-27.37473]]}},{"type":"Feature","properties":{"nombre":"Camilo Henríquez","jerarquia":3},"geometry":{"type":"LineString","coordinates":[[-70.32767,-27.37403],[-70.3276,-27.37395]]}},{"type":"Feature","properties":{"nombre":"Diego de Almagro","jerarquia":4},"geometry":{"type":"LineString","coordinates":[[-70.3046,-27.38045],[-70.30474,-27.38064],[-70.30504,-27.38084]]}},{"type":"Feature","properties":{"nombre":"Diego de Almagro","jerarquia":4},"geometry":{"type":"LineString","coordinates":[[-70.30504,-27.38084],[-70.30524,-27.38098]]}},{"type":"Feature","properties":{"nombre":"Diego de Almagro","jerarquia":4},"geometry":{"type":"LineString","coordinates":[[-70.30524,-27.38098],[-70.30566,-27.38129]]}},{"type":"Feature","properties":{"nombre":"Avenida El Chañar","jerarquia":5},"geometry":{"type":"LineString","coordinates":[[-70.31526,-27.35536],[-70.315,-27.35514],[-70.31496,-27.35504]]}},{"type":"Feature","properties":{"nombre":"Los Loros","jerarquia":4},"geometry":{"type":"LineString","coordinates":[[-70.31463,-27.3649],[-70.31423,-27.36526]]}},{"type":"Feature","properties":{"nombre":"Los Loros","jerarquia":4},"geometry":{"type":"LineString","coordinates":[[-70.31423,-27.36526],[-70.31368,-27.36575]]}},{"type":"Feature","properties":{"nombre":"Los Loros","jerarquia":4},"geometry":{"type":"LineString","coordinates":[[-70.31368,-27.36575],[-70.31296,-27.36648]]}},{"type":"Feature","properties":{"nombre":"Maipú","jerarquia":4},"geometry":{"type":"LineString","coordinates":[[-70.33031,-27.36221],[-70.33138,-27.36314]]}},{"type":"Feature","properties":{"nombre":"Maipú","jerarquia":4},"geometry":{"type":"LineString","coordinates":[[-70.33138,-27.36314],[-70.33232,-27.36397]]}},{"type":"Feature","properties":{"nombre":"Maipú","jerarquia":4},"geometry":{"type":"LineString","coordinates":[[-70.33232,-27.36397],[-70.33283,-27.36446]]}},{"type":"Feature","properties":{"nombre":"Maipú","jerarquia":4},"geometry":{"type":"LineString","coordinates":[[-70.33283,-27.36446],[-70.33336,-27.36497]]}},{"type":"Feature","properties":{"nombre":"Maipú","jerarquia":4},"geometry":{"type":"LineString","coordinates":[[-70.33336,-27.36497],[-70.3342,-27.36587]]}},{"type":"Feature","properties":{"nombre":"Maipú","jerarquia":4},"geometry":{"type":"LineString","coordinates":[[-70.3342,-27.36587],[-70.335,-27.36667]]}},{"type":"Feature","properties":{"nombre":"Maipú","jerarquia":4},"geometry":{"type":"LineString","coordinates":[[-70.335,-27.36667],[-70.33596,-27.36764]]}},{"type":"Feature","properties":{"nombre":"Maipú","jerarquia":4},"geometry":{"type":"LineString","coordinates":[[-70.33596,-27.36764],[-70.33706,-27.36862]]}},{"type":"Feature","properties":{"nombre":"Maipú","jerarquia":4},"geometry":{"type":"LineString","coordinates":[[-70.33706,-27.36862],[-70.33721,-27.36876]]}},{"type":"Feature","properties":{"nombre":"Leonidas Pérez","jerarquia":5},"geometry":{"type":"LineString","coordinates":[[-70.29954,-27.39401],[-70.30012,-27.39363]]}},{"type":"Feature","properties":{"nombre":"Leonidas Pérez","jerarquia":5},"geometry":{"type":"LineString","coordinates":[[-70.30012,-27.39363],[-70.30057,-27.39333]]}},{"type":"Feature","properties":{"nombre":"Leonidas Pérez","jerarquia":5},"geometry":{"type":"LineString","coordinates":[[-70.30057,-27.39333],[-70.30169,-27.39257]]}},{"type":"Feature","properties":{"nombre":"Leonidas Pérez","jerarquia":5},"geometry":{"type":"LineString","coordinates":[[-70.30169,-27.39257],[-70.30321,-27.39155]]}},{"type":"Feature","properties":{"nombre":"Leonidas Pérez","jerarquia":5},"geometry":{"type":"LineString","coordinates":[[-70.30321,-27.39155],[-70.30326,-27.39152]]}},{"type":"Feature","properties":{"nombre":"Leonidas Pérez","jerarquia":5},"geometry":{"type":"LineString","coordinates":[[-70.30326,-27.39152],[-70.30353,-27.39134]]}},{"type":"Feature","properties":{"nombre":"Leonidas Pérez","jerarquia":5},"geometry":{"type":"LineString","coordinates":[[-70.30353,-27.39134],[-70.30438,-27.39078]]}},{"type":"Feature","properties":{"nombre":"Leonidas Pérez","jerarquia":5},"geometry":{"type":"LineString","coordinates":[[-70.30438,-27.39078],[-70.30502,-27.39035]]}},{"type":"Feature","properties":{"nombre":"Leonidas Pérez","jerarquia":5},"geometry":{"type":"LineString","coordinates":[[-70.30502,-27.39035],[-70.30602,-27.38968]]}},{"type":"Feature","properties":{"nombre":"Leonidas Pérez","jerarquia":5},"geometry":{"type":"LineString","coordinates":[[-70.30602,-27.38968],[-70.30667,-27.38924]]}},{"type":"Feature","properties":{"nombre":"Leonidas Pérez","jerarquia":5},"geometry":{"type":"LineString","coordinates":[[-70.30667,-27.38924],[-70.3071,-27.38896]]}},{"type":"Feature","properties":{"nombre":"Leonidas Pérez","jerarquia":5},"geometry":{"type":"LineString","coordinates":[[-70.3071,-27.38896],[-70.30785,-27.38847]]}},{"type":"Feature","properties":{"nombre":"Leonidas Pérez","jerarquia":5},"geometry":{"type":"LineString","coordinates":[[-70.30785,-27.38847],[-70.30795,-27.3884]]}},{"type":"Feature","properties":{"nombre":"Leonidas Pérez","jerarquia":5},"geometry":{"type":"LineString","coordinates":[[-70.30795,-27.3884],[-70.30845,-27.38807]]}},{"type":"Feature","properties":{"nombre":"Leonidas Pérez","jerarquia":5},"geometry":{"type":"LineString","coordinates":[[-70.30845,-27.38807],[-70.30907,-27.38767]]}},{"type":"Feature","properties":{"nombre":"Leonidas Pérez","jerarquia":5},"geometry":{"type":"LineString","coordinates":[[-70.30907,-27.38767],[-70.30934,-27.38749]]}},{"type":"Feature","properties":{"nombre":"Leonidas Pérez","jerarquia":5},"geometry":{"type":"LineString","coordinates":[[-70.30934,-27.38749],[-70.30996,-27.38708]]}},{"type":"Feature","properties":{"nombre":"Leonidas Pérez","jerarquia":5},"geometry":{"type":"LineString","coordinates":[[-70.30996,-27.38708],[-70.31187,-27.38583]]}},{"type":"Feature","properties":{"nombre":"Leonidas Pérez","jerarquia":5},"geometry":{"type":"LineString","coordinates":[[-70.31187,-27.38583],[-70.31193,-27.38578]]}},{"type":"Feature","properties":{"nombre":"Miguel Grau","jerarquia":5},"geometry":{"type":"LineString","coordinates":[[-70.31368,-27.36575],[-70.31414,-27.36607]]}},{"type":"Feature","properties":{"nombre":"Miguel Grau","jerarquia":5},"geometry":{"type":"LineString","coordinates":[[-70.31414,-27.36607],[-70.31446,-27.36632]]}},{"type":"Feature","properties":{"nombre":"Miguel Grau","jerarquia":5},"geometry":{"type":"LineString","coordinates":[[-70.31446,-27.36632],[-70.31462,-27.36633],[-70.31494,-27.36657]]}},{"type":"Feature","properties":{"nombre":"Miguel Grau","jerarquia":5},"geometry":{"type":"LineString","coordinates":[[-70.31494,-27.36657],[-70.31531,-27.36688]]}},{"type":"Feature","properties":{"nombre":"Miguel Grau","jerarquia":5},"geometry":{"type":"LineString","coordinates":[[-70.31531,-27.36688],[-70.31566,-27.36721]]}},{"type":"Feature","properties":{"nombre":"Miguel Grau","jerarquia":5},"geometry":{"type":"LineString","coordinates":[[-70.31566,-27.36721],[-70.31606,-27.36753]]}},{"type":"Feature","properties":{"nombre":"Miguel Grau","jerarquia":5},"geometry":{"type":"LineString","coordinates":[[-70.31606,-27.36753],[-70.31643,-27.36782]]}},{"type":"Feature","properties":{"nombre":"Miguel Grau","jerarquia":5},"geometry":{"type":"LineString","coordinates":[[-70.31643,-27.36782],[-70.31683,-27.36813]]}},{"type":"Feature","properties":{"nombre":"Miguel Grau","jerarquia":5},"geometry":{"type":"LineString","coordinates":[[-70.31683,-27.36813],[-70.31722,-27.36844]]}},{"type":"Feature","properties":{"nombre":"Miguel Grau","jerarquia":5},"geometry":{"type":"LineString","coordinates":[[-70.31722,-27.36844],[-70.31787,-27.36895]]}},{"type":"Feature","properties":{"nombre":"Miguel Grau","jerarquia":5},"geometry":{"type":"LineString","coordinates":[[-70.31787,-27.36895],[-70.31837,-27.36943],[-70.31839,-27.36951]]}},{"type":"Feature","properties":{"nombre":"Luis Flores","jerarquia":4},"geometry":{"type":"LineString","coordinates":[[-70.32654,-27.387],[-70.32559,-27.38635]]}},{"type":"Feature","properties":{"nombre":"Luis Flores","jerarquia":4},"geometry":{"type":"LineString","coordinates":[[-70.32559,-27.38635],[-70.32492,-27.38591]]}},{"type":"Feature","properties":{"nombre":"Luis Flores","jerarquia":4},"geometry":{"type":"LineString","coordinates":[[-70.32492,-27.38591],[-70.32445,-27.38546],[-70.3242,-27.38486],[-70.32398,-27.38451],[-70.32239,-27.38276]]}},{"type":"Feature","properties":{"nombre":"Luis Flores","jerarquia":4},"geometry":{"type":"LineString","coordinates":[[-70.32239,-27.38276],[-70.32222,-27.38248]]}},{"type":"Feature","properties":{"nombre":"Rivera Medina","jerarquia":5},"geometry":{"type":"LineString","coordinates":[[-70.32591,-27.36152],[-70.32555,-27.36099]]}},{"type":"Feature","properties":{"nombre":"Rivera Medina","jerarquia":5},"geometry":{"type":"LineString","coordinates":[[-70.32555,-27.36099],[-70.32514,-27.36039]]}},{"type":"Feature","properties":{"nombre":"Rivera Medina","jerarquia":5},"geometry":{"type":"LineString","coordinates":[[-70.32514,-27.36039],[-70.32488,-27.36001]]}},{"type":"Feature","properties":{"nombre":"Rivera Medina","jerarquia":5},"geometry":{"type":"LineString","coordinates":[[-70.32488,-27.36001],[-70.32423,-27.35909]]}},{"type":"Feature","properties":{"nombre":"Rivera Medina","jerarquia":5},"geometry":{"type":"LineString","coordinates":[[-70.32423,-27.35909],[-70.32395,-27.35871]]}},{"type":"Feature","properties":{"nombre":"Rivera Medina","jerarquia":5},"geometry":{"type":"LineString","coordinates":[[-70.32395,-27.35871],[-70.32366,-27.35833]]}},{"type":"Feature","properties":{"nombre":"Rivera Medina","jerarquia":5},"geometry":{"type":"LineString","coordinates":[[-70.32366,-27.35833],[-70.32344,-27.35804]]}},{"type":"Feature","properties":{"nombre":"Rivera Medina","jerarquia":5},"geometry":{"type":"LineString","coordinates":[[-70.32344,-27.35804],[-70.32311,-27.35763]]}},{"type":"Feature","properties":{"nombre":"Rivera Medina","jerarquia":5},"geometry":{"type":"LineString","coordinates":[[-70.32311,-27.35763],[-70.32274,-27.35723]]}},{"type":"Feature","properties":{"nombre":"Rivera Medina","jerarquia":5},"geometry":{"type":"LineString","coordinates":[[-70.32274,-27.35723],[-70.32242,-27.35685]]}},{"type":"Feature","properties":{"nombre":"Avenida Los Carrera","jerarquia":3},"geometry":{"type":"LineString","coordinates":[[-70.29318,-27.40012],[-70.29293,-27.40045]]}},{"type":"Feature","properties":{"nombre":"Avenida Los Carrera","jerarquia":3},"geometry":{"type":"LineString","coordinates":[[-70.29293,-27.40045],[-70.29273,-27.40073]]}},{"type":"Feature","properties":{"nombre":"Avenida Los Carrera","jerarquia":3},"geometry":{"type":"LineString","coordinates":[[-70.29273,-27.40073],[-70.29217,-27.40154]]}},{"type":"Feature","properties":{"nombre":"Avenida Los Carrera","jerarquia":3},"geometry":{"type":"LineString","coordinates":[[-70.29217,-27.40154],[-70.29157,-27.40242]]}},{"type":"Feature","properties":{"nombre":"Avenida Los Carrera","jerarquia":3},"geometry":{"type":"LineString","coordinates":[[-70.29157,-27.40242],[-70.29048,-27.4039]]}},{"type":"Feature","properties":{"nombre":"Avenida Los Carrera","jerarquia":3},"geometry":{"type":"LineString","coordinates":[[-70.29048,-27.4039],[-70.29019,-27.40426]]}},{"type":"Feature","properties":{"nombre":"Avenida Los Carrera","jerarquia":3},"geometry":{"type":"LineString","coordinates":[[-70.29019,-27.40426],[-70.28977,-27.40479]]}},{"type":"Feature","properties":{"nombre":"Avenida Los Carrera","jerarquia":3},"geometry":{"type":"LineString","coordinates":[[-70.28977,-27.40479],[-70.28861,-27.40625]]}},{"type":"Feature","properties":{"nombre":"Avenida Los Carrera","jerarquia":3},"geometry":{"type":"LineString","coordinates":[[-70.28861,-27.40625],[-70.288,-27.407]]}},{"type":"Feature","properties":{"nombre":"Avenida Los Carrera","jerarquia":3},"geometry":{"type":"LineString","coordinates":[[-70.288,-27.407],[-70.28696,-27.40826]]}},{"type":"Feature","properties":{"nombre":"Avenida Los Carrera","jerarquia":3},"geometry":{"type":"LineString","coordinates":[[-70.28696,-27.40826],[-70.28583,-27.40958]]}},{"type":"Feature","properties":{"nombre":"Avenida Los Carrera","jerarquia":3},"geometry":{"type":"LineString","coordinates":[[-70.28583,-27.40958],[-70.28533,-27.41018]]}},{"type":"Feature","properties":{"nombre":"Avenida Los Carrera","jerarquia":3},"geometry":{"type":"LineString","coordinates":[[-70.28533,-27.41018],[-70.28454,-27.41104],[-70.28357,-27.41182]]}},{"type":"Feature","properties":{"nombre":"Avenida Los Carrera","jerarquia":3},"geometry":{"type":"LineString","coordinates":[[-70.28357,-27.41182],[-70.28262,-27.41259]]}},{"type":"Feature","properties":{"nombre":"Avenida Los Carrera","jerarquia":3},"geometry":{"type":"LineString","coordinates":[[-70.28262,-27.41259],[-70.28201,-27.41309]]}},{"type":"Feature","properties":{"nombre":"Batallones de Atacama","jerarquia":5},"geometry":{"type":"LineString","coordinates":[[-70.34673,-27.36216],[-70.34574,-27.36098]]}},{"type":"Feature","properties":{"nombre":"Batallones de Atacama","jerarquia":5},"geometry":{"type":"LineString","coordinates":[[-70.34574,-27.36098],[-70.34481,-27.35995]]}},{"type":"Feature","properties":{"nombre":"Batallones de Atacama","jerarquia":5},"geometry":{"type":"LineString","coordinates":[[-70.34481,-27.35995],[-70.34443,-27.35952]]}},{"type":"Feature","properties":{"nombre":"Centenario","jerarquia":4},"geometry":{"type":"LineString","coordinates":[[-70.34898,-27.35589],[-70.3506,-27.3563]]}},{"type":"Feature","properties":{"nombre":"Centenario","jerarquia":4},"geometry":{"type":"LineString","coordinates":[[-70.3506,-27.3563],[-70.35225,-27.3567]]}},{"type":"Feature","properties":{"nombre":"Juan Martínez","jerarquia":4},"geometry":{"type":"LineString","coordinates":[[-70.3522,-27.35297],[-70.35167,-27.35364],[-70.35133,-27.354],[-70.34947,-27.35549]]}},{"type":"Feature","properties":{"nombre":"Juan Martínez","jerarquia":4},"geometry":{"type":"LineString","coordinates":[[-70.34947,-27.35549],[-70.34898,-27.35589]]}},{"type":"Feature","properties":{"nombre":"Juan Martínez","jerarquia":4},"geometry":{"type":"LineString","coordinates":[[-70.34898,-27.35589],[-70.34829,-27.35644]]}},{"type":"Feature","properties":{"nombre":"Juan Martínez","jerarquia":4},"geometry":{"type":"LineString","coordinates":[[-70.34829,-27.35644],[-70.34757,-27.35702]]}},{"type":"Feature","properties":{"nombre":"Juan Martínez","jerarquia":4},"geometry":{"type":"LineString","coordinates":[[-70.34757,-27.35702],[-70.34677,-27.35766]]}},{"type":"Feature","properties":{"nombre":"Juan Martínez","jerarquia":4},"geometry":{"type":"LineString","coordinates":[[-70.34677,-27.35766],[-70.34638,-27.35797]]}},{"type":"Feature","properties":{"nombre":"Juan Martínez","jerarquia":4},"geometry":{"type":"LineString","coordinates":[[-70.34638,-27.35797],[-70.3458,-27.35843]]}},{"type":"Feature","properties":{"nombre":"Juan Martínez","jerarquia":4},"geometry":{"type":"LineString","coordinates":[[-70.3458,-27.35843],[-70.34449,-27.35947]]}},{"type":"Feature","properties":{"nombre":"Juan Martínez","jerarquia":4},"geometry":{"type":"LineString","coordinates":[[-70.34449,-27.35947],[-70.34443,-27.35952]]}},{"type":"Feature","properties":{"nombre":"Juan Martínez","jerarquia":4},"geometry":{"type":"LineString","coordinates":[[-70.34443,-27.35952],[-70.34298,-27.36067]]}},{"type":"Feature","properties":{"nombre":"Juan Martínez","jerarquia":4},"geometry":{"type":"LineString","coordinates":[[-70.34298,-27.36067],[-70.34147,-27.36187]]}},{"type":"Feature","properties":{"nombre":"Juan Martínez","jerarquia":4},"geometry":{"type":"LineString","coordinates":[[-70.34147,-27.36187],[-70.34133,-27.36205]]}},{"type":"Feature","properties":{"nombre":"","jerarquia":2},"geometry":{"type":"LineString","coordinates":[[-70.35234,-27.35233],[-70.35261,-27.35192]]}},{"type":"Feature","properties":{"nombre":"","jerarquia":2},"geometry":{"type":"LineString","coordinates":[[-70.35261,-27.35192],[-70.35268,-27.35178]]}},{"type":"Feature","properties":{"nombre":"Lautaro","jerarquia":3},"geometry":{"type":"LineString","coordinates":[[-70.33986,-27.36087],[-70.33989,-27.36105]]}},{"type":"Feature","properties":{"nombre":"Cancha Rayada","jerarquia":5},"geometry":{"type":"LineString","coordinates":[[-70.34905,-27.34817],[-70.3501,-27.34932]]}},{"type":"Feature","properties":{"nombre":"Cancha Rayada","jerarquia":5},"geometry":{"type":"LineString","coordinates":[[-70.3501,-27.34932],[-70.35042,-27.34961]]}},{"type":"Feature","properties":{"nombre":"Cancha Rayada","jerarquia":5},"geometry":{"type":"LineString","coordinates":[[-70.35042,-27.34961],[-70.35085,-27.34999]]}},{"type":"Feature","properties":{"nombre":"Cancha Rayada","jerarquia":5},"geometry":{"type":"LineString","coordinates":[[-70.35085,-27.34999],[-70.351,-27.35014]]}},{"type":"Feature","properties":{"nombre":"Cancha Rayada","jerarquia":5},"geometry":{"type":"LineString","coordinates":[[-70.351,-27.35014],[-70.35169,-27.3513]]}},{"type":"Feature","properties":{"nombre":"Cancha Rayada","jerarquia":5},"geometry":{"type":"LineString","coordinates":[[-70.35169,-27.3513],[-70.35234,-27.35233]]}},{"type":"Feature","properties":{"nombre":"El Chañar","jerarquia":5},"geometry":{"type":"LineString","coordinates":[[-70.30859,-27.36991],[-70.30783,-27.36991]]}},{"type":"Feature","properties":{"nombre":"El Chañar","jerarquia":5},"geometry":{"type":"LineString","coordinates":[[-70.30783,-27.36991],[-70.30713,-27.37015]]}},{"type":"Feature","properties":{"nombre":"El Chañar","jerarquia":5},"geometry":{"type":"LineString","coordinates":[[-70.30713,-27.37015],[-70.30704,-27.37021]]}},{"type":"Feature","properties":{"nombre":"El Chañar","jerarquia":5},"geometry":{"type":"LineString","coordinates":[[-70.30704,-27.37021],[-70.3064,-27.37076]]}},{"type":"Feature","properties":{"nombre":"El Chañar","jerarquia":5},"geometry":{"type":"LineString","coordinates":[[-70.3064,-27.37076],[-70.30582,-27.37142],[-70.30505,-27.37205]]}},{"type":"Feature","properties":{"nombre":"El Chañar","jerarquia":5},"geometry":{"type":"LineString","coordinates":[[-70.30505,-27.37205],[-70.3049,-27.37216]]}},{"type":"Feature","properties":{"nombre":"El Chañar","jerarquia":5},"geometry":{"type":"LineString","coordinates":[[-70.3049,-27.37216],[-70.30433,-27.37258]]}},{"type":"Feature","properties":{"nombre":"El Chañar","jerarquia":5},"geometry":{"type":"LineString","coordinates":[[-70.30433,-27.37258],[-70.30417,-27.37263]]}},{"type":"Feature","properties":{"nombre":"El Chañar","jerarquia":5},"geometry":{"type":"LineString","coordinates":[[-70.30417,-27.37263],[-70.30317,-27.37278]]}},{"type":"Feature","properties":{"nombre":"El Chañar","jerarquia":5},"geometry":{"type":"LineString","coordinates":[[-70.30317,-27.37278],[-70.30262,-27.37285],[-70.30241,-27.37314]]}},{"type":"Feature","properties":{"nombre":"Carlos Van Buren","jerarquia":5},"geometry":{"type":"LineString","coordinates":[[-70.31245,-27.37748],[-70.31198,-27.37708]]}},{"type":"Feature","properties":{"nombre":"Carlos Van Buren","jerarquia":5},"geometry":{"type":"LineString","coordinates":[[-70.31198,-27.37708],[-70.31186,-27.37698]]}},{"type":"Feature","properties":{"nombre":"Carlos Van Buren","jerarquia":5},"geometry":{"type":"LineString","coordinates":[[-70.31186,-27.37698],[-70.31151,-27.37668]]}},{"type":"Feature","properties":{"nombre":"Carlos Van Buren","jerarquia":5},"geometry":{"type":"LineString","coordinates":[[-70.31151,-27.37668],[-70.31117,-27.37639]]}},{"type":"Feature","properties":{"nombre":"Carlos Van Buren","jerarquia":5},"geometry":{"type":"LineString","coordinates":[[-70.31117,-27.37639],[-70.3108,-27.37607]]}},{"type":"Feature","properties":{"nombre":"Los Aromos","jerarquia":5},"geometry":{"type":"LineString","coordinates":[[-70.32331,-27.37851],[-70.32286,-27.37884]]}},{"type":"Feature","properties":{"nombre":"Los Aromos","jerarquia":5},"geometry":{"type":"LineString","coordinates":[[-70.32286,-27.37884],[-70.32242,-27.37914]]}},{"type":"Feature","properties":{"nombre":"Los Aromos","jerarquia":5},"geometry":{"type":"LineString","coordinates":[[-70.32242,-27.37914],[-70.32211,-27.37935]]}},{"type":"Feature","properties":{"nombre":"Los Aromos","jerarquia":5},"geometry":{"type":"LineString","coordinates":[[-70.32211,-27.37935],[-70.32141,-27.37982]]}},{"type":"Feature","properties":{"nombre":"Pedro Pablo Figueroa","jerarquia":5},"geometry":{"type":"LineString","coordinates":[[-70.31521,-27.38348],[-70.31508,-27.3834]]}},{"type":"Feature","properties":{"nombre":"Pedro Pablo Figueroa","jerarquia":5},"geometry":{"type":"LineString","coordinates":[[-70.31508,-27.3834],[-70.3147,-27.38312]]}},{"type":"Feature","properties":{"nombre":"Pedro Pablo Figueroa","jerarquia":5},"geometry":{"type":"LineString","coordinates":[[-70.3147,-27.38312],[-70.3144,-27.3829]]}},{"type":"Feature","properties":{"nombre":"Pedro Pablo Figueroa","jerarquia":5},"geometry":{"type":"LineString","coordinates":[[-70.3144,-27.3829],[-70.31407,-27.38265]]}},{"type":"Feature","properties":{"nombre":"Pedro Pablo Figueroa","jerarquia":5},"geometry":{"type":"LineString","coordinates":[[-70.31407,-27.38265],[-70.31386,-27.3825]]}},{"type":"Feature","properties":{"nombre":"Pedro Pablo Figueroa","jerarquia":5},"geometry":{"type":"LineString","coordinates":[[-70.31386,-27.3825],[-70.31372,-27.3824]]}},{"type":"Feature","properties":{"nombre":"Pedro Pablo Figueroa","jerarquia":5},"geometry":{"type":"LineString","coordinates":[[-70.31372,-27.3824],[-70.31354,-27.38226]]}},{"type":"Feature","properties":{"nombre":"Pedro Pablo Figueroa","jerarquia":5},"geometry":{"type":"LineString","coordinates":[[-70.31354,-27.38226],[-70.31322,-27.38203]]}},{"type":"Feature","properties":{"nombre":"Pedro Pablo Figueroa","jerarquia":5},"geometry":{"type":"LineString","coordinates":[[-70.31322,-27.38203],[-70.31305,-27.38191]]}},{"type":"Feature","properties":{"nombre":"Pedro Pablo Figueroa","jerarquia":5},"geometry":{"type":"LineString","coordinates":[[-70.31305,-27.38191],[-70.31281,-27.38175]]}},{"type":"Feature","properties":{"nombre":"Pedro Pablo Figueroa","jerarquia":5},"geometry":{"type":"LineString","coordinates":[[-70.31281,-27.38175],[-70.3126,-27.3816]]}},{"type":"Feature","properties":{"nombre":"Pedro Pablo Figueroa","jerarquia":5},"geometry":{"type":"LineString","coordinates":[[-70.3126,-27.3816],[-70.31236,-27.38142]]}},{"type":"Feature","properties":{"nombre":"Pedro Pablo Figueroa","jerarquia":5},"geometry":{"type":"LineString","coordinates":[[-70.31236,-27.38142],[-70.31156,-27.38086]]}},{"type":"Feature","properties":{"nombre":"Pedro Pablo Figueroa","jerarquia":5},"geometry":{"type":"LineString","coordinates":[[-70.31156,-27.38086],[-70.31136,-27.3807]]}},{"type":"Feature","properties":{"nombre":"Pedro Pablo Figueroa","jerarquia":5},"geometry":{"type":"LineString","coordinates":[[-70.31136,-27.3807],[-70.3113,-27.38059]]}},{"type":"Feature","properties":{"nombre":"Ramón Carnicer","jerarquia":5},"geometry":{"type":"LineString","coordinates":[[-70.31526,-27.35536],[-70.31607,-27.35551]]}},{"type":"Feature","properties":{"nombre":"Ramón Carnicer","jerarquia":5},"geometry":{"type":"LineString","coordinates":[[-70.31607,-27.35551],[-70.31729,-27.35553]]}},{"type":"Feature","properties":{"nombre":"Ramón Carnicer","jerarquia":5},"geometry":{"type":"LineString","coordinates":[[-70.31729,-27.35553],[-70.31795,-27.35554]]}},{"type":"Feature","properties":{"nombre":"Ramón Carnicer","jerarquia":5},"geometry":{"type":"LineString","coordinates":[[-70.31795,-27.35554],[-70.31841,-27.35554]]}},{"type":"Feature","properties":{"nombre":"Ramón Carnicer","jerarquia":5},"geometry":{"type":"LineString","coordinates":[[-70.31841,-27.35554],[-70.31879,-27.35561]]}},{"type":"Feature","properties":{"nombre":"Ramón Carnicer","jerarquia":5},"geometry":{"type":"LineString","coordinates":[[-70.31879,-27.35561],[-70.31916,-27.35572]]}},{"type":"Feature","properties":{"nombre":"Ramón Carnicer","jerarquia":5},"geometry":{"type":"LineString","coordinates":[[-70.31916,-27.35572],[-70.31953,-27.35587]]}},{"type":"Feature","properties":{"nombre":"Ramón Carnicer","jerarquia":5},"geometry":{"type":"LineString","coordinates":[[-70.31953,-27.35587],[-70.32046,-27.35632],[-70.32103,-27.35671],[-70.32182,-27.35736]]}},{"type":"Feature","properties":{"nombre":"Ramón Carnicer","jerarquia":5},"geometry":{"type":"LineString","coordinates":[[-70.32182,-27.35736],[-70.32185,-27.35739]]}},{"type":"Feature","properties":{"nombre":"Flora Normilla","jerarquia":5},"geometry":{"type":"LineString","coordinates":[[-70.32313,-27.35617],[-70.32354,-27.35657]]}},{"type":"Feature","properties":{"nombre":"Flora Normilla","jerarquia":5},"geometry":{"type":"LineString","coordinates":[[-70.32354,-27.35657],[-70.32389,-27.35695]]}},{"type":"Feature","properties":{"nombre":"Flora Normilla","jerarquia":5},"geometry":{"type":"LineString","coordinates":[[-70.32389,-27.35695],[-70.32425,-27.35737]]}},{"type":"Feature","properties":{"nombre":"Flora Normilla","jerarquia":5},"geometry":{"type":"LineString","coordinates":[[-70.32425,-27.35737],[-70.32456,-27.35774]]}},{"type":"Feature","properties":{"nombre":"Flora Normilla","jerarquia":5},"geometry":{"type":"LineString","coordinates":[[-70.32456,-27.35774],[-70.32489,-27.35811]]}},{"type":"Feature","properties":{"nombre":"Flora Normilla","jerarquia":5},"geometry":{"type":"LineString","coordinates":[[-70.32489,-27.35811],[-70.32525,-27.35855]]}},{"type":"Feature","properties":{"nombre":"Flora Normilla","jerarquia":5},"geometry":{"type":"LineString","coordinates":[[-70.32525,-27.35855],[-70.32555,-27.35888]]}},{"type":"Feature","properties":{"nombre":"Flora Normilla","jerarquia":5},"geometry":{"type":"LineString","coordinates":[[-70.32555,-27.35888],[-70.32602,-27.35946]]}},{"type":"Feature","properties":{"nombre":"Flora Normilla","jerarquia":5},"geometry":{"type":"LineString","coordinates":[[-70.32602,-27.35946],[-70.32634,-27.35982]]}},{"type":"Feature","properties":{"nombre":"Flora Normilla","jerarquia":5},"geometry":{"type":"LineString","coordinates":[[-70.32634,-27.35982],[-70.32672,-27.36027]]}},{"type":"Feature","properties":{"nombre":"Flora Normilla","jerarquia":5},"geometry":{"type":"LineString","coordinates":[[-70.32672,-27.36027],[-70.32716,-27.36079]]}},{"type":"Feature","properties":{"nombre":"Cardenal Samoré","jerarquia":5},"geometry":{"type":"LineString","coordinates":[[-70.31962,-27.35496],[-70.32013,-27.3551]]}},{"type":"Feature","properties":{"nombre":"Cardenal Samoré","jerarquia":5},"geometry":{"type":"LineString","coordinates":[[-70.32013,-27.3551],[-70.32061,-27.35524]]}},{"type":"Feature","properties":{"nombre":"Cardenal Samoré","jerarquia":5},"geometry":{"type":"LineString","coordinates":[[-70.32061,-27.35524],[-70.32095,-27.35533]]}},{"type":"Feature","properties":{"nombre":"Cardenal Samoré","jerarquia":5},"geometry":{"type":"LineString","coordinates":[[-70.32095,-27.35533],[-70.32109,-27.35537]]}},{"type":"Feature","properties":{"nombre":"Cardenal Samoré","jerarquia":5},"geometry":{"type":"LineString","coordinates":[[-70.32109,-27.35537],[-70.32157,-27.35551]]}},{"type":"Feature","properties":{"nombre":"Cardenal Samoré","jerarquia":5},"geometry":{"type":"LineString","coordinates":[[-70.32157,-27.35551],[-70.32206,-27.35564]]}},{"type":"Feature","properties":{"nombre":"Cardenal Samoré","jerarquia":5},"geometry":{"type":"LineString","coordinates":[[-70.32206,-27.35564],[-70.32218,-27.35566]]}},{"type":"Feature","properties":{"nombre":"Cardenal Samoré","jerarquia":5},"geometry":{"type":"LineString","coordinates":[[-70.32218,-27.35566],[-70.32264,-27.3558],[-70.32313,-27.35617]]}},{"type":"Feature","properties":{"nombre":"Circunvalación Norte","jerarquia":5},"geometry":{"type":"LineString","coordinates":[[-70.30786,-27.37788],[-70.30813,-27.37769]]}},{"type":"Feature","properties":{"nombre":"Circunvalación Norte","jerarquia":5},"geometry":{"type":"LineString","coordinates":[[-70.30813,-27.37769],[-70.30891,-27.37702]]}},{"type":"Feature","properties":{"nombre":"Circunvalación Norte","jerarquia":5},"geometry":{"type":"LineString","coordinates":[[-70.30891,-27.37702],[-70.30985,-27.37626]]}},{"type":"Feature","properties":{"nombre":"Circunvalación Norte","jerarquia":5},"geometry":{"type":"LineString","coordinates":[[-70.30985,-27.37626],[-70.31021,-27.37597]]}},{"type":"Feature","properties":{"nombre":"Circunvalación Norte","jerarquia":5},"geometry":{"type":"LineString","coordinates":[[-70.31021,-27.37597],[-70.31048,-27.37576]]}},{"type":"Feature","properties":{"nombre":"Yerbas Buenas","jerarquia":5},"geometry":{"type":"LineString","coordinates":[[-70.32904,-27.35242],[-70.3296,-27.35292],[-70.32978,-27.35313]]}},{"type":"Feature","properties":{"nombre":"Yerbas Buenas","jerarquia":5},"geometry":{"type":"LineString","coordinates":[[-70.32978,-27.35313],[-70.33004,-27.35343]]}},{"type":"Feature","properties":{"nombre":"Yerbas Buenas","jerarquia":5},"geometry":{"type":"LineString","coordinates":[[-70.33004,-27.35343],[-70.33105,-27.35477]]}},{"type":"Feature","properties":{"nombre":"Yerbas Buenas","jerarquia":5},"geometry":{"type":"LineString","coordinates":[[-70.33105,-27.35477],[-70.33149,-27.3554],[-70.33199,-27.35634]]}},{"type":"Feature","properties":{"nombre":"Yerbas Buenas","jerarquia":5},"geometry":{"type":"LineString","coordinates":[[-70.33199,-27.35634],[-70.33271,-27.35867]]}},{"type":"Feature","properties":{"nombre":"Yerbas Buenas","jerarquia":5},"geometry":{"type":"LineString","coordinates":[[-70.33271,-27.35867],[-70.33295,-27.35935]]}},{"type":"Feature","properties":{"nombre":"Yerbas Buenas","jerarquia":5},"geometry":{"type":"LineString","coordinates":[[-70.33295,-27.35935],[-70.33293,-27.35997]]}},{"type":"Feature","properties":{"nombre":"Avenida El Chañar","jerarquia":5},"geometry":{"type":"LineString","coordinates":[[-70.30795,-27.3639],[-70.30836,-27.36358]]}},{"type":"Feature","properties":{"nombre":"Avenida El Chañar","jerarquia":5},"geometry":{"type":"LineString","coordinates":[[-70.30836,-27.36358],[-70.30851,-27.36319]]}},{"type":"Feature","properties":{"nombre":"Avenida El Chañar","jerarquia":5},"geometry":{"type":"LineString","coordinates":[[-70.30851,-27.36319],[-70.3086,-27.36284]]}},{"type":"Feature","properties":{"nombre":"Avenida El Chañar","jerarquia":5},"geometry":{"type":"LineString","coordinates":[[-70.3086,-27.36284],[-70.30872,-27.36237]]}},{"type":"Feature","properties":{"nombre":"Avenida El Chañar","jerarquia":5},"geometry":{"type":"LineString","coordinates":[[-70.30872,-27.36237],[-70.30899,-27.36136]]}},{"type":"Feature","properties":{"nombre":"Avenida El Chañar","jerarquia":5},"geometry":{"type":"LineString","coordinates":[[-70.30899,-27.36136],[-70.30901,-27.36127]]}},{"type":"Feature","properties":{"nombre":"Avenida El Chañar","jerarquia":5},"geometry":{"type":"LineString","coordinates":[[-70.30901,-27.36127],[-70.30926,-27.36039]]}},{"type":"Feature","properties":{"nombre":"Avenida El Chañar","jerarquia":5},"geometry":{"type":"LineString","coordinates":[[-70.30926,-27.36039],[-70.30934,-27.36009]]}},{"type":"Feature","properties":{"nombre":"Avenida El Chañar","jerarquia":5},"geometry":{"type":"LineString","coordinates":[[-70.30934,-27.36009],[-70.30943,-27.35978]]}},{"type":"Feature","properties":{"nombre":"Avenida El Chañar","jerarquia":5},"geometry":{"type":"LineString","coordinates":[[-70.30943,-27.35978],[-70.30958,-27.35923]]}},{"type":"Feature","properties":{"nombre":"Avenida El Chañar","jerarquia":5},"geometry":{"type":"LineString","coordinates":[[-70.30958,-27.35923],[-70.30971,-27.35873],[-70.30989,-27.35856]]}},{"type":"Feature","properties":{"nombre":"Eleuterio Ramírez","jerarquia":4},"geometry":{"type":"LineString","coordinates":[[-70.31396,-27.37342],[-70.31405,-27.3735]]}},{"type":"Feature","properties":{"nombre":"Bernardo O'Higgins","jerarquia":4},"geometry":{"type":"LineString","coordinates":[[-70.34062,-27.36157],[-70.33932,-27.36247]]}},{"type":"Feature","properties":{"nombre":"Bernardo O'Higgins","jerarquia":4},"geometry":{"type":"LineString","coordinates":[[-70.33932,-27.36247],[-70.33827,-27.36321]]}},{"type":"Feature","properties":{"nombre":"Bernardo O'Higgins","jerarquia":4},"geometry":{"type":"LineString","coordinates":[[-70.33827,-27.36321],[-70.33707,-27.36405]]}},{"type":"Feature","properties":{"nombre":"Bernardo O'Higgins","jerarquia":4},"geometry":{"type":"LineString","coordinates":[[-70.33707,-27.36405],[-70.33588,-27.36477]]}},{"type":"Feature","properties":{"nombre":"Bernardo O'Higgins","jerarquia":4},"geometry":{"type":"LineString","coordinates":[[-70.33588,-27.36477],[-70.33459,-27.36561]]}},{"type":"Feature","properties":{"nombre":"Bernardo O'Higgins","jerarquia":4},"geometry":{"type":"LineString","coordinates":[[-70.33459,-27.36561],[-70.3342,-27.36587]]}},{"type":"Feature","properties":{"nombre":"Bernardo O'Higgins","jerarquia":4},"geometry":{"type":"LineString","coordinates":[[-70.3342,-27.36587],[-70.33321,-27.36661]]}},{"type":"Feature","properties":{"nombre":"Bernardo O'Higgins","jerarquia":4},"geometry":{"type":"LineString","coordinates":[[-70.33321,-27.36661],[-70.33219,-27.36738]]}},{"type":"Feature","properties":{"nombre":"Bernardo O'Higgins","jerarquia":4},"geometry":{"type":"LineString","coordinates":[[-70.33219,-27.36738],[-70.33115,-27.36818]]}},{"type":"Feature","properties":{"nombre":"Bernardo O'Higgins","jerarquia":4},"geometry":{"type":"LineString","coordinates":[[-70.33115,-27.36818],[-70.33015,-27.36896]]}},{"type":"Feature","properties":{"nombre":"Bernardo O'Higgins","jerarquia":4},"geometry":{"type":"LineString","coordinates":[[-70.33015,-27.36896],[-70.32914,-27.36974]]}},{"type":"Feature","properties":{"nombre":"Bernardo O'Higgins","jerarquia":4},"geometry":{"type":"LineString","coordinates":[[-70.32914,-27.36974],[-70.32862,-27.37012]]}},{"type":"Feature","properties":{"nombre":"Bernardo O'Higgins","jerarquia":4},"geometry":{"type":"LineString","coordinates":[[-70.32862,-27.37012],[-70.3277,-27.37084]]}},{"type":"Feature","properties":{"nombre":"Bernardo O'Higgins","jerarquia":4},"geometry":{"type":"LineString","coordinates":[[-70.3277,-27.37084],[-70.32644,-27.37179]]}},{"type":"Feature","properties":{"nombre":"Atacama","jerarquia":3},"geometry":{"type":"LineString","coordinates":[[-70.34117,-27.3622],[-70.33993,-27.36323]]}},{"type":"Feature","properties":{"nombre":"Atacama","jerarquia":3},"geometry":{"type":"LineString","coordinates":[[-70.33993,-27.36323],[-70.33891,-27.36406]]}},{"type":"Feature","properties":{"nombre":"Atacama","jerarquia":3},"geometry":{"type":"LineString","coordinates":[[-70.33891,-27.36406],[-70.33766,-27.36499]]}},{"type":"Feature","properties":{"nombre":"Atacama","jerarquia":3},"geometry":{"type":"LineString","coordinates":[[-70.33766,-27.36499],[-70.33641,-27.36575]]}},{"type":"Feature","properties":{"nombre":"Atacama","jerarquia":3},"geometry":{"type":"LineString","coordinates":[[-70.33641,-27.36575],[-70.335,-27.36667]]}},{"type":"Feature","properties":{"nombre":"Atacama","jerarquia":3},"geometry":{"type":"LineString","coordinates":[[-70.335,-27.36667],[-70.33407,-27.36746]]}},{"type":"Feature","properties":{"nombre":"Atacama","jerarquia":3},"geometry":{"type":"LineString","coordinates":[[-70.33407,-27.36746],[-70.333,-27.36833]]}},{"type":"Feature","properties":{"nombre":"Atacama","jerarquia":3},"geometry":{"type":"LineString","coordinates":[[-70.333,-27.36833],[-70.33204,-27.36911]]}},{"type":"Feature","properties":{"nombre":"Atacama","jerarquia":3},"geometry":{"type":"LineString","coordinates":[[-70.33204,-27.36911],[-70.33104,-27.36992]]}},{"type":"Feature","properties":{"nombre":"Atacama","jerarquia":3},"geometry":{"type":"LineString","coordinates":[[-70.33104,-27.36992],[-70.33004,-27.37079]]}},{"type":"Feature","properties":{"nombre":"Atacama","jerarquia":3},"geometry":{"type":"LineString","coordinates":[[-70.33004,-27.37079],[-70.32956,-27.37118]]}},{"type":"Feature","properties":{"nombre":"Atacama","jerarquia":3},"geometry":{"type":"LineString","coordinates":[[-70.32956,-27.37118],[-70.32868,-27.37185]]}},{"type":"Feature","properties":{"nombre":"Atacama","jerarquia":3},"geometry":{"type":"LineString","coordinates":[[-70.32868,-27.37185],[-70.32743,-27.37267]]}},{"type":"Feature","properties":{"nombre":"Atacama","jerarquia":3},"geometry":{"type":"LineString","coordinates":[[-70.32743,-27.37267],[-70.32712,-27.37287]]}},{"type":"Feature","properties":{"nombre":"Atacama","jerarquia":3},"geometry":{"type":"LineString","coordinates":[[-70.32712,-27.37287],[-70.32698,-27.37297]]}},{"type":"Feature","properties":{"nombre":"Carlos Condell","jerarquia":5},"geometry":{"type":"LineString","coordinates":[[-70.31115,-27.36234],[-70.31151,-27.36262]]}},{"type":"Feature","properties":{"nombre":"Carlos Condell","jerarquia":5},"geometry":{"type":"LineString","coordinates":[[-70.31151,-27.36262],[-70.31186,-27.3629]]}},{"type":"Feature","properties":{"nombre":"Carlos Condell","jerarquia":5},"geometry":{"type":"LineString","coordinates":[[-70.31186,-27.3629],[-70.31233,-27.36316]]}},{"type":"Feature","properties":{"nombre":"Carlos Condell","jerarquia":5},"geometry":{"type":"LineString","coordinates":[[-70.31233,-27.36316],[-70.31277,-27.3634]]}},{"type":"Feature","properties":{"nombre":"Carlos Condell","jerarquia":5},"geometry":{"type":"LineString","coordinates":[[-70.31277,-27.3634],[-70.3131,-27.36363]]}},{"type":"Feature","properties":{"nombre":"Carlos Condell","jerarquia":5},"geometry":{"type":"LineString","coordinates":[[-70.3131,-27.36363],[-70.31359,-27.36401]]}},{"type":"Feature","properties":{"nombre":"Carlos Condell","jerarquia":5},"geometry":{"type":"LineString","coordinates":[[-70.31359,-27.36401],[-70.31392,-27.36424]]}},{"type":"Feature","properties":{"nombre":"Carlos Condell","jerarquia":5},"geometry":{"type":"LineString","coordinates":[[-70.31392,-27.36424],[-70.31426,-27.36452]]}},{"type":"Feature","properties":{"nombre":"Carlos Condell","jerarquia":5},"geometry":{"type":"LineString","coordinates":[[-70.31426,-27.36452],[-70.31459,-27.36479]]}},{"type":"Feature","properties":{"nombre":"Choshuenco","jerarquia":5},"geometry":{"type":"LineString","coordinates":[[-70.30241,-27.37314],[-70.30236,-27.37323]]}},{"type":"Feature","properties":{"nombre":"Choshuenco","jerarquia":5},"geometry":{"type":"LineString","coordinates":[[-70.30236,-27.37323],[-70.30223,-27.37343],[-70.3022,-27.37356]]}},{"type":"Feature","properties":{"nombre":"Choshuenco","jerarquia":5},"geometry":{"type":"LineString","coordinates":[[-70.3022,-27.37356],[-70.30223,-27.3737],[-70.30243,-27.37386]]}},{"type":"Feature","properties":{"nombre":"Choshuenco","jerarquia":5},"geometry":{"type":"LineString","coordinates":[[-70.30243,-27.37386],[-70.3028,-27.37411]]}},{"type":"Feature","properties":{"nombre":"Choshuenco","jerarquia":5},"geometry":{"type":"LineString","coordinates":[[-70.3028,-27.37411],[-70.30311,-27.37434]]}},{"type":"Feature","properties":{"nombre":"Choshuenco","jerarquia":5},"geometry":{"type":"LineString","coordinates":[[-70.30311,-27.37434],[-70.30339,-27.3747]]}},{"type":"Feature","properties":{"nombre":"Choshuenco","jerarquia":5},"geometry":{"type":"LineString","coordinates":[[-70.30339,-27.3747],[-70.30365,-27.37507]]}},{"type":"Feature","properties":{"nombre":"Choshuenco","jerarquia":5},"geometry":{"type":"LineString","coordinates":[[-70.30365,-27.37507],[-70.30389,-27.3754]]}},{"type":"Feature","properties":{"nombre":"Choshuenco","jerarquia":5},"geometry":{"type":"LineString","coordinates":[[-70.30389,-27.3754],[-70.30414,-27.37574]]}},{"type":"Feature","properties":{"nombre":"Choshuenco","jerarquia":5},"geometry":{"type":"LineString","coordinates":[[-70.30414,-27.37574],[-70.3044,-27.37606]]}},{"type":"Feature","properties":{"nombre":"Choshuenco","jerarquia":5},"geometry":{"type":"LineString","coordinates":[[-70.3044,-27.37606],[-70.3047,-27.37632]]}},{"type":"Feature","properties":{"nombre":"Choshuenco","jerarquia":5},"geometry":{"type":"LineString","coordinates":[[-70.3047,-27.37632],[-70.30502,-27.37657]]}},{"type":"Feature","properties":{"nombre":"Choshuenco","jerarquia":5},"geometry":{"type":"LineString","coordinates":[[-70.30502,-27.37657],[-70.30537,-27.37679]]}},{"type":"Feature","properties":{"nombre":"Eleuterio Ramírez","jerarquia":5},"geometry":{"type":"LineString","coordinates":[[-70.30859,-27.36991],[-70.30827,-27.36972],[-70.30804,-27.36945]]}},{"type":"Feature","properties":{"nombre":"Eleuterio Ramírez","jerarquia":5},"geometry":{"type":"LineString","coordinates":[[-70.30804,-27.36945],[-70.30788,-27.36913]]}},{"type":"Feature","properties":{"nombre":"Eleuterio Ramírez","jerarquia":5},"geometry":{"type":"LineString","coordinates":[[-70.30788,-27.36913],[-70.30778,-27.36837]]}},{"type":"Feature","properties":{"nombre":"Eleuterio Ramírez","jerarquia":5},"geometry":{"type":"LineString","coordinates":[[-70.30778,-27.36837],[-70.30768,-27.36773]]}},{"type":"Feature","properties":{"nombre":"Eleuterio Ramírez","jerarquia":5},"geometry":{"type":"LineString","coordinates":[[-70.30768,-27.36773],[-70.30766,-27.36758]]}},{"type":"Feature","properties":{"nombre":"Eleuterio Ramírez","jerarquia":5},"geometry":{"type":"LineString","coordinates":[[-70.30766,-27.36758],[-70.3075,-27.36671]]}},{"type":"Feature","properties":{"nombre":"Eleuterio Ramírez","jerarquia":5},"geometry":{"type":"LineString","coordinates":[[-70.3075,-27.36671],[-70.30744,-27.36644],[-70.3073,-27.36622]]}},{"type":"Feature","properties":{"nombre":"Eleuterio Ramírez","jerarquia":5},"geometry":{"type":"LineString","coordinates":[[-70.3073,-27.36622],[-70.30718,-27.36612]]}},{"type":"Feature","properties":{"nombre":"Eleuterio Ramírez","jerarquia":5},"geometry":{"type":"LineString","coordinates":[[-70.30718,-27.36612],[-70.30701,-27.36604],[-70.30695,-27.36595]]}},{"type":"Feature","properties":{"nombre":"Eleuterio Ramírez","jerarquia":5},"geometry":{"type":"LineString","coordinates":[[-70.30695,-27.36595],[-70.30719,-27.36531],[-70.30724,-27.36478]]}},{"type":"Feature","properties":{"nombre":"Eleuterio Ramírez","jerarquia":5},"geometry":{"type":"LineString","coordinates":[[-70.30724,-27.36478],[-70.30729,-27.36447]]}},{"type":"Feature","properties":{"nombre":"Eleuterio Ramírez","jerarquia":5},"geometry":{"type":"LineString","coordinates":[[-70.30729,-27.36447],[-70.3075,-27.36422]]}},{"type":"Feature","properties":{"nombre":"Eleuterio Ramírez","jerarquia":5},"geometry":{"type":"LineString","coordinates":[[-70.3075,-27.36422],[-70.30795,-27.3639]]}},{"type":"Feature","properties":{"nombre":"Los Loros","jerarquia":4},"geometry":{"type":"LineString","coordinates":[[-70.31172,-27.36907],[-70.31171,-27.36801]]}},{"type":"Feature","properties":{"nombre":"Los Loros","jerarquia":4},"geometry":{"type":"LineString","coordinates":[[-70.31171,-27.36801],[-70.31184,-27.36772]]}},{"type":"Feature","properties":{"nombre":"Los Loros","jerarquia":4},"geometry":{"type":"LineString","coordinates":[[-70.31184,-27.36772],[-70.31201,-27.36746]]}},{"type":"Feature","properties":{"nombre":"Los Loros","jerarquia":4},"geometry":{"type":"LineString","coordinates":[[-70.31201,-27.36746],[-70.31221,-27.36722]]}},{"type":"Feature","properties":{"nombre":"Los Loros","jerarquia":4},"geometry":{"type":"LineString","coordinates":[[-70.32136,-27.36089],[-70.32184,-27.36058]]}},{"type":"Feature","properties":{"nombre":"Los Loros","jerarquia":4},"geometry":{"type":"LineString","coordinates":[[-70.32184,-27.36058],[-70.3223,-27.36025]]}},{"type":"Feature","properties":{"nombre":"Los Loros","jerarquia":4},"geometry":{"type":"LineString","coordinates":[[-70.3223,-27.36025],[-70.32295,-27.35976]]}},{"type":"Feature","properties":{"nombre":"Los Loros","jerarquia":4},"geometry":{"type":"LineString","coordinates":[[-70.32295,-27.35976],[-70.32361,-27.35941]]}},{"type":"Feature","properties":{"nombre":"Los Loros","jerarquia":4},"geometry":{"type":"LineString","coordinates":[[-70.32361,-27.35941],[-70.32423,-27.35909]]}},{"type":"Feature","properties":{"nombre":"Los Loros","jerarquia":4},"geometry":{"type":"LineString","coordinates":[[-70.32423,-27.35909],[-70.32525,-27.35855]]}},{"type":"Feature","properties":{"nombre":"Los Loros","jerarquia":4},"geometry":{"type":"LineString","coordinates":[[-70.32525,-27.35855],[-70.32613,-27.35811]]}},{"type":"Feature","properties":{"nombre":"Carlos Condell","jerarquia":5},"geometry":{"type":"LineString","coordinates":[[-70.31452,-27.36485],[-70.3142,-27.36457]]}},{"type":"Feature","properties":{"nombre":"Carlos Condell","jerarquia":5},"geometry":{"type":"LineString","coordinates":[[-70.3142,-27.36457],[-70.31386,-27.36429]]}},{"type":"Feature","properties":{"nombre":"Carlos Condell","jerarquia":5},"geometry":{"type":"LineString","coordinates":[[-70.31386,-27.36429],[-70.31353,-27.36405]]}},{"type":"Feature","properties":{"nombre":"Carlos Condell","jerarquia":5},"geometry":{"type":"LineString","coordinates":[[-70.31353,-27.36405],[-70.31318,-27.36379]]}},{"type":"Feature","properties":{"nombre":"Carlos Condell","jerarquia":5},"geometry":{"type":"LineString","coordinates":[[-70.31318,-27.36379],[-70.31282,-27.36352]]}},{"type":"Feature","properties":{"nombre":"Eusebio Lillo","jerarquia":5},"geometry":{"type":"LineString","coordinates":[[-70.32185,-27.35739],[-70.32242,-27.35685]]}},{"type":"Feature","properties":{"nombre":"Panamericana Norte","jerarquia":5},"geometry":{"type":"LineString","coordinates":[[-70.33608,-27.37377],[-70.33595,-27.37281],[-70.3354,-27.37193]]}},{"type":"Feature","properties":{"nombre":"","jerarquia":2},"geometry":{"type":"LineString","coordinates":[[-70.33652,-27.37845],[-70.33672,-27.37836]]}},{"type":"Feature","properties":{"nombre":"","jerarquia":2},"geometry":{"type":"LineString","coordinates":[[-70.33672,-27.37836],[-70.33678,-27.37835]]}},{"type":"Feature","properties":{"nombre":"Panamericana Norte","jerarquia":5},"geometry":{"type":"LineString","coordinates":[[-70.3365,-27.37285],[-70.33684,-27.37681]]}},{"type":"Feature","properties":{"nombre":"Vallenar","jerarquia":5},"geometry":{"type":"LineString","coordinates":[[-70.33978,-27.37229],[-70.33986,-27.37245],[-70.33997,-27.37371],[-70.33994,-27.37421],[-70.33986,-27.37448]]}},{"type":"Feature","properties":{"nombre":"Vallenar","jerarquia":5},"geometry":{"type":"LineString","coordinates":[[-70.33986,-27.37448],[-70.33944,-27.37549]]}},{"type":"Feature","properties":{"nombre":"Vallenar","jerarquia":5},"geometry":{"type":"LineString","coordinates":[[-70.33944,-27.37549],[-70.33928,-27.3759]]}},{"type":"Feature","properties":{"nombre":"Vallenar","jerarquia":5},"geometry":{"type":"LineString","coordinates":[[-70.33928,-27.3759],[-70.33904,-27.37645]]}},{"type":"Feature","properties":{"nombre":"Vallenar","jerarquia":5},"geometry":{"type":"LineString","coordinates":[[-70.33904,-27.37645],[-70.33891,-27.37671]]}},{"type":"Feature","properties":{"nombre":"Vallenar","jerarquia":5},"geometry":{"type":"LineString","coordinates":[[-70.33891,-27.37671],[-70.33875,-27.37707]]}},{"type":"Feature","properties":{"nombre":"La Paz","jerarquia":5},"geometry":{"type":"LineString","coordinates":[[-70.33927,-27.37042],[-70.33918,-27.3705]]}},{"type":"Feature","properties":{"nombre":"La Paz","jerarquia":5},"geometry":{"type":"LineString","coordinates":[[-70.33918,-27.3705],[-70.33884,-27.37077]]}},{"type":"Feature","properties":{"nombre":"La Paz","jerarquia":5},"geometry":{"type":"LineString","coordinates":[[-70.33884,-27.37077],[-70.3385,-27.37104]]}},{"type":"Feature","properties":{"nombre":"La Paz","jerarquia":5},"geometry":{"type":"LineString","coordinates":[[-70.3385,-27.37104],[-70.33826,-27.37123]]}},{"type":"Feature","properties":{"nombre":"","jerarquia":5},"geometry":{"type":"LineString","coordinates":[[-70.33576,-27.37462],[-70.33574,-27.37452]]}},{"type":"Feature","properties":{"nombre":"Chacabuco","jerarquia":2},"geometry":{"type":"LineString","coordinates":[[-70.33622,-27.36952],[-70.33636,-27.36965]]}},{"type":"Feature","properties":{"nombre":"Avenida Los Carrera","jerarquia":5},"geometry":{"type":"LineString","coordinates":[[-70.32257,-27.37263],[-70.32245,-27.37258],[-70.32216,-27.37261]]}},{"type":"Feature","properties":{"nombre":"","jerarquia":3},"geometry":{"type":"LineString","coordinates":[[-70.32706,-27.37308],[-70.3271,-27.373],[-70.3272,-27.37301]]}},{"type":"Feature","properties":{"nombre":"Avenida Los Carrera","jerarquia":3},"geometry":{"type":"LineString","coordinates":[[-70.31039,-27.38141],[-70.3104,-27.38136]]}},{"type":"Feature","properties":{"nombre":"Avenida Los Carrera","jerarquia":3},"geometry":{"type":"LineString","coordinates":[[-70.3104,-27.38136],[-70.3113,-27.38059]]}},{"type":"Feature","properties":{"nombre":"Avenida Los Carrera","jerarquia":3},"geometry":{"type":"LineString","coordinates":[[-70.3113,-27.38059],[-70.3114,-27.38051]]}},{"type":"Feature","properties":{"nombre":"Avenida Los Carrera","jerarquia":3},"geometry":{"type":"LineString","coordinates":[[-70.3114,-27.38051],[-70.31375,-27.37855]]}},{"type":"Feature","properties":{"nombre":"Avenida Los Carrera","jerarquia":3},"geometry":{"type":"LineString","coordinates":[[-70.31375,-27.37855],[-70.31439,-27.3779]]}},{"type":"Feature","properties":{"nombre":"Avenida Los Carrera","jerarquia":3},"geometry":{"type":"LineString","coordinates":[[-70.31439,-27.3779],[-70.31466,-27.37761]]}},{"type":"Feature","properties":{"nombre":"Avenida Los Carrera","jerarquia":3},"geometry":{"type":"LineString","coordinates":[[-70.31466,-27.37761],[-70.31523,-27.37697]]}},{"type":"Feature","properties":{"nombre":"Avenida Los Carrera","jerarquia":3},"geometry":{"type":"LineString","coordinates":[[-70.31523,-27.37697],[-70.31559,-27.37658]]}},{"type":"Feature","properties":{"nombre":"Avenida Los Carrera","jerarquia":3},"geometry":{"type":"LineString","coordinates":[[-70.31559,-27.37658],[-70.31589,-27.37626]]}},{"type":"Feature","properties":{"nombre":"Avenida Los Carrera","jerarquia":3},"geometry":{"type":"LineString","coordinates":[[-70.31589,-27.37626],[-70.3161,-27.37604],[-70.31628,-27.37592]]}},{"type":"Feature","properties":{"nombre":"Avenida Los Carrera","jerarquia":3},"geometry":{"type":"LineString","coordinates":[[-70.31628,-27.37592],[-70.31639,-27.37589]]}},{"type":"Feature","properties":{"nombre":"Avenida Los Carrera","jerarquia":3},"geometry":{"type":"LineString","coordinates":[[-70.31639,-27.37589],[-70.31535,-27.37707]]}},{"type":"Feature","properties":{"nombre":"Avenida Los Carrera","jerarquia":3},"geometry":{"type":"LineString","coordinates":[[-70.31535,-27.37707],[-70.31477,-27.37772]]}},{"type":"Feature","properties":{"nombre":"Avenida Los Carrera","jerarquia":3},"geometry":{"type":"LineString","coordinates":[[-70.31477,-27.37772],[-70.31391,-27.37862]]}},{"type":"Feature","properties":{"nombre":"Avenida Los Carrera","jerarquia":3},"geometry":{"type":"LineString","coordinates":[[-70.31391,-27.37862],[-70.31183,-27.38037],[-70.31144,-27.38064]]}},{"type":"Feature","properties":{"nombre":"Avenida Los Carrera","jerarquia":3},"geometry":{"type":"LineString","coordinates":[[-70.31647,-27.37585],[-70.31657,-27.37579]]}},{"type":"Feature","properties":{"nombre":"Avenida Los Carrera","jerarquia":3},"geometry":{"type":"LineString","coordinates":[[-70.31657,-27.37579],[-70.31959,-27.37411]]}},{"type":"Feature","properties":{"nombre":"Avenida Los Carrera","jerarquia":3},"geometry":{"type":"LineString","coordinates":[[-70.31959,-27.37411],[-70.32137,-27.37307]]}},{"type":"Feature","properties":{"nombre":"Avenida Los Carrera","jerarquia":3},"geometry":{"type":"LineString","coordinates":[[-70.32137,-27.37307],[-70.32216,-27.37261]]}},{"type":"Feature","properties":{"nombre":"","jerarquia":2},"geometry":{"type":"LineString","coordinates":[[-70.31313,-27.38702],[-70.313,-27.38666]]}},{"type":"Feature","properties":{"nombre":"","jerarquia":2},"geometry":{"type":"LineString","coordinates":[[-70.313,-27.38666],[-70.31294,-27.38657]]}},{"type":"Feature","properties":{"nombre":"","jerarquia":3},"geometry":{"type":"LineString","coordinates":[[-70.31273,-27.38634],[-70.31301,-27.38643]]}},{"type":"Feature","properties":{"nombre":"","jerarquia":3},"geometry":{"type":"LineString","coordinates":[[-70.31301,-27.38643],[-70.31322,-27.38638]]}},{"type":"Feature","properties":{"nombre":"Diego de Almagro","jerarquia":3},"geometry":{"type":"LineString","coordinates":[[-70.30864,-27.38337],[-70.30874,-27.3834],[-70.30987,-27.38423]]}},{"type":"Feature","properties":{"nombre":"Diego de Almagro","jerarquia":3},"geometry":{"type":"LineString","coordinates":[[-70.30987,-27.38423],[-70.31193,-27.38578]]}},{"type":"Feature","properties":{"nombre":"Fundo Palermo","jerarquia":5},"geometry":{"type":"LineString","coordinates":[[-70.33526,-27.38542],[-70.33495,-27.38514]]}},{"type":"Feature","properties":{"nombre":"Fundo Palermo","jerarquia":5},"geometry":{"type":"LineString","coordinates":[[-70.33495,-27.38514],[-70.33487,-27.3851]]}},{"type":"Feature","properties":{"nombre":"Fundo Palermo","jerarquia":5},"geometry":{"type":"LineString","coordinates":[[-70.33487,-27.3851],[-70.3345,-27.38491]]}},{"type":"Feature","properties":{"nombre":"Fundo Palermo","jerarquia":5},"geometry":{"type":"LineString","coordinates":[[-70.3345,-27.38491],[-70.33411,-27.3847]]}},{"type":"Feature","properties":{"nombre":"Fundo Palermo","jerarquia":5},"geometry":{"type":"LineString","coordinates":[[-70.33411,-27.3847],[-70.33385,-27.38456]]}},{"type":"Feature","properties":{"nombre":"Fundo Palermo","jerarquia":5},"geometry":{"type":"LineString","coordinates":[[-70.33385,-27.38456],[-70.33353,-27.38439]]}},{"type":"Feature","properties":{"nombre":"Fundo Palermo","jerarquia":5},"geometry":{"type":"LineString","coordinates":[[-70.33353,-27.38439],[-70.33323,-27.38422]]}},{"type":"Feature","properties":{"nombre":"Fundo Palermo","jerarquia":5},"geometry":{"type":"LineString","coordinates":[[-70.33323,-27.38422],[-70.33313,-27.38417]]}},{"type":"Feature","properties":{"nombre":"Fundo Palermo","jerarquia":5},"geometry":{"type":"LineString","coordinates":[[-70.33313,-27.38417],[-70.33295,-27.38407]]}},{"type":"Feature","properties":{"nombre":"Fundo Palermo","jerarquia":5},"geometry":{"type":"LineString","coordinates":[[-70.33295,-27.38407],[-70.33279,-27.38398]]}},{"type":"Feature","properties":{"nombre":"Fundo Palermo","jerarquia":5},"geometry":{"type":"LineString","coordinates":[[-70.33279,-27.38398],[-70.33268,-27.38392]]}},{"type":"Feature","properties":{"nombre":"Fundo Palermo","jerarquia":5},"geometry":{"type":"LineString","coordinates":[[-70.33268,-27.38392],[-70.3324,-27.38377]]}},{"type":"Feature","properties":{"nombre":"Fundo Palermo","jerarquia":5},"geometry":{"type":"LineString","coordinates":[[-70.3324,-27.38377],[-70.33213,-27.38362]]}},{"type":"Feature","properties":{"nombre":"Fundo Palermo","jerarquia":5},"geometry":{"type":"LineString","coordinates":[[-70.33213,-27.38362],[-70.3318,-27.38344]]}},{"type":"Feature","properties":{"nombre":"Fundo Palermo","jerarquia":5},"geometry":{"type":"LineString","coordinates":[[-70.3318,-27.38344],[-70.33113,-27.38307]]}},{"type":"Feature","properties":{"nombre":"Fundo Palermo","jerarquia":5},"geometry":{"type":"LineString","coordinates":[[-70.33113,-27.38307],[-70.3308,-27.38289]]}},{"type":"Feature","properties":{"nombre":"Fundo Palermo","jerarquia":5},"geometry":{"type":"LineString","coordinates":[[-70.3308,-27.38289],[-70.32984,-27.38236]]}},{"type":"Feature","properties":{"nombre":"Fundo Palermo","jerarquia":5},"geometry":{"type":"LineString","coordinates":[[-70.32984,-27.38236],[-70.32976,-27.38232]]}},{"type":"Feature","properties":{"nombre":"Fundo Palermo","jerarquia":5},"geometry":{"type":"LineString","coordinates":[[-70.32976,-27.38232],[-70.32934,-27.38212]]}},{"type":"Feature","properties":{"nombre":"Fundo Palermo","jerarquia":5},"geometry":{"type":"LineString","coordinates":[[-70.32934,-27.38212],[-70.32928,-27.38209]]}},{"type":"Feature","properties":{"nombre":"Fundo Palermo","jerarquia":5},"geometry":{"type":"LineString","coordinates":[[-70.32928,-27.38209],[-70.32896,-27.38193]]}},{"type":"Feature","properties":{"nombre":"Fundo Palermo","jerarquia":5},"geometry":{"type":"LineString","coordinates":[[-70.32896,-27.38193],[-70.32891,-27.38191]]}},{"type":"Feature","properties":{"nombre":"Fundo Palermo","jerarquia":5},"geometry":{"type":"LineString","coordinates":[[-70.32891,-27.38191],[-70.32859,-27.38175]]}},{"type":"Feature","properties":{"nombre":"Fundo Palermo","jerarquia":5},"geometry":{"type":"LineString","coordinates":[[-70.32859,-27.38175],[-70.32853,-27.38172]]}},{"type":"Feature","properties":{"nombre":"Fundo Palermo","jerarquia":5},"geometry":{"type":"LineString","coordinates":[[-70.32853,-27.38172],[-70.32815,-27.38154]]}},{"type":"Feature","properties":{"nombre":"Fundo Palermo","jerarquia":5},"geometry":{"type":"LineString","coordinates":[[-70.32815,-27.38154],[-70.32794,-27.38143]]}},{"type":"Feature","properties":{"nombre":"Avenida El Palomar","jerarquia":5},"geometry":{"type":"LineString","coordinates":[[-70.32839,-27.3848],[-70.32892,-27.38396]]}},{"type":"Feature","properties":{"nombre":"Avenida El Palomar","jerarquia":5},"geometry":{"type":"LineString","coordinates":[[-70.32892,-27.38396],[-70.32932,-27.38317]]}},{"type":"Feature","properties":{"nombre":"Avenida El Palomar","jerarquia":5},"geometry":{"type":"LineString","coordinates":[[-70.32932,-27.38317],[-70.32976,-27.38232]]}},{"type":"Feature","properties":{"nombre":"Avenida El Palomar","jerarquia":5},"geometry":{"type":"LineString","coordinates":[[-70.32976,-27.38232],[-70.33074,-27.38056]]}},{"type":"Feature","properties":{"nombre":"Avenida El Palomar","jerarquia":5},"geometry":{"type":"LineString","coordinates":[[-70.33074,-27.38056],[-70.33107,-27.38]]}},{"type":"Feature","properties":{"nombre":"Avenida El Palomar","jerarquia":5},"geometry":{"type":"LineString","coordinates":[[-70.33107,-27.38],[-70.33129,-27.37971]]}},{"type":"Feature","properties":{"nombre":"Avenida El Palomar","jerarquia":5},"geometry":{"type":"LineString","coordinates":[[-70.33129,-27.37971],[-70.33133,-27.37966]]}},{"type":"Feature","properties":{"nombre":"Costanera Sur","jerarquia":5},"geometry":{"type":"LineString","coordinates":[[-70.32794,-27.38143],[-70.32785,-27.38191],[-70.32761,-27.38235]]}},{"type":"Feature","properties":{"nombre":"Costanera Sur","jerarquia":5},"geometry":{"type":"LineString","coordinates":[[-70.32761,-27.38235],[-70.32703,-27.38313]]}},{"type":"Feature","properties":{"nombre":"Costanera Sur","jerarquia":5},"geometry":{"type":"LineString","coordinates":[[-70.32703,-27.38313],[-70.3264,-27.38391]]}},{"type":"Feature","properties":{"nombre":"Costanera Sur","jerarquia":5},"geometry":{"type":"LineString","coordinates":[[-70.3264,-27.38391],[-70.32598,-27.38446]]}},{"type":"Feature","properties":{"nombre":"Costanera Sur","jerarquia":5},"geometry":{"type":"LineString","coordinates":[[-70.32598,-27.38446],[-70.32492,-27.38591]]}},{"type":"Feature","properties":{"nombre":"Avenida El Palomar","jerarquia":5},"geometry":{"type":"LineString","coordinates":[[-70.32631,-27.38809],[-70.3257,-27.38899]]}},{"type":"Feature","properties":{"nombre":"Avenida El Palomar","jerarquia":5},"geometry":{"type":"LineString","coordinates":[[-70.3257,-27.38899],[-70.32524,-27.38968]]}},{"type":"Feature","properties":{"nombre":"Avenida El Palomar","jerarquia":5},"geometry":{"type":"LineString","coordinates":[[-70.32524,-27.38968],[-70.32508,-27.38992]]}},{"type":"Feature","properties":{"nombre":"Avenida El Palomar","jerarquia":5},"geometry":{"type":"LineString","coordinates":[[-70.32508,-27.38992],[-70.32485,-27.39026]]}},{"type":"Feature","properties":{"nombre":"Avenida El Palomar","jerarquia":5},"geometry":{"type":"LineString","coordinates":[[-70.32485,-27.39026],[-70.32454,-27.39073]]}},{"type":"Feature","properties":{"nombre":"Avenida El Palomar","jerarquia":5},"geometry":{"type":"LineString","coordinates":[[-70.32454,-27.39073],[-70.32432,-27.39104],[-70.32386,-27.39202]]}},{"type":"Feature","properties":{"nombre":"Avenida El Palomar","jerarquia":5},"geometry":{"type":"LineString","coordinates":[[-70.32386,-27.39202],[-70.32372,-27.3923]]}},{"type":"Feature","properties":{"nombre":"Avenida El Palomar","jerarquia":5},"geometry":{"type":"LineString","coordinates":[[-70.32372,-27.3923],[-70.32333,-27.39309]]}},{"type":"Feature","properties":{"nombre":"Avenida El Palomar","jerarquia":5},"geometry":{"type":"LineString","coordinates":[[-70.32333,-27.39309],[-70.32315,-27.39336],[-70.32281,-27.39373]]}},{"type":"Feature","properties":{"nombre":"Avenida El Palomar","jerarquia":5},"geometry":{"type":"LineString","coordinates":[[-70.32281,-27.39373],[-70.32271,-27.39386]]}},{"type":"Feature","properties":{"nombre":"Avenida El Palomar","jerarquia":5},"geometry":{"type":"LineString","coordinates":[[-70.33235,-27.37851],[-70.33228,-27.37863]]}},{"type":"Feature","properties":{"nombre":"Avenida El Palomar","jerarquia":5},"geometry":{"type":"LineString","coordinates":[[-70.32263,-27.3938],[-70.32273,-27.39367]]}},{"type":"Feature","properties":{"nombre":"Avenida El Palomar","jerarquia":5},"geometry":{"type":"LineString","coordinates":[[-70.32273,-27.39367],[-70.32327,-27.39301]]}},{"type":"Feature","properties":{"nombre":"Avenida El Palomar","jerarquia":5},"geometry":{"type":"LineString","coordinates":[[-70.32327,-27.39301],[-70.32364,-27.39226]]}},{"type":"Feature","properties":{"nombre":"Avenida El Palomar","jerarquia":5},"geometry":{"type":"LineString","coordinates":[[-70.32364,-27.39226],[-70.3242,-27.39108],[-70.32446,-27.39066]]}},{"type":"Feature","properties":{"nombre":"Avenida El Palomar","jerarquia":5},"geometry":{"type":"LineString","coordinates":[[-70.32446,-27.39066],[-70.32477,-27.3902]]}},{"type":"Feature","properties":{"nombre":"Avenida El Palomar","jerarquia":5},"geometry":{"type":"LineString","coordinates":[[-70.32477,-27.3902],[-70.32541,-27.38928]]}},{"type":"Feature","properties":{"nombre":"Avenida El Palomar","jerarquia":5},"geometry":{"type":"LineString","coordinates":[[-70.32541,-27.38928],[-70.32563,-27.38895]]}},{"type":"Feature","properties":{"nombre":"Avenida El Palomar","jerarquia":5},"geometry":{"type":"LineString","coordinates":[[-70.32563,-27.38895],[-70.32629,-27.38799]]}},{"type":"Feature","properties":{"nombre":"Avenida El Palomar","jerarquia":5},"geometry":{"type":"LineString","coordinates":[[-70.32629,-27.38799],[-70.3267,-27.38735],[-70.32673,-27.38723]]}},{"type":"Feature","properties":{"nombre":"Avenida El Palomar","jerarquia":5},"geometry":{"type":"LineString","coordinates":[[-70.32685,-27.38705],[-70.32697,-27.38695],[-70.3279,-27.38554]]}},{"type":"Feature","properties":{"nombre":"Avenida El Palomar","jerarquia":5},"geometry":{"type":"LineString","coordinates":[[-70.3279,-27.38554],[-70.32839,-27.3848]]}},{"type":"Feature","properties":{"nombre":"Avenida El Palomar","jerarquia":5},"geometry":{"type":"LineString","coordinates":[[-70.33504,-27.375],[-70.3346,-27.37558]]}},{"type":"Feature","properties":{"nombre":"Avenida El Palomar","jerarquia":5},"geometry":{"type":"LineString","coordinates":[[-70.3346,-27.37558],[-70.33291,-27.37779]]}},{"type":"Feature","properties":{"nombre":"Avenida El Palomar","jerarquia":5},"geometry":{"type":"LineString","coordinates":[[-70.33291,-27.37779],[-70.33245,-27.37839]]}},{"type":"Feature","properties":{"nombre":"Avenida El Palomar","jerarquia":5},"geometry":{"type":"LineString","coordinates":[[-70.33245,-27.37839],[-70.33235,-27.37851]]}},{"type":"Feature","properties":{"nombre":"Luis Flores","jerarquia":4},"geometry":{"type":"LineString","coordinates":[[-70.3294,-27.38886],[-70.32935,-27.38883]]}},{"type":"Feature","properties":{"nombre":"Luis Flores","jerarquia":4},"geometry":{"type":"LineString","coordinates":[[-70.32935,-27.38883],[-70.32852,-27.38823]]}},{"type":"Feature","properties":{"nombre":"Luis Flores","jerarquia":4},"geometry":{"type":"LineString","coordinates":[[-70.32852,-27.38823],[-70.32743,-27.38755]]}},{"type":"Feature","properties":{"nombre":"Luis Flores","jerarquia":4},"geometry":{"type":"LineString","coordinates":[[-70.32743,-27.38755],[-70.3274,-27.38753]]}},{"type":"Feature","properties":{"nombre":"La Minería","jerarquia":4},"geometry":{"type":"LineString","coordinates":[[-70.33245,-27.38813],[-70.33269,-27.3879]]}},{"type":"Feature","properties":{"nombre":"La Minería","jerarquia":4},"geometry":{"type":"LineString","coordinates":[[-70.33269,-27.3879],[-70.33289,-27.38771]]}},{"type":"Feature","properties":{"nombre":"La Minería","jerarquia":4},"geometry":{"type":"LineString","coordinates":[[-70.33289,-27.38771],[-70.3331,-27.38751]]}},{"type":"Feature","properties":{"nombre":"La Minería","jerarquia":4},"geometry":{"type":"LineString","coordinates":[[-70.3331,-27.38751],[-70.3333,-27.38732]]}},{"type":"Feature","properties":{"nombre":"La Minería","jerarquia":4},"geometry":{"type":"LineString","coordinates":[[-70.3333,-27.38732],[-70.33388,-27.38677]]}},{"type":"Feature","properties":{"nombre":"La Minería","jerarquia":4},"geometry":{"type":"LineString","coordinates":[[-70.33388,-27.38677],[-70.33526,-27.38542]]}},{"type":"Feature","properties":{"nombre":"La Minería","jerarquia":4},"geometry":{"type":"LineString","coordinates":[[-70.33526,-27.38542],[-70.33573,-27.38496]]}},{"type":"Feature","properties":{"nombre":"La Minería","jerarquia":4},"geometry":{"type":"LineString","coordinates":[[-70.33573,-27.38496],[-70.33593,-27.38477]]}},{"type":"Feature","properties":{"nombre":"La Minería","jerarquia":4},"geometry":{"type":"LineString","coordinates":[[-70.33593,-27.38477],[-70.33643,-27.38428]]}},{"type":"Feature","properties":{"nombre":"La Minería","jerarquia":4},"geometry":{"type":"LineString","coordinates":[[-70.33643,-27.38428],[-70.33685,-27.38387],[-70.33702,-27.3838]]}},{"type":"Feature","properties":{"nombre":"La Minería","jerarquia":4},"geometry":{"type":"LineString","coordinates":[[-70.33702,-27.3838],[-70.33731,-27.38379]]}},{"type":"Feature","properties":{"nombre":"Donovan","jerarquia":5},"geometry":{"type":"LineString","coordinates":[[-70.26971,-27.41248],[-70.26976,-27.41215],[-70.27016,-27.41164]]}},{"type":"Feature","properties":{"nombre":"Donovan","jerarquia":5},"geometry":{"type":"LineString","coordinates":[[-70.27016,-27.41164],[-70.27055,-27.41117]]}},{"type":"Feature","properties":{"nombre":"Donovan","jerarquia":5},"geometry":{"type":"LineString","coordinates":[[-70.27055,-27.41117],[-70.27073,-27.41096]]}},{"type":"Feature","properties":{"nombre":"Donovan","jerarquia":5},"geometry":{"type":"LineString","coordinates":[[-70.27073,-27.41096],[-70.27074,-27.41093]]}},{"type":"Feature","properties":{"nombre":"Donovan","jerarquia":5},"geometry":{"type":"LineString","coordinates":[[-70.27074,-27.41093],[-70.27085,-27.41078]]}},{"type":"Feature","properties":{"nombre":"Donovan","jerarquia":5},"geometry":{"type":"LineString","coordinates":[[-70.27085,-27.41078],[-70.27126,-27.41022]]}},{"type":"Feature","properties":{"nombre":"Donovan","jerarquia":5},"geometry":{"type":"LineString","coordinates":[[-70.27126,-27.41022],[-70.27181,-27.40944]]}},{"type":"Feature","properties":{"nombre":"Inca de Oro","jerarquia":5},"geometry":{"type":"LineString","coordinates":[[-70.2849,-27.41314],[-70.28467,-27.41307]]}},{"type":"Feature","properties":{"nombre":"Inca de Oro","jerarquia":5},"geometry":{"type":"LineString","coordinates":[[-70.28467,-27.41307],[-70.28385,-27.41292],[-70.28262,-27.41259]]}},{"type":"Feature","properties":{"nombre":"Inca de Oro","jerarquia":5},"geometry":{"type":"LineString","coordinates":[[-70.28262,-27.41259],[-70.28237,-27.41252]]}},{"type":"Feature","properties":{"nombre":"Inca de Oro","jerarquia":5},"geometry":{"type":"LineString","coordinates":[[-70.28237,-27.41252],[-70.28131,-27.41227]]}},{"type":"Feature","properties":{"nombre":"Inca de Oro","jerarquia":5},"geometry":{"type":"LineString","coordinates":[[-70.28131,-27.41227],[-70.28073,-27.41213]]}},{"type":"Feature","properties":{"nombre":"Inca de Oro","jerarquia":5},"geometry":{"type":"LineString","coordinates":[[-70.28073,-27.41213],[-70.28017,-27.41198]]}},{"type":"Feature","properties":{"nombre":"Inca de Oro","jerarquia":5},"geometry":{"type":"LineString","coordinates":[[-70.28017,-27.41198],[-70.27911,-27.41172]]}},{"type":"Feature","properties":{"nombre":"Inca de Oro","jerarquia":5},"geometry":{"type":"LineString","coordinates":[[-70.27911,-27.41172],[-70.27881,-27.41165]]}},{"type":"Feature","properties":{"nombre":"Inca de Oro","jerarquia":5},"geometry":{"type":"LineString","coordinates":[[-70.27881,-27.41165],[-70.27858,-27.41159]]}},{"type":"Feature","properties":{"nombre":"Inca de Oro","jerarquia":5},"geometry":{"type":"LineString","coordinates":[[-70.27858,-27.41159],[-70.27841,-27.41154]]}},{"type":"Feature","properties":{"nombre":"Inca de Oro","jerarquia":5},"geometry":{"type":"LineString","coordinates":[[-70.27841,-27.41154],[-70.27807,-27.41146]]}},{"type":"Feature","properties":{"nombre":"Inca de Oro","jerarquia":5},"geometry":{"type":"LineString","coordinates":[[-70.27807,-27.41146],[-70.27771,-27.41137]]}},{"type":"Feature","properties":{"nombre":"Inca de Oro","jerarquia":5},"geometry":{"type":"LineString","coordinates":[[-70.27771,-27.41137],[-70.27767,-27.41135]]}},{"type":"Feature","properties":{"nombre":"Inca de Oro","jerarquia":5},"geometry":{"type":"LineString","coordinates":[[-70.27767,-27.41135],[-70.27765,-27.41135]]}},{"type":"Feature","properties":{"nombre":"Inca de Oro","jerarquia":5},"geometry":{"type":"LineString","coordinates":[[-70.27765,-27.41135],[-70.27717,-27.41123]]}},{"type":"Feature","properties":{"nombre":"Inca de Oro","jerarquia":5},"geometry":{"type":"LineString","coordinates":[[-70.27717,-27.41123],[-70.27662,-27.41108]]}},{"type":"Feature","properties":{"nombre":"Panamericana Norte","jerarquia":2},"geometry":{"type":"LineString","coordinates":[[-70.33716,-27.38228],[-70.33708,-27.38143]]}},{"type":"Feature","properties":{"nombre":"Panamericana Norte","jerarquia":2},"geometry":{"type":"LineString","coordinates":[[-70.33708,-27.38143],[-70.33703,-27.38093]]}},{"type":"Feature","properties":{"nombre":"Gabriela Mistral","jerarquia":5},"geometry":{"type":"LineString","coordinates":[[-70.32096,-27.3679],[-70.32146,-27.36757]]}},{"type":"Feature","properties":{"nombre":"Pedro León Gallo","jerarquia":5},"geometry":{"type":"LineString","coordinates":[[-70.30384,-27.39747],[-70.30374,-27.3974]]}},{"type":"Feature","properties":{"nombre":"Pedro León Gallo","jerarquia":5},"geometry":{"type":"LineString","coordinates":[[-70.30374,-27.3974],[-70.29954,-27.39401]]}},{"type":"Feature","properties":{"nombre":"Pedro León Gallo","jerarquia":5},"geometry":{"type":"LineString","coordinates":[[-70.29954,-27.39401],[-70.29925,-27.39378]]}},{"type":"Feature","properties":{"nombre":"Pedro León Gallo","jerarquia":5},"geometry":{"type":"LineString","coordinates":[[-70.29925,-27.39378],[-70.29917,-27.39373]]}},{"type":"Feature","properties":{"nombre":"Pedro León Gallo","jerarquia":5},"geometry":{"type":"LineString","coordinates":[[-70.29917,-27.39373],[-70.29907,-27.39366]]}},{"type":"Feature","properties":{"nombre":"Pedro León Gallo","jerarquia":5},"geometry":{"type":"LineString","coordinates":[[-70.29907,-27.39366],[-70.299,-27.39361]]}},{"type":"Feature","properties":{"nombre":"Pedro León Gallo","jerarquia":5},"geometry":{"type":"LineString","coordinates":[[-70.299,-27.39361],[-70.29891,-27.39353]]}},{"type":"Feature","properties":{"nombre":"Pedro León Gallo","jerarquia":5},"geometry":{"type":"LineString","coordinates":[[-70.29891,-27.39353],[-70.29885,-27.39348]]}},{"type":"Feature","properties":{"nombre":"Pedro León Gallo","jerarquia":5},"geometry":{"type":"LineString","coordinates":[[-70.29885,-27.39348],[-70.29853,-27.39321]]}},{"type":"Feature","properties":{"nombre":"Pedro León Gallo","jerarquia":5},"geometry":{"type":"LineString","coordinates":[[-70.29853,-27.39321],[-70.29708,-27.39204]]}},{"type":"Feature","properties":{"nombre":"Pedro León Gallo","jerarquia":5},"geometry":{"type":"LineString","coordinates":[[-70.29708,-27.39204],[-70.2967,-27.39174]]}},{"type":"Feature","properties":{"nombre":"Pedro León Gallo","jerarquia":5},"geometry":{"type":"LineString","coordinates":[[-70.2967,-27.39174],[-70.29635,-27.39145]]}},{"type":"Feature","properties":{"nombre":"Pedro León Gallo","jerarquia":5},"geometry":{"type":"LineString","coordinates":[[-70.29635,-27.39145],[-70.29598,-27.39116]]}},{"type":"Feature","properties":{"nombre":"Pedro León Gallo","jerarquia":5},"geometry":{"type":"LineString","coordinates":[[-70.29598,-27.39116],[-70.29561,-27.39086]]}},{"type":"Feature","properties":{"nombre":"Pedro León Gallo","jerarquia":5},"geometry":{"type":"LineString","coordinates":[[-70.29561,-27.39086],[-70.29525,-27.39057]]}},{"type":"Feature","properties":{"nombre":"Pedro León Gallo","jerarquia":5},"geometry":{"type":"LineString","coordinates":[[-70.29525,-27.39057],[-70.29483,-27.39023]]}},{"type":"Feature","properties":{"nombre":"Pedro León Gallo","jerarquia":5},"geometry":{"type":"LineString","coordinates":[[-70.29483,-27.39023],[-70.2948,-27.39021]]}},{"type":"Feature","properties":{"nombre":"Pedro León Gallo","jerarquia":5},"geometry":{"type":"LineString","coordinates":[[-70.2948,-27.39021],[-70.29443,-27.38991]]}},{"type":"Feature","properties":{"nombre":"Pedro León Gallo","jerarquia":5},"geometry":{"type":"LineString","coordinates":[[-70.29443,-27.38991],[-70.29427,-27.38978]]}},{"type":"Feature","properties":{"nombre":"Pedro León Gallo","jerarquia":5},"geometry":{"type":"LineString","coordinates":[[-70.29427,-27.38978],[-70.29412,-27.38966]]}},{"type":"Feature","properties":{"nombre":"Pedro León Gallo","jerarquia":5},"geometry":{"type":"LineString","coordinates":[[-70.29412,-27.38966],[-70.29405,-27.3896]]}},{"type":"Feature","properties":{"nombre":"Pedro León Gallo","jerarquia":5},"geometry":{"type":"LineString","coordinates":[[-70.29405,-27.3896],[-70.29395,-27.38952]]}},{"type":"Feature","properties":{"nombre":"Pedro León Gallo","jerarquia":5},"geometry":{"type":"LineString","coordinates":[[-70.29395,-27.38952],[-70.2938,-27.3894]]}},{"type":"Feature","properties":{"nombre":"Pedro León Gallo","jerarquia":5},"geometry":{"type":"LineString","coordinates":[[-70.2938,-27.3894],[-70.29357,-27.38922]]}},{"type":"Feature","properties":{"nombre":"Pedro León Gallo","jerarquia":5},"geometry":{"type":"LineString","coordinates":[[-70.29357,-27.38922],[-70.29278,-27.38858]]}},{"type":"Feature","properties":{"nombre":"Vichuquén","jerarquia":5},"geometry":{"type":"LineString","coordinates":[[-70.27925,-27.40853],[-70.27934,-27.4086]]}},{"type":"Feature","properties":{"nombre":"Vichuquén","jerarquia":5},"geometry":{"type":"LineString","coordinates":[[-70.27934,-27.4086],[-70.27989,-27.40902]]}},{"type":"Feature","properties":{"nombre":"Vichuquén","jerarquia":5},"geometry":{"type":"LineString","coordinates":[[-70.27989,-27.40902],[-70.2806,-27.40955]]}},{"type":"Feature","properties":{"nombre":"Vichuquén","jerarquia":5},"geometry":{"type":"LineString","coordinates":[[-70.2806,-27.40955],[-70.28104,-27.40989]]}},{"type":"Feature","properties":{"nombre":"Vichuquén","jerarquia":5},"geometry":{"type":"LineString","coordinates":[[-70.28104,-27.40989],[-70.28185,-27.4105]]}},{"type":"Feature","properties":{"nombre":"Vichuquén","jerarquia":5},"geometry":{"type":"LineString","coordinates":[[-70.28185,-27.4105],[-70.28241,-27.41093]]}},{"type":"Feature","properties":{"nombre":"Vichuquén","jerarquia":5},"geometry":{"type":"LineString","coordinates":[[-70.28241,-27.41093],[-70.28273,-27.41117]]}},{"type":"Feature","properties":{"nombre":"Vichuquén","jerarquia":5},"geometry":{"type":"LineString","coordinates":[[-70.28273,-27.41117],[-70.28292,-27.41131]]}},{"type":"Feature","properties":{"nombre":"Vichuquén","jerarquia":5},"geometry":{"type":"LineString","coordinates":[[-70.28292,-27.41131],[-70.28315,-27.41149]]}},{"type":"Feature","properties":{"nombre":"Vichuquén","jerarquia":5},"geometry":{"type":"LineString","coordinates":[[-70.28315,-27.41149],[-70.28344,-27.41172]]}},{"type":"Feature","properties":{"nombre":"Vichuquén","jerarquia":5},"geometry":{"type":"LineString","coordinates":[[-70.28344,-27.41172],[-70.28357,-27.41182]]}},{"type":"Feature","properties":{"nombre":"Andacollo","jerarquia":5},"geometry":{"type":"LineString","coordinates":[[-70.31411,-27.35886],[-70.31388,-27.35855]]}},{"type":"Feature","properties":{"nombre":"Andacollo","jerarquia":5},"geometry":{"type":"LineString","coordinates":[[-70.31388,-27.35855],[-70.31364,-27.35824]]}},{"type":"Feature","properties":{"nombre":"Andacollo","jerarquia":5},"geometry":{"type":"LineString","coordinates":[[-70.31364,-27.35824],[-70.31342,-27.35794]]}},{"type":"Feature","properties":{"nombre":"Andacollo","jerarquia":5},"geometry":{"type":"LineString","coordinates":[[-70.31342,-27.35794],[-70.31316,-27.35761]]}},{"type":"Feature","properties":{"nombre":"Andacollo","jerarquia":5},"geometry":{"type":"LineString","coordinates":[[-70.31316,-27.35761],[-70.31292,-27.35729]]}},{"type":"Feature","properties":{"nombre":"Andacollo","jerarquia":5},"geometry":{"type":"LineString","coordinates":[[-70.31292,-27.35729],[-70.31264,-27.35692]]}},{"type":"Feature","properties":{"nombre":"Andacollo","jerarquia":5},"geometry":{"type":"LineString","coordinates":[[-70.31426,-27.35903],[-70.31436,-27.35916]]}},{"type":"Feature","properties":{"nombre":"Andacollo","jerarquia":5},"geometry":{"type":"LineString","coordinates":[[-70.31436,-27.35916],[-70.3146,-27.35947]]}},{"type":"Feature","properties":{"nombre":"Andacollo","jerarquia":5},"geometry":{"type":"LineString","coordinates":[[-70.3146,-27.35947],[-70.31489,-27.35984]]}},{"type":"Feature","properties":{"nombre":"Andacollo","jerarquia":5},"geometry":{"type":"LineString","coordinates":[[-70.31489,-27.35984],[-70.31514,-27.36019]]}},{"type":"Feature","properties":{"nombre":"Andacollo","jerarquia":5},"geometry":{"type":"LineString","coordinates":[[-70.31514,-27.36019],[-70.31543,-27.36054]]}},{"type":"Feature","properties":{"nombre":"Andacollo","jerarquia":5},"geometry":{"type":"LineString","coordinates":[[-70.31543,-27.36054],[-70.31569,-27.36089]]}},{"type":"Feature","properties":{"nombre":"Andacollo","jerarquia":5},"geometry":{"type":"LineString","coordinates":[[-70.31569,-27.36089],[-70.31597,-27.36125]]}},{"type":"Feature","properties":{"nombre":"Andacollo","jerarquia":5},"geometry":{"type":"LineString","coordinates":[[-70.31597,-27.36125],[-70.31629,-27.36167]]}},{"type":"Feature","properties":{"nombre":"Andacollo","jerarquia":5},"geometry":{"type":"LineString","coordinates":[[-70.31629,-27.36167],[-70.31665,-27.36216]]}},{"type":"Feature","properties":{"nombre":"Andacollo","jerarquia":5},"geometry":{"type":"LineString","coordinates":[[-70.31665,-27.36216],[-70.31734,-27.36311]]}},{"type":"Feature","properties":{"nombre":"Cancha Rayada","jerarquia":5},"geometry":{"type":"LineString","coordinates":[[-70.35228,-27.35241],[-70.35162,-27.35135]]}},{"type":"Feature","properties":{"nombre":"Cancha Rayada","jerarquia":5},"geometry":{"type":"LineString","coordinates":[[-70.35162,-27.35135],[-70.35093,-27.35018]]}},{"type":"Feature","properties":{"nombre":"Cancha Rayada","jerarquia":5},"geometry":{"type":"LineString","coordinates":[[-70.35093,-27.35018],[-70.35064,-27.34991]]}},{"type":"Feature","properties":{"nombre":"Cancha Rayada","jerarquia":5},"geometry":{"type":"LineString","coordinates":[[-70.35064,-27.34991],[-70.35005,-27.34937]]}},{"type":"Feature","properties":{"nombre":"Cancha Rayada","jerarquia":5},"geometry":{"type":"LineString","coordinates":[[-70.35005,-27.34937],[-70.34976,-27.34906]]}},{"type":"Feature","properties":{"nombre":"Cancha Rayada","jerarquia":5},"geometry":{"type":"LineString","coordinates":[[-70.34976,-27.34906],[-70.34952,-27.34881]]}},{"type":"Feature","properties":{"nombre":"Cancha Rayada","jerarquia":5},"geometry":{"type":"LineString","coordinates":[[-70.34952,-27.34881],[-70.34929,-27.34855]]}},{"type":"Feature","properties":{"nombre":"Cancha Rayada","jerarquia":5},"geometry":{"type":"LineString","coordinates":[[-70.34929,-27.34855],[-70.349,-27.34823]]}},{"type":"Feature","properties":{"nombre":"Avenida Copayapu","jerarquia":2},"geometry":{"type":"LineString","coordinates":[[-70.33481,-27.37062],[-70.33527,-27.37028]]}},{"type":"Feature","properties":{"nombre":"Avenida Copayapu","jerarquia":2},"geometry":{"type":"LineString","coordinates":[[-70.33527,-27.37028],[-70.33554,-27.37006]]}},{"type":"Feature","properties":{"nombre":"Avenida Copayapu","jerarquia":4},"geometry":{"type":"LineString","coordinates":[[-70.26825,-27.43001],[-70.26863,-27.42738],[-70.26943,-27.42565]]}},{"type":"Feature","properties":{"nombre":"Avenida Copayapu","jerarquia":4},"geometry":{"type":"LineString","coordinates":[[-70.26943,-27.42565],[-70.26998,-27.42454],[-70.27042,-27.42349]]}},{"type":"Feature","properties":{"nombre":"Avenida Copayapu","jerarquia":4},"geometry":{"type":"LineString","coordinates":[[-70.27042,-27.42349],[-70.27095,-27.42236],[-70.27155,-27.42143],[-70.27221,-27.42067],[-70.273,-27.41998]]}},{"type":"Feature","properties":{"nombre":"Chacabuco","jerarquia":2},"geometry":{"type":"LineString","coordinates":[[-70.33697,-27.37025],[-70.33724,-27.37052]]}},{"type":"Feature","properties":{"nombre":"Panamericana Norte","jerarquia":2},"geometry":{"type":"LineString","coordinates":[[-70.33537,-27.3714],[-70.33501,-27.3709]]}},{"type":"Feature","properties":{"nombre":"Chacabuco","jerarquia":2},"geometry":{"type":"LineString","coordinates":[[-70.33647,-27.36976],[-70.33697,-27.37025]]}},{"type":"Feature","properties":{"nombre":"Panamericana Norte","jerarquia":2},"geometry":{"type":"LineString","coordinates":[[-70.33501,-27.3709],[-70.33498,-27.37086]]}},{"type":"Feature","properties":{"nombre":"Panamericana Norte","jerarquia":2},"geometry":{"type":"LineString","coordinates":[[-70.33498,-27.37086],[-70.33491,-27.37076]]}},{"type":"Feature","properties":{"nombre":"Camilo Henríquez","jerarquia":3},"geometry":{"type":"LineString","coordinates":[[-70.32984,-27.37616],[-70.32952,-27.37584]]}},{"type":"Feature","properties":{"nombre":"Camilo Henríquez","jerarquia":3},"geometry":{"type":"LineString","coordinates":[[-70.33035,-27.37665],[-70.32984,-27.37616]]}},{"type":"Feature","properties":{"nombre":"Manuel Antonio Matta","jerarquia":3},"geometry":{"type":"LineString","coordinates":[[-70.33986,-27.36087],[-70.34019,-27.36086],[-70.34078,-27.36146]]}},{"type":"Feature","properties":{"nombre":"Manuel Antonio Matta","jerarquia":3},"geometry":{"type":"LineString","coordinates":[[-70.34078,-27.36146],[-70.34119,-27.36189]]}},{"type":"Feature","properties":{"nombre":"Manuel Antonio Matta","jerarquia":3},"geometry":{"type":"LineString","coordinates":[[-70.34119,-27.36189],[-70.34133,-27.36205]]}},{"type":"Feature","properties":{"nombre":"Manuel Antonio Matta","jerarquia":3},"geometry":{"type":"LineString","coordinates":[[-70.34133,-27.36205],[-70.34284,-27.36365]]}},{"type":"Feature","properties":{"nombre":"Manuel Antonio Matta","jerarquia":3},"geometry":{"type":"LineString","coordinates":[[-70.34284,-27.36365],[-70.34293,-27.36385]]}},{"type":"Feature","properties":{"nombre":"Manuel Antonio Matta","jerarquia":3},"geometry":{"type":"LineString","coordinates":[[-70.34293,-27.36385],[-70.34293,-27.36391]]}},{"type":"Feature","properties":{"nombre":"Manuel Antonio Matta","jerarquia":3},"geometry":{"type":"LineString","coordinates":[[-70.34293,-27.36391],[-70.34311,-27.36421]]}},{"type":"Feature","properties":{"nombre":"Manuel Antonio Matta","jerarquia":3},"geometry":{"type":"LineString","coordinates":[[-70.34311,-27.36421],[-70.34319,-27.36432]]}},{"type":"Feature","properties":{"nombre":"Colo-Colo","jerarquia":5},"geometry":{"type":"LineString","coordinates":[[-70.31628,-27.36388],[-70.3166,-27.3643]]}},{"type":"Feature","properties":{"nombre":"Colo-Colo","jerarquia":5},"geometry":{"type":"LineString","coordinates":[[-70.3166,-27.3643],[-70.31689,-27.36468]]}},{"type":"Feature","properties":{"nombre":"Colo-Colo","jerarquia":5},"geometry":{"type":"LineString","coordinates":[[-70.31689,-27.36468],[-70.31718,-27.36507]]}},{"type":"Feature","properties":{"nombre":"Colo-Colo","jerarquia":5},"geometry":{"type":"LineString","coordinates":[[-70.31718,-27.36507],[-70.31742,-27.36541]]}},{"type":"Feature","properties":{"nombre":"Colo-Colo","jerarquia":5},"geometry":{"type":"LineString","coordinates":[[-70.31742,-27.36541],[-70.31745,-27.36546]]}},{"type":"Feature","properties":{"nombre":"Colo-Colo","jerarquia":5},"geometry":{"type":"LineString","coordinates":[[-70.31745,-27.36546],[-70.31759,-27.3656]]}},{"type":"Feature","properties":{"nombre":"Colo-Colo","jerarquia":5},"geometry":{"type":"LineString","coordinates":[[-70.31759,-27.3656],[-70.31787,-27.36579]]}},{"type":"Feature","properties":{"nombre":"Colo-Colo","jerarquia":5},"geometry":{"type":"LineString","coordinates":[[-70.31787,-27.36579],[-70.3183,-27.3661]]}},{"type":"Feature","properties":{"nombre":"Panamericana Norte","jerarquia":5},"geometry":{"type":"LineString","coordinates":[[-70.33665,-27.37994],[-70.33652,-27.37845]]}},{"type":"Feature","properties":{"nombre":"Panamericana Norte","jerarquia":5},"geometry":{"type":"LineString","coordinates":[[-70.33652,-27.37845],[-70.33606,-27.37458]]}},{"type":"Feature","properties":{"nombre":"","jerarquia":2},"geometry":{"type":"LineString","coordinates":[[-70.33608,-27.37377],[-70.33613,-27.37337]]}},{"type":"Feature","properties":{"nombre":"Camilo Henríquez","jerarquia":3},"geometry":{"type":"LineString","coordinates":[[-70.33419,-27.38023],[-70.33402,-27.38022]]}},{"type":"Feature","properties":{"nombre":"Camilo Henríquez","jerarquia":3},"geometry":{"type":"LineString","coordinates":[[-70.33402,-27.38022],[-70.33399,-27.38022]]}},{"type":"Feature","properties":{"nombre":"Conrado Araya","jerarquia":5},"geometry":{"type":"LineString","coordinates":[[-70.32106,-27.37583],[-70.32065,-27.37535]]}},{"type":"Feature","properties":{"nombre":"Conrado Araya","jerarquia":5},"geometry":{"type":"LineString","coordinates":[[-70.32065,-27.37535],[-70.32038,-27.37504]]}},{"type":"Feature","properties":{"nombre":"Conrado Araya","jerarquia":5},"geometry":{"type":"LineString","coordinates":[[-70.32038,-27.37504],[-70.31998,-27.37459]]}},{"type":"Feature","properties":{"nombre":"Conrado Araya","jerarquia":5},"geometry":{"type":"LineString","coordinates":[[-70.31998,-27.37459],[-70.31989,-27.37448]]}},{"type":"Feature","properties":{"nombre":"Conrado Araya","jerarquia":5},"geometry":{"type":"LineString","coordinates":[[-70.31989,-27.37448],[-70.31959,-27.37411]]}},{"type":"Feature","properties":{"nombre":"Totoral","jerarquia":5},"geometry":{"type":"LineString","coordinates":[[-70.27765,-27.41135],[-70.27785,-27.41066]]}},{"type":"Feature","properties":{"nombre":"Totoral","jerarquia":5},"geometry":{"type":"LineString","coordinates":[[-70.27785,-27.41066],[-70.27792,-27.41045]]}},{"type":"Feature","properties":{"nombre":"Totoral","jerarquia":5},"geometry":{"type":"LineString","coordinates":[[-70.27792,-27.41045],[-70.27814,-27.40978]]}},{"type":"Feature","properties":{"nombre":"Totoral","jerarquia":5},"geometry":{"type":"LineString","coordinates":[[-70.27814,-27.40978],[-70.2782,-27.40961]]}},{"type":"Feature","properties":{"nombre":"Totoral","jerarquia":5},"geometry":{"type":"LineString","coordinates":[[-70.2782,-27.40961],[-70.27841,-27.40939]]}},{"type":"Feature","properties":{"nombre":"Totoral","jerarquia":5},"geometry":{"type":"LineString","coordinates":[[-70.27841,-27.40939],[-70.27906,-27.40872]]}},{"type":"Feature","properties":{"nombre":"Totoral","jerarquia":5},"geometry":{"type":"LineString","coordinates":[[-70.27913,-27.40877],[-70.27849,-27.40941]]}},{"type":"Feature","properties":{"nombre":"Totoral","jerarquia":5},"geometry":{"type":"LineString","coordinates":[[-70.27849,-27.40941],[-70.27829,-27.40963],[-70.27822,-27.40979]]}},{"type":"Feature","properties":{"nombre":"Totoral","jerarquia":5},"geometry":{"type":"LineString","coordinates":[[-70.27822,-27.40979],[-70.278,-27.41048]]}},{"type":"Feature","properties":{"nombre":"Totoral","jerarquia":5},"geometry":{"type":"LineString","coordinates":[[-70.278,-27.41048],[-70.27771,-27.41137]]}},{"type":"Feature","properties":{"nombre":"Candelaria Goyenechea","jerarquia":5},"geometry":{"type":"LineString","coordinates":[[-70.27181,-27.40944],[-70.27228,-27.40969]]}},{"type":"Feature","properties":{"nombre":"Candelaria Goyenechea","jerarquia":5},"geometry":{"type":"LineString","coordinates":[[-70.27228,-27.40969],[-70.2728,-27.40999]]}},{"type":"Feature","properties":{"nombre":"Candelaria Goyenechea","jerarquia":5},"geometry":{"type":"LineString","coordinates":[[-70.2728,-27.40999],[-70.27335,-27.41029]]}},{"type":"Feature","properties":{"nombre":"Candelaria Goyenechea","jerarquia":5},"geometry":{"type":"LineString","coordinates":[[-70.27335,-27.41029],[-70.27393,-27.41055]]}},{"type":"Feature","properties":{"nombre":"Candelaria Goyenechea","jerarquia":5},"geometry":{"type":"LineString","coordinates":[[-70.27393,-27.41055],[-70.2745,-27.4108]]}},{"type":"Feature","properties":{"nombre":"Candelaria Goyenechea","jerarquia":5},"geometry":{"type":"LineString","coordinates":[[-70.2745,-27.4108],[-70.27504,-27.41104]]}},{"type":"Feature","properties":{"nombre":"","jerarquia":3},"geometry":{"type":"LineString","coordinates":[[-70.33335,-27.37949],[-70.33326,-27.37957]]}},{"type":"Feature","properties":{"nombre":"Conrado Araya","jerarquia":5},"geometry":{"type":"LineString","coordinates":[[-70.32106,-27.37583],[-70.32188,-27.37681]]}},{"type":"Feature","properties":{"nombre":"Conrado Araya","jerarquia":5},"geometry":{"type":"LineString","coordinates":[[-70.32188,-27.37681],[-70.32196,-27.3769]]}},{"type":"Feature","properties":{"nombre":"Los Estudiantes","jerarquia":5},"geometry":{"type":"LineString","coordinates":[[-70.32256,-27.37576],[-70.3221,-27.37528]]}},{"type":"Feature","properties":{"nombre":"Los Estudiantes","jerarquia":5},"geometry":{"type":"LineString","coordinates":[[-70.3221,-27.37528],[-70.322,-27.37517]]}},{"type":"Feature","properties":{"nombre":"Ramón Freire","jerarquia":5},"geometry":{"type":"LineString","coordinates":[[-70.33721,-27.36876],[-70.33742,-27.36852],[-70.33807,-27.36805]]}},{"type":"Feature","properties":{"nombre":"","jerarquia":4},"geometry":{"type":"LineString","coordinates":[[-70.34078,-27.36146],[-70.34062,-27.36157]]}},{"type":"Feature","properties":{"nombre":"Ramón Freire","jerarquia":5},"geometry":{"type":"LineString","coordinates":[[-70.35254,-27.35298],[-70.35246,-27.35292]]}},{"type":"Feature","properties":{"nombre":"Ramón Freire","jerarquia":5},"geometry":{"type":"LineString","coordinates":[[-70.35246,-27.35292],[-70.35239,-27.35288]]}},{"type":"Feature","properties":{"nombre":"Batallones de Atacama","jerarquia":5},"geometry":{"type":"LineString","coordinates":[[-70.34449,-27.35947],[-70.34489,-27.35988]]}},{"type":"Feature","properties":{"nombre":"Batallones de Atacama","jerarquia":5},"geometry":{"type":"LineString","coordinates":[[-70.34489,-27.35988],[-70.3458,-27.36094]]}},{"type":"Feature","properties":{"nombre":"Batallones de Atacama","jerarquia":5},"geometry":{"type":"LineString","coordinates":[[-70.3458,-27.36094],[-70.34683,-27.3621]]}},{"type":"Feature","properties":{"nombre":"","jerarquia":2},"geometry":{"type":"LineString","coordinates":[[-70.35285,-27.3526],[-70.35273,-27.35274]]}},{"type":"Feature","properties":{"nombre":"","jerarquia":4},"geometry":{"type":"LineString","coordinates":[[-70.35229,-27.35275],[-70.35239,-27.35268],[-70.3525,-27.35274]]}},{"type":"Feature","properties":{"nombre":"","jerarquia":4},"geometry":{"type":"LineString","coordinates":[[-70.3525,-27.35274],[-70.35251,-27.35278]]}},{"type":"Feature","properties":{"nombre":"","jerarquia":4},"geometry":{"type":"LineString","coordinates":[[-70.35251,-27.35278],[-70.35251,-27.3528]]}},{"type":"Feature","properties":{"nombre":"","jerarquia":4},"geometry":{"type":"LineString","coordinates":[[-70.35251,-27.3528],[-70.35239,-27.35288]]}},{"type":"Feature","properties":{"nombre":"Juan Martínez","jerarquia":4},"geometry":{"type":"LineString","coordinates":[[-70.35237,-27.35288],[-70.3522,-27.35297]]}},{"type":"Feature","properties":{"nombre":"Juan Martínez","jerarquia":4},"geometry":{"type":"LineString","coordinates":[[-70.34133,-27.36205],[-70.34117,-27.3622]]}},{"type":"Feature","properties":{"nombre":"Pedro Pablo Figueroa","jerarquia":5},"geometry":{"type":"LineString","coordinates":[[-70.31521,-27.38348],[-70.31614,-27.38417]]}},{"type":"Feature","properties":{"nombre":"Pedro Pablo Figueroa","jerarquia":5},"geometry":{"type":"LineString","coordinates":[[-70.31614,-27.38417],[-70.31678,-27.38463]]}},{"type":"Feature","properties":{"nombre":"Luis Flores","jerarquia":4},"geometry":{"type":"LineString","coordinates":[[-70.31488,-27.37441],[-70.31405,-27.37362]]}},{"type":"Feature","properties":{"nombre":"Luis Flores","jerarquia":4},"geometry":{"type":"LineString","coordinates":[[-70.31405,-27.37362],[-70.31396,-27.37355]]}},{"type":"Feature","properties":{"nombre":"Luis Flores","jerarquia":4},"geometry":{"type":"LineString","coordinates":[[-70.31912,-27.37868],[-70.31914,-27.37872]]}},{"type":"Feature","properties":{"nombre":"Luis Flores","jerarquia":4},"geometry":{"type":"LineString","coordinates":[[-70.31914,-27.37872],[-70.31921,-27.37884]]}},{"type":"Feature","properties":{"nombre":"Luis Flores","jerarquia":4},"geometry":{"type":"LineString","coordinates":[[-70.3193,-27.37896],[-70.31921,-27.37884]]}},{"type":"Feature","properties":{"nombre":"","jerarquia":3},"geometry":{"type":"LineString","coordinates":[[-70.31269,-27.3864],[-70.31273,-27.38634]]}},{"type":"Feature","properties":{"nombre":"Carlos Van Buren","jerarquia":5},"geometry":{"type":"LineString","coordinates":[[-70.31391,-27.37862],[-70.31407,-27.37875]]}},{"type":"Feature","properties":{"nombre":"Carlos Van Buren","jerarquia":5},"geometry":{"type":"LineString","coordinates":[[-70.31407,-27.37875],[-70.31523,-27.37975]]}},{"type":"Feature","properties":{"nombre":"Carlos Van Buren","jerarquia":5},"geometry":{"type":"LineString","coordinates":[[-70.31523,-27.37975],[-70.3164,-27.38075]]}},{"type":"Feature","properties":{"nombre":"Carlos Van Buren","jerarquia":5},"geometry":{"type":"LineString","coordinates":[[-70.3164,-27.38075],[-70.317,-27.38124]]}},{"type":"Feature","properties":{"nombre":"Carlos Van Buren","jerarquia":5},"geometry":{"type":"LineString","coordinates":[[-70.317,-27.38124],[-70.31713,-27.38134]]}},{"type":"Feature","properties":{"nombre":"Carlos Van Buren","jerarquia":5},"geometry":{"type":"LineString","coordinates":[[-70.31713,-27.38134],[-70.31856,-27.38259]]}},{"type":"Feature","properties":{"nombre":"Colipí","jerarquia":5},"geometry":{"type":"LineString","coordinates":[[-70.32643,-27.36159],[-70.32635,-27.36152]]}},{"type":"Feature","properties":{"nombre":"Colipí","jerarquia":5},"geometry":{"type":"LineString","coordinates":[[-70.32635,-27.36152],[-70.32622,-27.36135]]}},{"type":"Feature","properties":{"nombre":"Avenida Circunvalación","jerarquia":3},"geometry":{"type":"LineString","coordinates":[[-70.31959,-27.36895],[-70.31912,-27.36938]]}},{"type":"Feature","properties":{"nombre":"Avenida Circunvalación","jerarquia":3},"geometry":{"type":"LineString","coordinates":[[-70.31912,-27.36938],[-70.31878,-27.36967]]}},{"type":"Feature","properties":{"nombre":"Avenida El Palomar","jerarquia":5},"geometry":{"type":"LineString","coordinates":[[-70.33526,-27.37478],[-70.33504,-27.375]]}},{"type":"Feature","properties":{"nombre":"Avenida Circunvalación","jerarquia":3},"geometry":{"type":"LineString","coordinates":[[-70.32534,-27.36223],[-70.32635,-27.36152]]}},{"type":"Feature","properties":{"nombre":"Avenida Circunvalación","jerarquia":3},"geometry":{"type":"LineString","coordinates":[[-70.32495,-27.36263],[-70.32433,-27.36331]]}},{"type":"Feature","properties":{"nombre":"Avenida Circunvalación","jerarquia":3},"geometry":{"type":"LineString","coordinates":[[-70.32433,-27.36331],[-70.32367,-27.36409]]}},{"type":"Feature","properties":{"nombre":"Avenida Los Carrera","jerarquia":3},"geometry":{"type":"LineString","coordinates":[[-70.30864,-27.38337],[-70.30901,-27.38294]]}},{"type":"Feature","properties":{"nombre":"Avenida Los Carrera","jerarquia":3},"geometry":{"type":"LineString","coordinates":[[-70.30901,-27.38294],[-70.30929,-27.38262]]}},{"type":"Feature","properties":{"nombre":"Avenida Los Carrera","jerarquia":3},"geometry":{"type":"LineString","coordinates":[[-70.30929,-27.38262],[-70.31026,-27.38155]]}},{"type":"Feature","properties":{"nombre":"Avenida Los Carrera","jerarquia":3},"geometry":{"type":"LineString","coordinates":[[-70.31026,-27.38155],[-70.31039,-27.38141]]}},{"type":"Feature","properties":{"nombre":"Gabriela Mistral","jerarquia":5},"geometry":{"type":"LineString","coordinates":[[-70.32282,-27.36698],[-70.32296,-27.36694]]}},{"type":"Feature","properties":{"nombre":"Avenida Los Carrera","jerarquia":3},"geometry":{"type":"LineString","coordinates":[[-70.30295,-27.38973],[-70.30228,-27.39044]]}},{"type":"Feature","properties":{"nombre":"Avenida Los Carrera","jerarquia":3},"geometry":{"type":"LineString","coordinates":[[-70.30228,-27.39044],[-70.30091,-27.39197]]}},{"type":"Feature","properties":{"nombre":"Avenida Los Carrera","jerarquia":3},"geometry":{"type":"LineString","coordinates":[[-70.30091,-27.39197],[-70.30001,-27.3929]]}},{"type":"Feature","properties":{"nombre":"Avenida Los Carrera","jerarquia":3},"geometry":{"type":"LineString","coordinates":[[-70.30001,-27.3929],[-70.29971,-27.39316]]}},{"type":"Feature","properties":{"nombre":"Avenida Los Carrera","jerarquia":3},"geometry":{"type":"LineString","coordinates":[[-70.29971,-27.39316],[-70.29908,-27.39356]]}},{"type":"Feature","properties":{"nombre":"Avenida Los Carrera","jerarquia":3},"geometry":{"type":"LineString","coordinates":[[-70.29908,-27.39356],[-70.299,-27.39361]]}},{"type":"Feature","properties":{"nombre":"Avenida Los Carrera","jerarquia":3},"geometry":{"type":"LineString","coordinates":[[-70.299,-27.39361],[-70.29838,-27.39391]]}},{"type":"Feature","properties":{"nombre":"Avenida Los Carrera","jerarquia":3},"geometry":{"type":"LineString","coordinates":[[-70.29838,-27.39391],[-70.29766,-27.39444],[-70.297,-27.39519]]}},{"type":"Feature","properties":{"nombre":"Avenida Los Carrera","jerarquia":3},"geometry":{"type":"LineString","coordinates":[[-70.297,-27.39519],[-70.29649,-27.39579]]}},{"type":"Feature","properties":{"nombre":"Avenida Los Carrera","jerarquia":3},"geometry":{"type":"LineString","coordinates":[[-70.29649,-27.39579],[-70.29511,-27.39758]]}},{"type":"Feature","properties":{"nombre":"Avenida Los Carrera","jerarquia":3},"geometry":{"type":"LineString","coordinates":[[-70.29511,-27.39758],[-70.29391,-27.39915]]}},{"type":"Feature","properties":{"nombre":"Avenida Los Carrera","jerarquia":3},"geometry":{"type":"LineString","coordinates":[[-70.29391,-27.39915],[-70.29318,-27.40012]]}},{"type":"Feature","properties":{"nombre":"Avenida Los Carrera","jerarquia":3},"geometry":{"type":"LineString","coordinates":[[-70.28067,-27.41389],[-70.28092,-27.41369]]}},{"type":"Feature","properties":{"nombre":"Avenida Los Carrera","jerarquia":3},"geometry":{"type":"LineString","coordinates":[[-70.28092,-27.41369],[-70.28237,-27.41252]]}},{"type":"Feature","properties":{"nombre":"Avenida Los Carrera","jerarquia":3},"geometry":{"type":"LineString","coordinates":[[-70.28237,-27.41252],[-70.28344,-27.41172]]}},{"type":"Feature","properties":{"nombre":"Avenida Los Carrera","jerarquia":3},"geometry":{"type":"LineString","coordinates":[[-70.28344,-27.41172],[-70.28425,-27.41105]]}},{"type":"Feature","properties":{"nombre":"Avenida Los Carrera","jerarquia":3},"geometry":{"type":"LineString","coordinates":[[-70.28425,-27.41105],[-70.28571,-27.40948]]}},{"type":"Feature","properties":{"nombre":"Avenida Los Carrera","jerarquia":3},"geometry":{"type":"LineString","coordinates":[[-70.28571,-27.40948],[-70.28606,-27.40907]]}},{"type":"Feature","properties":{"nombre":"Avenida Los Carrera","jerarquia":3},"geometry":{"type":"LineString","coordinates":[[-70.28606,-27.40907],[-70.2864,-27.40869]]}},{"type":"Feature","properties":{"nombre":"Avenida Los Carrera","jerarquia":3},"geometry":{"type":"LineString","coordinates":[[-70.2864,-27.40869],[-70.28681,-27.40817]]}},{"type":"Feature","properties":{"nombre":"Avenida Los Carrera","jerarquia":3},"geometry":{"type":"LineString","coordinates":[[-70.28681,-27.40817],[-70.29033,-27.40377]]}},{"type":"Feature","properties":{"nombre":"Avenida Los Carrera","jerarquia":3},"geometry":{"type":"LineString","coordinates":[[-70.29033,-27.40377],[-70.29145,-27.40231]]}},{"type":"Feature","properties":{"nombre":"Avenida Los Carrera","jerarquia":3},"geometry":{"type":"LineString","coordinates":[[-70.29145,-27.40231],[-70.29222,-27.4012]]}},{"type":"Feature","properties":{"nombre":"Avenida Los Carrera","jerarquia":3},"geometry":{"type":"LineString","coordinates":[[-70.29222,-27.4012],[-70.29307,-27.40003]]}},{"type":"Feature","properties":{"nombre":"Avenida Los Carrera","jerarquia":3},"geometry":{"type":"LineString","coordinates":[[-70.29307,-27.40003],[-70.29397,-27.39879]]}},{"type":"Feature","properties":{"nombre":"Avenida Los Carrera","jerarquia":3},"geometry":{"type":"LineString","coordinates":[[-70.29397,-27.39879],[-70.29497,-27.39747]]}},{"type":"Feature","properties":{"nombre":"Avenida Los Carrera","jerarquia":3},"geometry":{"type":"LineString","coordinates":[[-70.29497,-27.39747],[-70.29598,-27.39619]]}},{"type":"Feature","properties":{"nombre":"Avenida Los Carrera","jerarquia":3},"geometry":{"type":"LineString","coordinates":[[-70.29598,-27.39619],[-70.29688,-27.39509]]}},{"type":"Feature","properties":{"nombre":"Avenida Los Carrera","jerarquia":3},"geometry":{"type":"LineString","coordinates":[[-70.29688,-27.39509],[-70.29738,-27.39448],[-70.29774,-27.39415],[-70.29805,-27.39394],[-70.29882,-27.39357]]}},{"type":"Feature","properties":{"nombre":"Avenida Los Carrera","jerarquia":3},"geometry":{"type":"LineString","coordinates":[[-70.29882,-27.39357],[-70.29891,-27.39353]]}},{"type":"Feature","properties":{"nombre":"Avenida Los Carrera","jerarquia":3},"geometry":{"type":"LineString","coordinates":[[-70.29891,-27.39353],[-70.29937,-27.39323]]}},{"type":"Feature","properties":{"nombre":"Avenida Los Carrera","jerarquia":3},"geometry":{"type":"LineString","coordinates":[[-70.29937,-27.39323],[-70.29985,-27.39283]]}},{"type":"Feature","properties":{"nombre":"Avenida Los Carrera","jerarquia":3},"geometry":{"type":"LineString","coordinates":[[-70.29985,-27.39283],[-70.30077,-27.39187]]}},{"type":"Feature","properties":{"nombre":"Avenida Los Carrera","jerarquia":3},"geometry":{"type":"LineString","coordinates":[[-70.30077,-27.39187],[-70.30271,-27.38969]]}},{"type":"Feature","properties":{"nombre":"Avenida Los Carrera","jerarquia":3},"geometry":{"type":"LineString","coordinates":[[-70.30271,-27.38969],[-70.30279,-27.3896]]}},{"type":"Feature","properties":{"nombre":"","jerarquia":2},"geometry":{"type":"LineString","coordinates":[[-70.31578,-27.38284],[-70.31566,-27.38275]]}},{"type":"Feature","properties":{"nombre":"Avenida Los Carrera","jerarquia":3},"geometry":{"type":"LineString","coordinates":[[-70.32216,-27.37261],[-70.32247,-27.37241]]}},{"type":"Feature","properties":{"nombre":"Gabriela Mistral","jerarquia":5},"geometry":{"type":"LineString","coordinates":[[-70.32209,-27.36717],[-70.32244,-27.36704]]}},{"type":"Feature","properties":{"nombre":"Gabriela Mistral","jerarquia":5},"geometry":{"type":"LineString","coordinates":[[-70.32244,-27.36704],[-70.32273,-27.367]]}},{"type":"Feature","properties":{"nombre":"Gabriela Mistral","jerarquia":5},"geometry":{"type":"LineString","coordinates":[[-70.32273,-27.367],[-70.32282,-27.36698]]}},{"type":"Feature","properties":{"nombre":"Avenida Copayapu","jerarquia":2},"geometry":{"type":"LineString","coordinates":[[-70.3276,-27.37395],[-70.32774,-27.37388]]}},{"type":"Feature","properties":{"nombre":"Avenida Copayapu","jerarquia":2},"geometry":{"type":"LineString","coordinates":[[-70.32767,-27.37403],[-70.32661,-27.3746]]}},{"type":"Feature","properties":{"nombre":"Avenida Copayapu","jerarquia":2},"geometry":{"type":"LineString","coordinates":[[-70.32661,-27.3746],[-70.32553,-27.3752]]}},{"type":"Feature","properties":{"nombre":"Avenida Copayapu","jerarquia":2},"geometry":{"type":"LineString","coordinates":[[-70.32553,-27.3752],[-70.32498,-27.37548]]}},{"type":"Feature","properties":{"nombre":"Avenida Copayapu","jerarquia":2},"geometry":{"type":"LineString","coordinates":[[-70.32498,-27.37548],[-70.32484,-27.37556]]}},{"type":"Feature","properties":{"nombre":"Avenida Copayapu","jerarquia":2},"geometry":{"type":"LineString","coordinates":[[-70.32484,-27.37556],[-70.32476,-27.3756]]}},{"type":"Feature","properties":{"nombre":"Avenida Copayapu","jerarquia":2},"geometry":{"type":"LineString","coordinates":[[-70.33339,-27.37131],[-70.33392,-27.37107]]}},{"type":"Feature","properties":{"nombre":"Avenida Copayapu","jerarquia":2},"geometry":{"type":"LineString","coordinates":[[-70.32778,-27.37397],[-70.32767,-27.37403]]}},{"type":"Feature","properties":{"nombre":"Camilo Henríquez","jerarquia":3},"geometry":{"type":"LineString","coordinates":[[-70.3276,-27.37395],[-70.32725,-27.37344]]}},{"type":"Feature","properties":{"nombre":"Camilo Henríquez","jerarquia":3},"geometry":{"type":"LineString","coordinates":[[-70.32725,-27.37344],[-70.32706,-27.37308]]}},{"type":"Feature","properties":{"nombre":"Camilo Henríquez","jerarquia":3},"geometry":{"type":"LineString","coordinates":[[-70.32706,-27.37308],[-70.32698,-27.37297]]}},{"type":"Feature","properties":{"nombre":"Camilo Henríquez","jerarquia":3},"geometry":{"type":"LineString","coordinates":[[-70.32774,-27.37388],[-70.32778,-27.37397]]}},{"type":"Feature","properties":{"nombre":"Los Aromos","jerarquia":5},"geometry":{"type":"LineString","coordinates":[[-70.32141,-27.37982],[-70.32097,-27.38011]]}},{"type":"Feature","properties":{"nombre":"Los Aromos","jerarquia":5},"geometry":{"type":"LineString","coordinates":[[-70.32097,-27.38011],[-70.32053,-27.38041]]}},{"type":"Feature","properties":{"nombre":"Avenida Copayapu","jerarquia":2},"geometry":{"type":"LineString","coordinates":[[-70.31921,-27.37884],[-70.32001,-27.37831]]}},{"type":"Feature","properties":{"nombre":"Avenida Copayapu","jerarquia":2},"geometry":{"type":"LineString","coordinates":[[-70.32001,-27.37831],[-70.32007,-27.37827]]}},{"type":"Feature","properties":{"nombre":"Avenida Copayapu","jerarquia":2},"geometry":{"type":"LineString","coordinates":[[-70.32007,-27.37827],[-70.32195,-27.37702]]}},{"type":"Feature","properties":{"nombre":"Avenida Copayapu","jerarquia":2},"geometry":{"type":"LineString","coordinates":[[-70.32195,-27.37702],[-70.32202,-27.37698]]}},{"type":"Feature","properties":{"nombre":"Camilo Henríquez","jerarquia":3},"geometry":{"type":"LineString","coordinates":[[-70.33228,-27.37863],[-70.33219,-27.37855]]}},{"type":"Feature","properties":{"nombre":"Camilo Henríquez","jerarquia":3},"geometry":{"type":"LineString","coordinates":[[-70.33219,-27.37855],[-70.3308,-27.37709]]}},{"type":"Feature","properties":{"nombre":"Camilo Henríquez","jerarquia":3},"geometry":{"type":"LineString","coordinates":[[-70.33235,-27.37851],[-70.33335,-27.37949]]}},{"type":"Feature","properties":{"nombre":"Camilo Henríquez","jerarquia":3},"geometry":{"type":"LineString","coordinates":[[-70.33335,-27.37949],[-70.33393,-27.38005],[-70.33406,-27.38012]]}},{"type":"Feature","properties":{"nombre":"Camilo Henríquez","jerarquia":3},"geometry":{"type":"LineString","coordinates":[[-70.33406,-27.38012],[-70.33408,-27.38012]]}},{"type":"Feature","properties":{"nombre":"Avenida El Palomar","jerarquia":5},"geometry":{"type":"LineString","coordinates":[[-70.33228,-27.37863],[-70.33138,-27.37976]]}},{"type":"Feature","properties":{"nombre":"Avenida El Palomar","jerarquia":5},"geometry":{"type":"LineString","coordinates":[[-70.33138,-27.37976],[-70.33119,-27.37999]]}},{"type":"Feature","properties":{"nombre":"Avenida El Palomar","jerarquia":5},"geometry":{"type":"LineString","coordinates":[[-70.33119,-27.37999],[-70.33103,-27.38023]]}},{"type":"Feature","properties":{"nombre":"Avenida El Palomar","jerarquia":5},"geometry":{"type":"LineString","coordinates":[[-70.33103,-27.38023],[-70.33073,-27.38075]]}},{"type":"Feature","properties":{"nombre":"Avenida El Palomar","jerarquia":5},"geometry":{"type":"LineString","coordinates":[[-70.33073,-27.38075],[-70.33053,-27.38113]]}},{"type":"Feature","properties":{"nombre":"Avenida El Palomar","jerarquia":5},"geometry":{"type":"LineString","coordinates":[[-70.33053,-27.38113],[-70.33042,-27.38132]]}},{"type":"Feature","properties":{"nombre":"Avenida El Palomar","jerarquia":5},"geometry":{"type":"LineString","coordinates":[[-70.33042,-27.38132],[-70.33016,-27.38179]]}},{"type":"Feature","properties":{"nombre":"Avenida El Palomar","jerarquia":5},"geometry":{"type":"LineString","coordinates":[[-70.33016,-27.38179],[-70.33004,-27.382]]}},{"type":"Feature","properties":{"nombre":"Avenida El Palomar","jerarquia":5},"geometry":{"type":"LineString","coordinates":[[-70.33004,-27.382],[-70.32984,-27.38236]]}},{"type":"Feature","properties":{"nombre":"Avenida El Palomar","jerarquia":5},"geometry":{"type":"LineString","coordinates":[[-70.32984,-27.38236],[-70.32942,-27.38322]]}},{"type":"Feature","properties":{"nombre":"Avenida El Palomar","jerarquia":5},"geometry":{"type":"LineString","coordinates":[[-70.32942,-27.38322],[-70.32901,-27.38401]]}},{"type":"Feature","properties":{"nombre":"Avenida El Palomar","jerarquia":5},"geometry":{"type":"LineString","coordinates":[[-70.32901,-27.38401],[-70.3288,-27.38436]]}},{"type":"Feature","properties":{"nombre":"Avenida El Palomar","jerarquia":5},"geometry":{"type":"LineString","coordinates":[[-70.3288,-27.38436],[-70.32859,-27.38468]]}},{"type":"Feature","properties":{"nombre":"Avenida El Palomar","jerarquia":5},"geometry":{"type":"LineString","coordinates":[[-70.32859,-27.38468],[-70.3284,-27.38496]]}},{"type":"Feature","properties":{"nombre":"Manuel Antonio Matta","jerarquia":3},"geometry":{"type":"LineString","coordinates":[[-70.34326,-27.36443],[-70.34311,-27.36435]]}},{"type":"Feature","properties":{"nombre":"Ramón Freire","jerarquia":5},"geometry":{"type":"LineString","coordinates":[[-70.34311,-27.36435],[-70.34294,-27.36443]]}},{"type":"Feature","properties":{"nombre":"Ramón Freire","jerarquia":5},"geometry":{"type":"LineString","coordinates":[[-70.34294,-27.36443],[-70.34216,-27.36477]]}},{"type":"Feature","properties":{"nombre":"Ramón Freire","jerarquia":5},"geometry":{"type":"LineString","coordinates":[[-70.34216,-27.36477],[-70.34137,-27.36511]]}},{"type":"Feature","properties":{"nombre":"Ramón Freire","jerarquia":5},"geometry":{"type":"LineString","coordinates":[[-70.34137,-27.36511],[-70.34083,-27.36541],[-70.34046,-27.36569]]}},{"type":"Feature","properties":{"nombre":"Manuel Antonio Matta","jerarquia":3},"geometry":{"type":"LineString","coordinates":[[-70.34311,-27.36435],[-70.34289,-27.36399]]}},{"type":"Feature","properties":{"nombre":"Manuel Antonio Matta","jerarquia":3},"geometry":{"type":"LineString","coordinates":[[-70.34289,-27.36399],[-70.34286,-27.36394]]}},{"type":"Feature","properties":{"nombre":"Manuel Antonio Matta","jerarquia":3},"geometry":{"type":"LineString","coordinates":[[-70.34286,-27.36394],[-70.34263,-27.3638]]}},{"type":"Feature","properties":{"nombre":"Manuel Antonio Matta","jerarquia":3},"geometry":{"type":"LineString","coordinates":[[-70.34263,-27.3638],[-70.34241,-27.36359]]}},{"type":"Feature","properties":{"nombre":"Manuel Antonio Matta","jerarquia":3},"geometry":{"type":"LineString","coordinates":[[-70.34241,-27.36359],[-70.34124,-27.36228]]}},{"type":"Feature","properties":{"nombre":"Manuel Antonio Matta","jerarquia":3},"geometry":{"type":"LineString","coordinates":[[-70.34124,-27.36228],[-70.34117,-27.3622]]}},{"type":"Feature","properties":{"nombre":"Manuel Antonio Matta","jerarquia":3},"geometry":{"type":"LineString","coordinates":[[-70.34117,-27.3622],[-70.34062,-27.36157]]}},{"type":"Feature","properties":{"nombre":"Manuel Antonio Matta","jerarquia":3},"geometry":{"type":"LineString","coordinates":[[-70.34062,-27.36157],[-70.3401,-27.36111],[-70.33989,-27.36105]]}},{"type":"Feature","properties":{"nombre":"Avenida Copayapu","jerarquia":2},"geometry":{"type":"LineString","coordinates":[[-70.33795,-27.36827],[-70.34056,-27.36579]]}},{"type":"Feature","properties":{"nombre":"Ramón Freire","jerarquia":5},"geometry":{"type":"LineString","coordinates":[[-70.34319,-27.36432],[-70.34311,-27.36435]]}},{"type":"Feature","properties":{"nombre":"Manuel Antonio Matta","jerarquia":3},"geometry":{"type":"LineString","coordinates":[[-70.34319,-27.36432],[-70.34326,-27.36443]]}},{"type":"Feature","properties":{"nombre":"Avenida Copayapu","jerarquia":2},"geometry":{"type":"LineString","coordinates":[[-70.3185,-27.37981],[-70.31842,-27.3799]]}},{"type":"Feature","properties":{"nombre":"Avenida Copayapu","jerarquia":2},"geometry":{"type":"LineString","coordinates":[[-70.31842,-27.3799],[-70.31823,-27.3801]]}},{"type":"Feature","properties":{"nombre":"Avenida Copayapu","jerarquia":2},"geometry":{"type":"LineString","coordinates":[[-70.31823,-27.3801],[-70.31797,-27.3804]]}},{"type":"Feature","properties":{"nombre":"Avenida Copayapu","jerarquia":2},"geometry":{"type":"LineString","coordinates":[[-70.31797,-27.3804],[-70.31767,-27.38075]]}},{"type":"Feature","properties":{"nombre":"Avenida Copayapu","jerarquia":2},"geometry":{"type":"LineString","coordinates":[[-70.31767,-27.38075],[-70.31738,-27.38106]]}},{"type":"Feature","properties":{"nombre":"Avenida Copayapu","jerarquia":2},"geometry":{"type":"LineString","coordinates":[[-70.31738,-27.38106],[-70.31713,-27.38134]]}},{"type":"Feature","properties":{"nombre":"Avenida Copayapu","jerarquia":2},"geometry":{"type":"LineString","coordinates":[[-70.31713,-27.38134],[-70.31578,-27.38284]]}},{"type":"Feature","properties":{"nombre":"Avenida Copayapu","jerarquia":2},"geometry":{"type":"LineString","coordinates":[[-70.31578,-27.38284],[-70.31521,-27.38348]]}},{"type":"Feature","properties":{"nombre":"Avenida Copayapu","jerarquia":2},"geometry":{"type":"LineString","coordinates":[[-70.31521,-27.38348],[-70.31487,-27.38385]]}},{"type":"Feature","properties":{"nombre":"Avenida Copayapu","jerarquia":2},"geometry":{"type":"LineString","coordinates":[[-70.31829,-27.37981],[-70.31909,-27.37895]]}},{"type":"Feature","properties":{"nombre":"Avenida Copayapu","jerarquia":2},"geometry":{"type":"LineString","coordinates":[[-70.31909,-27.37895],[-70.31921,-27.37884]]}},{"type":"Feature","properties":{"nombre":"Avenida Copayapu","jerarquia":2},"geometry":{"type":"LineString","coordinates":[[-70.31487,-27.38385],[-70.3137,-27.38523]]}},{"type":"Feature","properties":{"nombre":"Avenida Copayapu","jerarquia":2},"geometry":{"type":"LineString","coordinates":[[-70.3137,-27.38523],[-70.31346,-27.38577],[-70.31335,-27.38646]]}},{"type":"Feature","properties":{"nombre":"Avenida Copayapu","jerarquia":2},"geometry":{"type":"LineString","coordinates":[[-70.31335,-27.38646],[-70.31335,-27.38649]]}},{"type":"Feature","properties":{"nombre":"Avenida Copayapu","jerarquia":2},"geometry":{"type":"LineString","coordinates":[[-70.31335,-27.38649],[-70.31332,-27.38674]]}},{"type":"Feature","properties":{"nombre":"Avenida Copayapu","jerarquia":2},"geometry":{"type":"LineString","coordinates":[[-70.31448,-27.38408],[-70.31508,-27.3834]]}},{"type":"Feature","properties":{"nombre":"Avenida Copayapu","jerarquia":2},"geometry":{"type":"LineString","coordinates":[[-70.31508,-27.3834],[-70.31552,-27.3829]]}},{"type":"Feature","properties":{"nombre":"Avenida Copayapu","jerarquia":2},"geometry":{"type":"LineString","coordinates":[[-70.31552,-27.3829],[-70.31566,-27.38275]]}},{"type":"Feature","properties":{"nombre":"Avenida Copayapu","jerarquia":2},"geometry":{"type":"LineString","coordinates":[[-70.31566,-27.38275],[-70.31608,-27.38228]]}},{"type":"Feature","properties":{"nombre":"Avenida Copayapu","jerarquia":2},"geometry":{"type":"LineString","coordinates":[[-70.31608,-27.38228],[-70.31611,-27.38224]]}},{"type":"Feature","properties":{"nombre":"Avenida Copayapu","jerarquia":2},"geometry":{"type":"LineString","coordinates":[[-70.31611,-27.38224],[-70.31642,-27.3819]]}},{"type":"Feature","properties":{"nombre":"Avenida Copayapu","jerarquia":2},"geometry":{"type":"LineString","coordinates":[[-70.31642,-27.3819],[-70.317,-27.38124]]}},{"type":"Feature","properties":{"nombre":"Avenida Copayapu","jerarquia":2},"geometry":{"type":"LineString","coordinates":[[-70.317,-27.38124],[-70.31782,-27.38034]]}},{"type":"Feature","properties":{"nombre":"Avenida Copayapu","jerarquia":2},"geometry":{"type":"LineString","coordinates":[[-70.31782,-27.38034],[-70.31829,-27.37981]]}},{"type":"Feature","properties":{"nombre":"Maipú","jerarquia":4},"geometry":{"type":"LineString","coordinates":[[-70.32742,-27.35748],[-70.328,-27.35842]]}},{"type":"Feature","properties":{"nombre":"Maipú","jerarquia":4},"geometry":{"type":"LineString","coordinates":[[-70.328,-27.35842],[-70.3283,-27.35889]]}},{"type":"Feature","properties":{"nombre":"Maipú","jerarquia":4},"geometry":{"type":"LineString","coordinates":[[-70.3283,-27.35889],[-70.32882,-27.35975]]}},{"type":"Feature","properties":{"nombre":"Avenida Copayapu","jerarquia":2},"geometry":{"type":"LineString","coordinates":[[-70.32468,-27.37548],[-70.32545,-27.37509]]}},{"type":"Feature","properties":{"nombre":"Avenida Copayapu","jerarquia":2},"geometry":{"type":"LineString","coordinates":[[-70.32545,-27.37509],[-70.32579,-27.37492]]}},{"type":"Feature","properties":{"nombre":"Avenida Copayapu","jerarquia":2},"geometry":{"type":"LineString","coordinates":[[-70.32579,-27.37492],[-70.32652,-27.37453]]}},{"type":"Feature","properties":{"nombre":"Avenida Copayapu","jerarquia":2},"geometry":{"type":"LineString","coordinates":[[-70.32652,-27.37453],[-70.32752,-27.374]]}},{"type":"Feature","properties":{"nombre":"Avenida Copayapu","jerarquia":2},"geometry":{"type":"LineString","coordinates":[[-70.32752,-27.374],[-70.3276,-27.37395]]}},{"type":"Feature","properties":{"nombre":"Avenida Copayapu","jerarquia":2},"geometry":{"type":"LineString","coordinates":[[-70.32476,-27.3756],[-70.32316,-27.37639]]}},{"type":"Feature","properties":{"nombre":"Avenida Copayapu","jerarquia":2},"geometry":{"type":"LineString","coordinates":[[-70.32316,-27.37639],[-70.32259,-27.37676]]}},{"type":"Feature","properties":{"nombre":"Avenida Copayapu","jerarquia":2},"geometry":{"type":"LineString","coordinates":[[-70.32259,-27.37676],[-70.32219,-27.37702]]}},{"type":"Feature","properties":{"nombre":"Avenida Copayapu","jerarquia":2},"geometry":{"type":"LineString","coordinates":[[-70.32219,-27.37702],[-70.3221,-27.37707]]}},{"type":"Feature","properties":{"nombre":"Camilo Henríquez","jerarquia":3},"geometry":{"type":"LineString","coordinates":[[-70.32397,-27.36816],[-70.32428,-27.36854]]}},{"type":"Feature","properties":{"nombre":"Camilo Henríquez","jerarquia":3},"geometry":{"type":"LineString","coordinates":[[-70.32428,-27.36854],[-70.32492,-27.36945]]}},{"type":"Feature","properties":{"nombre":"Camilo Henríquez","jerarquia":3},"geometry":{"type":"LineString","coordinates":[[-70.32492,-27.36945],[-70.32571,-27.37062]]}},{"type":"Feature","properties":{"nombre":"Camilo Henríquez","jerarquia":3},"geometry":{"type":"LineString","coordinates":[[-70.32712,-27.37287],[-70.3272,-27.37301]]}},{"type":"Feature","properties":{"nombre":"Camilo Henríquez","jerarquia":3},"geometry":{"type":"LineString","coordinates":[[-70.3272,-27.37301],[-70.32769,-27.3738]]}},{"type":"Feature","properties":{"nombre":"Camilo Henríquez","jerarquia":3},"geometry":{"type":"LineString","coordinates":[[-70.32769,-27.3738],[-70.32774,-27.37388]]}},{"type":"Feature","properties":{"nombre":"Camilo Henríquez","jerarquia":3},"geometry":{"type":"LineString","coordinates":[[-70.32555,-27.37067],[-70.32534,-27.37038]]}},{"type":"Feature","properties":{"nombre":"Camilo Henríquez","jerarquia":3},"geometry":{"type":"LineString","coordinates":[[-70.32534,-27.37038],[-70.32512,-27.37004]]}},{"type":"Feature","properties":{"nombre":"Camilo Henríquez","jerarquia":3},"geometry":{"type":"LineString","coordinates":[[-70.32512,-27.37004],[-70.32479,-27.36954]]}},{"type":"Feature","properties":{"nombre":"Camilo Henríquez","jerarquia":3},"geometry":{"type":"LineString","coordinates":[[-70.32479,-27.36954],[-70.32462,-27.36928]]}},{"type":"Feature","properties":{"nombre":"Camilo Henríquez","jerarquia":3},"geometry":{"type":"LineString","coordinates":[[-70.32462,-27.36928],[-70.32439,-27.36895]]}},{"type":"Feature","properties":{"nombre":"Camilo Henríquez","jerarquia":3},"geometry":{"type":"LineString","coordinates":[[-70.32439,-27.36895],[-70.32415,-27.36863]]}},{"type":"Feature","properties":{"nombre":"Camilo Henríquez","jerarquia":3},"geometry":{"type":"LineString","coordinates":[[-70.32415,-27.36863],[-70.32383,-27.36825]]}},{"type":"Feature","properties":{"nombre":"Camilo Henríquez","jerarquia":3},"geometry":{"type":"LineString","coordinates":[[-70.32377,-27.36818],[-70.32351,-27.36786]]}},{"type":"Feature","properties":{"nombre":"Camilo Henríquez","jerarquia":3},"geometry":{"type":"LineString","coordinates":[[-70.32351,-27.36786],[-70.32311,-27.36736]]}},{"type":"Feature","properties":{"nombre":"Camilo Henríquez","jerarquia":3},"geometry":{"type":"LineString","coordinates":[[-70.32311,-27.36736],[-70.32295,-27.36715]]}},{"type":"Feature","properties":{"nombre":"Camilo Henríquez","jerarquia":3},"geometry":{"type":"LineString","coordinates":[[-70.32295,-27.36715],[-70.32282,-27.36698]]}},{"type":"Feature","properties":{"nombre":"Camilo Henríquez","jerarquia":3},"geometry":{"type":"LineString","coordinates":[[-70.32282,-27.36698],[-70.32202,-27.36601]]}},{"type":"Feature","properties":{"nombre":"Ruta C-391","jerarquia":3},"geometry":{"type":"LineString","coordinates":[[-70.35072,-27.46463],[-70.35052,-27.46394],[-70.35028,-27.46351],[-70.34864,-27.4611],[-70.34701,-27.45843],[-70.34655,-27.45758],[-70.34564,-27.4556],[-70.34533,-27.45515],[-70.34501,-27.45483],[-70.34336,-27.45346],[-70.34246,-27.45289],[-70.3415,-27.45241],[-70.34079,-27.45214],[-70.34002,-27.45192],[-70.33577,-27.45099],[-70.33491,-27.45062],[-70.33433,-27.45017],[-70.33119,-27.4472],[-70.33015,-27.44648],[-70.32822,-27.44436],[-70.32562,-27.44167],[-70.32456,-27.44073],[-70.32239,-27.43906],[-70.32018,-27.43685],[-70.3198,-27.43635],[-70.31832,-27.43398],[-70.31541,-27.42995],[-70.31517,-27.42929],[-70.31506,-27.42817],[-70.31497,-27.42787]]}},{"type":"Feature","properties":{"nombre":"Ruta C-391","jerarquia":3},"geometry":{"type":"LineString","coordinates":[[-70.31497,-27.42787],[-70.31442,-27.42654],[-70.31395,-27.42488],[-70.31271,-27.4221]]}},{"type":"Feature","properties":{"nombre":"Ruta C-391","jerarquia":3},"geometry":{"type":"LineString","coordinates":[[-70.31271,-27.4221],[-70.31248,-27.42161],[-70.31217,-27.4212],[-70.31013,-27.41928]]}},{"type":"Feature","properties":{"nombre":"Avenida Circunvalación","jerarquia":3},"geometry":{"type":"LineString","coordinates":[[-70.31396,-27.37355],[-70.31356,-27.37389]]}},{"type":"Feature","properties":{"nombre":"Avenida Circunvalación","jerarquia":3},"geometry":{"type":"LineString","coordinates":[[-70.31356,-27.37389],[-70.31327,-27.37413]]}},{"type":"Feature","properties":{"nombre":"Avenida Circunvalación","jerarquia":3},"geometry":{"type":"LineString","coordinates":[[-70.31327,-27.37413],[-70.3128,-27.37448]]}},{"type":"Feature","properties":{"nombre":"Avenida Circunvalación","jerarquia":3},"geometry":{"type":"LineString","coordinates":[[-70.3128,-27.37448],[-70.31206,-27.37506]]}},{"type":"Feature","properties":{"nombre":"Avenida Circunvalación","jerarquia":3},"geometry":{"type":"LineString","coordinates":[[-70.31206,-27.37506],[-70.31163,-27.37534]]}},{"type":"Feature","properties":{"nombre":"Avenida Circunvalación","jerarquia":3},"geometry":{"type":"LineString","coordinates":[[-70.31163,-27.37534],[-70.3108,-27.37607]]}},{"type":"Feature","properties":{"nombre":"Avenida Circunvalación","jerarquia":3},"geometry":{"type":"LineString","coordinates":[[-70.3108,-27.37607],[-70.31008,-27.37659]]}},{"type":"Feature","properties":{"nombre":"Avenida Circunvalación","jerarquia":3},"geometry":{"type":"LineString","coordinates":[[-70.31008,-27.37659],[-70.30978,-27.37683]]}},{"type":"Feature","properties":{"nombre":"Avenida Circunvalación","jerarquia":3},"geometry":{"type":"LineString","coordinates":[[-70.30978,-27.37683],[-70.30947,-27.37708]]}},{"type":"Feature","properties":{"nombre":"Avenida Circunvalación","jerarquia":3},"geometry":{"type":"LineString","coordinates":[[-70.30947,-27.37708],[-70.30913,-27.37736]]}},{"type":"Feature","properties":{"nombre":"Avenida Circunvalación","jerarquia":3},"geometry":{"type":"LineString","coordinates":[[-70.30913,-27.37736],[-70.30874,-27.37769]]}},{"type":"Feature","properties":{"nombre":"Avenida Circunvalación","jerarquia":3},"geometry":{"type":"LineString","coordinates":[[-70.30874,-27.37769],[-70.30838,-27.37799]]}},{"type":"Feature","properties":{"nombre":"Avenida Circunvalación","jerarquia":3},"geometry":{"type":"LineString","coordinates":[[-70.30838,-27.37799],[-70.30799,-27.37837],[-70.30772,-27.37875]]}},{"type":"Feature","properties":{"nombre":"Avenida Circunvalación","jerarquia":3},"geometry":{"type":"LineString","coordinates":[[-70.30772,-27.37875],[-70.3075,-27.37928],[-70.30726,-27.38057]]}},{"type":"Feature","properties":{"nombre":"Avenida Circunvalación","jerarquia":3},"geometry":{"type":"LineString","coordinates":[[-70.30726,-27.38057],[-70.30717,-27.38143]]}},{"type":"Feature","properties":{"nombre":"Avenida Circunvalación","jerarquia":3},"geometry":{"type":"LineString","coordinates":[[-70.30717,-27.38143],[-70.30712,-27.38194]]}},{"type":"Feature","properties":{"nombre":"Avenida Circunvalación","jerarquia":3},"geometry":{"type":"LineString","coordinates":[[-70.31871,-27.36959],[-70.3198,-27.36862]]}},{"type":"Feature","properties":{"nombre":"Avenida Circunvalación","jerarquia":3},"geometry":{"type":"LineString","coordinates":[[-70.31072,-27.37599],[-70.31382,-27.37353]]}},{"type":"Feature","properties":{"nombre":"Avenida Circunvalación","jerarquia":3},"geometry":{"type":"LineString","coordinates":[[-70.31382,-27.37353],[-70.31388,-27.37348]]}},{"type":"Feature","properties":{"nombre":"Costanera Sur","jerarquia":5},"geometry":{"type":"LineString","coordinates":[[-70.33561,-27.37175],[-70.33724,-27.37052]]}},{"type":"Feature","properties":{"nombre":"José Joaquín Vallejos","jerarquia":4},"geometry":{"type":"LineString","coordinates":[[-70.32933,-27.36626],[-70.32841,-27.36539]]}},{"type":"Feature","properties":{"nombre":"José Joaquín Vallejos","jerarquia":4},"geometry":{"type":"LineString","coordinates":[[-70.32841,-27.36539],[-70.32714,-27.36409]]}},{"type":"Feature","properties":{"nombre":"Ramón Freire","jerarquia":4},"geometry":{"type":"LineString","coordinates":[[-70.33468,-27.37028],[-70.33427,-27.37031],[-70.33343,-27.37058]]}},{"type":"Feature","properties":{"nombre":"","jerarquia":2},"geometry":{"type":"LineString","coordinates":[[-70.40449,-27.31558],[-70.40429,-27.31564],[-70.40419,-27.31559],[-70.40415,-27.31549]]}},{"type":"Feature","properties":{"nombre":"","jerarquia":2},"geometry":{"type":"LineString","coordinates":[[-70.40415,-27.31549],[-70.40421,-27.31537]]}},{"type":"Feature","properties":{"nombre":"","jerarquia":2},"geometry":{"type":"LineString","coordinates":[[-70.4035,-27.31596],[-70.40369,-27.31593],[-70.40382,-27.31607]]}},{"type":"Feature","properties":{"nombre":"","jerarquia":2},"geometry":{"type":"LineString","coordinates":[[-70.40382,-27.31607],[-70.40375,-27.31625]]}},{"type":"Feature","properties":{"nombre":"","jerarquia":2},"geometry":{"type":"LineString","coordinates":[[-70.35319,-27.35163],[-70.35284,-27.35192]]}},{"type":"Feature","properties":{"nombre":"","jerarquia":2},"geometry":{"type":"LineString","coordinates":[[-70.3558,-27.34918],[-70.35557,-27.34912],[-70.35542,-27.34892]]}},{"type":"Feature","properties":{"nombre":"","jerarquia":2},"geometry":{"type":"LineString","coordinates":[[-70.35285,-27.35141],[-70.35301,-27.35158],[-70.35319,-27.35163]]}},{"type":"Feature","properties":{"nombre":"","jerarquia":2},"geometry":{"type":"LineString","coordinates":[[-70.354,-27.34961],[-70.35421,-27.34962],[-70.35428,-27.34972],[-70.35426,-27.34981]]}},{"type":"Feature","properties":{"nombre":"","jerarquia":2},"geometry":{"type":"LineString","coordinates":[[-70.35426,-27.34981],[-70.35419,-27.3499]]}},{"type":"Feature","properties":{"nombre":"","jerarquia":2},"geometry":{"type":"LineString","coordinates":[[-70.3572,-27.34832],[-70.35701,-27.34834],[-70.35693,-27.34827],[-70.3569,-27.34817]]}},{"type":"Feature","properties":{"nombre":"","jerarquia":2},"geometry":{"type":"LineString","coordinates":[[-70.3569,-27.34817],[-70.35698,-27.34805]]}},{"type":"Feature","properties":{"nombre":"Maipú","jerarquia":4},"geometry":{"type":"LineString","coordinates":[[-70.32882,-27.35975],[-70.32891,-27.3599]]}},{"type":"Feature","properties":{"nombre":"Maipú","jerarquia":4},"geometry":{"type":"LineString","coordinates":[[-70.32891,-27.3599],[-70.32893,-27.35994]]}},{"type":"Feature","properties":{"nombre":"Avenida Circunvalación","jerarquia":3},"geometry":{"type":"LineString","coordinates":[[-70.3279,-27.36068],[-70.32721,-27.36111]]}},{"type":"Feature","properties":{"nombre":"Avenida Circunvalación","jerarquia":3},"geometry":{"type":"LineString","coordinates":[[-70.32721,-27.36111],[-70.32643,-27.36159]]}},{"type":"Feature","properties":{"nombre":"Maipú","jerarquia":4},"geometry":{"type":"LineString","coordinates":[[-70.32898,-27.36002],[-70.32938,-27.36074]]}},{"type":"Feature","properties":{"nombre":"Maipú","jerarquia":4},"geometry":{"type":"LineString","coordinates":[[-70.32938,-27.36074],[-70.3298,-27.36146],[-70.33031,-27.36221]]}},{"type":"Feature","properties":{"nombre":"Ramón Freire","jerarquia":5},"geometry":{"type":"LineString","coordinates":[[-70.33906,-27.36705],[-70.34046,-27.36569]]}},{"type":"Feature","properties":{"nombre":"Yerbas Buenas","jerarquia":5},"geometry":{"type":"LineString","coordinates":[[-70.333,-27.36027],[-70.33295,-27.36014]]}},{"type":"Feature","properties":{"nombre":"Yerbas Buenas","jerarquia":5},"geometry":{"type":"LineString","coordinates":[[-70.33295,-27.36014],[-70.33293,-27.35997]]}},{"type":"Feature","properties":{"nombre":"Avenida Circunvalación","jerarquia":3},"geometry":{"type":"LineString","coordinates":[[-70.333,-27.36027],[-70.33178,-27.35987]]}},{"type":"Feature","properties":{"nombre":"Avenida Circunvalación","jerarquia":3},"geometry":{"type":"LineString","coordinates":[[-70.33178,-27.35987],[-70.33113,-27.35974]]}},{"type":"Feature","properties":{"nombre":"Avenida Circunvalación","jerarquia":3},"geometry":{"type":"LineString","coordinates":[[-70.33113,-27.35974],[-70.33062,-27.35971]]}},{"type":"Feature","properties":{"nombre":"Avenida Circunvalación","jerarquia":3},"geometry":{"type":"LineString","coordinates":[[-70.33062,-27.35971],[-70.32991,-27.35976],[-70.32912,-27.35997]]}},{"type":"Feature","properties":{"nombre":"Avenida Circunvalación","jerarquia":3},"geometry":{"type":"LineString","coordinates":[[-70.32912,-27.35997],[-70.32898,-27.36002]]}},{"type":"Feature","properties":{"nombre":"Avenida Copayapu","jerarquia":2},"geometry":{"type":"LineString","coordinates":[[-70.34056,-27.36579],[-70.34057,-27.36578]]}},{"type":"Feature","properties":{"nombre":"Avenida Copayapu","jerarquia":2},"geometry":{"type":"LineString","coordinates":[[-70.34057,-27.36578],[-70.34114,-27.36539],[-70.342,-27.36498]]}},{"type":"Feature","properties":{"nombre":"Avenida Copayapu","jerarquia":2},"geometry":{"type":"LineString","coordinates":[[-70.342,-27.36498],[-70.34302,-27.36454]]}},{"type":"Feature","properties":{"nombre":"Avenida Copayapu","jerarquia":2},"geometry":{"type":"LineString","coordinates":[[-70.34302,-27.36454],[-70.34326,-27.36443]]}},{"type":"Feature","properties":{"nombre":"Avenida Copayapu","jerarquia":2},"geometry":{"type":"LineString","coordinates":[[-70.34326,-27.36443],[-70.34337,-27.36438]]}},{"type":"Feature","properties":{"nombre":"Avenida Copayapu","jerarquia":2},"geometry":{"type":"LineString","coordinates":[[-70.34337,-27.36438],[-70.34866,-27.36112]]}},{"type":"Feature","properties":{"nombre":"Avenida Copayapu","jerarquia":2},"geometry":{"type":"LineString","coordinates":[[-70.34866,-27.36112],[-70.35041,-27.36],[-70.35117,-27.3593]]}},{"type":"Feature","properties":{"nombre":"Ramón Freire","jerarquia":5},"geometry":{"type":"LineString","coordinates":[[-70.35225,-27.3567],[-70.35194,-27.35793],[-70.3518,-27.3583],[-70.35149,-27.35877],[-70.35095,-27.35933]]}},{"type":"Feature","properties":{"nombre":"Ramón Freire","jerarquia":5},"geometry":{"type":"LineString","coordinates":[[-70.35095,-27.35933],[-70.35023,-27.35995]]}},{"type":"Feature","properties":{"nombre":"Ramón Freire","jerarquia":5},"geometry":{"type":"LineString","coordinates":[[-70.35023,-27.35995],[-70.34855,-27.36102]]}},{"type":"Feature","properties":{"nombre":"Ramón Freire","jerarquia":5},"geometry":{"type":"LineString","coordinates":[[-70.34855,-27.36102],[-70.34683,-27.3621]]}},{"type":"Feature","properties":{"nombre":"Ramón Freire","jerarquia":5},"geometry":{"type":"LineString","coordinates":[[-70.34683,-27.3621],[-70.34673,-27.36216]]}},{"type":"Feature","properties":{"nombre":"Ramón Freire","jerarquia":5},"geometry":{"type":"LineString","coordinates":[[-70.34673,-27.36216],[-70.34621,-27.36249]]}},{"type":"Feature","properties":{"nombre":"Ramón Freire","jerarquia":5},"geometry":{"type":"LineString","coordinates":[[-70.34621,-27.36249],[-70.34375,-27.36404],[-70.34328,-27.36428]]}},{"type":"Feature","properties":{"nombre":"Ramón Freire","jerarquia":5},"geometry":{"type":"LineString","coordinates":[[-70.34328,-27.36428],[-70.34319,-27.36432]]}},{"type":"Feature","properties":{"nombre":"Centenario","jerarquia":4},"geometry":{"type":"LineString","coordinates":[[-70.35225,-27.3567],[-70.35241,-27.35673]]}},{"type":"Feature","properties":{"nombre":"Avenida Copayapu","jerarquia":2},"geometry":{"type":"LineString","coordinates":[[-70.35277,-27.35488],[-70.35278,-27.35387]]}},{"type":"Feature","properties":{"nombre":"Colo-Colo","jerarquia":5},"geometry":{"type":"LineString","coordinates":[[-70.32056,-27.36769],[-70.32096,-27.3679]]}},{"type":"Feature","properties":{"nombre":"Avenida Circunvalación","jerarquia":3},"geometry":{"type":"LineString","coordinates":[[-70.32056,-27.36769],[-70.3198,-27.36862]]}},{"type":"Feature","properties":{"nombre":"Avenida Circunvalación","jerarquia":3},"geometry":{"type":"LineString","coordinates":[[-70.31396,-27.37342],[-70.31871,-27.36959]]}},{"type":"Feature","properties":{"nombre":"Eleuterio Ramírez","jerarquia":5},"geometry":{"type":"LineString","coordinates":[[-70.31082,-27.37105],[-70.31072,-27.371]]}},{"type":"Feature","properties":{"nombre":"Eleuterio Ramírez","jerarquia":5},"geometry":{"type":"LineString","coordinates":[[-70.31072,-27.371],[-70.31044,-27.37084]]}},{"type":"Feature","properties":{"nombre":"Eleuterio Ramírez","jerarquia":5},"geometry":{"type":"LineString","coordinates":[[-70.31044,-27.37084],[-70.31004,-27.37062]]}},{"type":"Feature","properties":{"nombre":"Eleuterio Ramírez","jerarquia":5},"geometry":{"type":"LineString","coordinates":[[-70.31004,-27.37062],[-70.30967,-27.37041]]}},{"type":"Feature","properties":{"nombre":"Eleuterio Ramírez","jerarquia":5},"geometry":{"type":"LineString","coordinates":[[-70.30967,-27.37041],[-70.30927,-27.37019]]}},{"type":"Feature","properties":{"nombre":"Eleuterio Ramírez","jerarquia":5},"geometry":{"type":"LineString","coordinates":[[-70.30927,-27.37019],[-70.30886,-27.36996]]}},{"type":"Feature","properties":{"nombre":"Carlos Van Buren","jerarquia":5},"geometry":{"type":"LineString","coordinates":[[-70.31072,-27.37599],[-70.31048,-27.37576]]}},{"type":"Feature","properties":{"nombre":"Luis Flores","jerarquia":4},"geometry":{"type":"LineString","coordinates":[[-70.32053,-27.38041],[-70.31998,-27.37974]]}},{"type":"Feature","properties":{"nombre":"Luis Flores","jerarquia":4},"geometry":{"type":"LineString","coordinates":[[-70.31998,-27.37974],[-70.31967,-27.37937]]}},{"type":"Feature","properties":{"nombre":"Luis Flores","jerarquia":4},"geometry":{"type":"LineString","coordinates":[[-70.31967,-27.37937],[-70.31939,-27.37906]]}},{"type":"Feature","properties":{"nombre":"Luis Flores","jerarquia":4},"geometry":{"type":"LineString","coordinates":[[-70.31939,-27.37906],[-70.3193,-27.37896]]}},{"type":"Feature","properties":{"nombre":"Los Aromos","jerarquia":5},"geometry":{"type":"LineString","coordinates":[[-70.32053,-27.38041],[-70.32019,-27.38079]]}},{"type":"Feature","properties":{"nombre":"Los Aromos","jerarquia":5},"geometry":{"type":"LineString","coordinates":[[-70.32019,-27.38079],[-70.32006,-27.38093]]}},{"type":"Feature","properties":{"nombre":"Los Aromos","jerarquia":5},"geometry":{"type":"LineString","coordinates":[[-70.32006,-27.38093],[-70.31981,-27.38121]]}},{"type":"Feature","properties":{"nombre":"Los Aromos","jerarquia":5},"geometry":{"type":"LineString","coordinates":[[-70.31981,-27.38121],[-70.31954,-27.3815]]}},{"type":"Feature","properties":{"nombre":"Los Aromos","jerarquia":5},"geometry":{"type":"LineString","coordinates":[[-70.31954,-27.3815],[-70.31927,-27.38182]]}},{"type":"Feature","properties":{"nombre":"Los Aromos","jerarquia":5},"geometry":{"type":"LineString","coordinates":[[-70.31927,-27.38182],[-70.319,-27.38211]]}},{"type":"Feature","properties":{"nombre":"Los Aromos","jerarquia":5},"geometry":{"type":"LineString","coordinates":[[-70.319,-27.38211],[-70.3189,-27.38222]]}},{"type":"Feature","properties":{"nombre":"Los Aromos","jerarquia":5},"geometry":{"type":"LineString","coordinates":[[-70.3189,-27.38222],[-70.31856,-27.38259]]}},{"type":"Feature","properties":{"nombre":"Maipú","jerarquia":4},"geometry":{"type":"LineString","coordinates":[[-70.33721,-27.36876],[-70.33731,-27.36885]]}},{"type":"Feature","properties":{"nombre":"","jerarquia":2},"geometry":{"type":"LineString","coordinates":[[-70.33464,-27.37058],[-70.33468,-27.37028]]}},{"type":"Feature","properties":{"nombre":"Luis Flores","jerarquia":4},"geometry":{"type":"LineString","coordinates":[[-70.31921,-27.37884],[-70.31902,-27.37868]]}},{"type":"Feature","properties":{"nombre":"Avenida Los Carrera","jerarquia":3},"geometry":{"type":"LineString","coordinates":[[-70.31144,-27.38064],[-70.31136,-27.3807]]}},{"type":"Feature","properties":{"nombre":"Avenida Los Carrera","jerarquia":3},"geometry":{"type":"LineString","coordinates":[[-70.31136,-27.3807],[-70.31039,-27.38141]]}},{"type":"Feature","properties":{"nombre":"Diego de Almagro","jerarquia":3},"geometry":{"type":"LineString","coordinates":[[-70.31294,-27.38657],[-70.31269,-27.3864]]}},{"type":"Feature","properties":{"nombre":"Diego de Almagro","jerarquia":3},"geometry":{"type":"LineString","coordinates":[[-70.31269,-27.3864],[-70.31187,-27.38583]]}},{"type":"Feature","properties":{"nombre":"Diego de Almagro","jerarquia":3},"geometry":{"type":"LineString","coordinates":[[-70.31187,-27.38583],[-70.3108,-27.38502]]}},{"type":"Feature","properties":{"nombre":"Diego de Almagro","jerarquia":3},"geometry":{"type":"LineString","coordinates":[[-70.3108,-27.38502],[-70.31032,-27.38466]]}},{"type":"Feature","properties":{"nombre":"Diego de Almagro","jerarquia":3},"geometry":{"type":"LineString","coordinates":[[-70.31032,-27.38466],[-70.30981,-27.38428]]}},{"type":"Feature","properties":{"nombre":"Diego de Almagro","jerarquia":3},"geometry":{"type":"LineString","coordinates":[[-70.30981,-27.38428],[-70.30864,-27.38337]]}},{"type":"Feature","properties":{"nombre":"Avenida Copayapu","jerarquia":2},"geometry":{"type":"LineString","coordinates":[[-70.31318,-27.38665],[-70.31322,-27.38638]]}},{"type":"Feature","properties":{"nombre":"Avenida Copayapu","jerarquia":2},"geometry":{"type":"LineString","coordinates":[[-70.31322,-27.38638],[-70.31331,-27.38572],[-70.31339,-27.38545],[-70.31357,-27.38514],[-70.31388,-27.38475]]}},{"type":"Feature","properties":{"nombre":"Avenida Copayapu","jerarquia":2},"geometry":{"type":"LineString","coordinates":[[-70.31388,-27.38475],[-70.31448,-27.38408]]}},{"type":"Feature","properties":{"nombre":"Avenida Copayapu","jerarquia":2},"geometry":{"type":"LineString","coordinates":[[-70.31232,-27.38966],[-70.31043,-27.39135]]}},{"type":"Feature","properties":{"nombre":"Avenida Copayapu","jerarquia":2},"geometry":{"type":"LineString","coordinates":[[-70.31043,-27.39135],[-70.30812,-27.39353]]}},{"type":"Feature","properties":{"nombre":"Avenida Copayapu","jerarquia":2},"geometry":{"type":"LineString","coordinates":[[-70.30812,-27.39353],[-70.30569,-27.39577]]}},{"type":"Feature","properties":{"nombre":"Avenida Copayapu","jerarquia":2},"geometry":{"type":"LineString","coordinates":[[-70.30569,-27.39577],[-70.30384,-27.39747]]}},{"type":"Feature","properties":{"nombre":"Avenida Copayapu","jerarquia":2},"geometry":{"type":"LineString","coordinates":[[-70.30384,-27.39747],[-70.30199,-27.39916]]}},{"type":"Feature","properties":{"nombre":"Avenida Copayapu","jerarquia":2},"geometry":{"type":"LineString","coordinates":[[-70.30199,-27.39916],[-70.30115,-27.39993]]}},{"type":"Feature","properties":{"nombre":"Avenida Copayapu","jerarquia":2},"geometry":{"type":"LineString","coordinates":[[-70.30115,-27.39993],[-70.29969,-27.40129]]}},{"type":"Feature","properties":{"nombre":"Avenida Copayapu","jerarquia":2},"geometry":{"type":"LineString","coordinates":[[-70.29969,-27.40129],[-70.29732,-27.40346]]}},{"type":"Feature","properties":{"nombre":"Avenida Copayapu","jerarquia":2},"geometry":{"type":"LineString","coordinates":[[-70.29732,-27.40346],[-70.29522,-27.4054]]}},{"type":"Feature","properties":{"nombre":"Avenida Copayapu","jerarquia":2},"geometry":{"type":"LineString","coordinates":[[-70.29522,-27.4054],[-70.29367,-27.40681]]}},{"type":"Feature","properties":{"nombre":"Avenida Copayapu","jerarquia":2},"geometry":{"type":"LineString","coordinates":[[-70.29367,-27.40681],[-70.2894,-27.4108],[-70.28894,-27.41111],[-70.28702,-27.4121]]}},{"type":"Feature","properties":{"nombre":"Avenida Copayapu","jerarquia":2},"geometry":{"type":"LineString","coordinates":[[-70.28702,-27.4121],[-70.28544,-27.41292],[-70.2849,-27.41314]]}},{"type":"Feature","properties":{"nombre":"Avenida Copayapu","jerarquia":2},"geometry":{"type":"LineString","coordinates":[[-70.2849,-27.41314],[-70.28287,-27.41363]]}},{"type":"Feature","properties":{"nombre":"Avenida Copayapu","jerarquia":2},"geometry":{"type":"LineString","coordinates":[[-70.28287,-27.41363],[-70.28139,-27.41403]]}},{"type":"Feature","properties":{"nombre":"Avenida Copayapu","jerarquia":2},"geometry":{"type":"LineString","coordinates":[[-70.28139,-27.41403],[-70.28111,-27.41412]]}},{"type":"Feature","properties":{"nombre":"Avenida Copayapu","jerarquia":2},"geometry":{"type":"LineString","coordinates":[[-70.28111,-27.41412],[-70.28091,-27.4142]]}},{"type":"Feature","properties":{"nombre":"Avenida Copayapu","jerarquia":2},"geometry":{"type":"LineString","coordinates":[[-70.28091,-27.4142],[-70.28038,-27.41448],[-70.27937,-27.41517]]}},{"type":"Feature","properties":{"nombre":"Conrado Araya","jerarquia":5},"geometry":{"type":"LineString","coordinates":[[-70.32196,-27.3769],[-70.32202,-27.37698]]}},{"type":"Feature","properties":{"nombre":"Avenida Copayapu","jerarquia":2},"geometry":{"type":"LineString","coordinates":[[-70.32202,-27.37698],[-70.323,-27.37633]]}},{"type":"Feature","properties":{"nombre":"Avenida Copayapu","jerarquia":2},"geometry":{"type":"LineString","coordinates":[[-70.323,-27.37633],[-70.32307,-27.3763]]}},{"type":"Feature","properties":{"nombre":"Avenida Copayapu","jerarquia":2},"geometry":{"type":"LineString","coordinates":[[-70.32307,-27.3763],[-70.3246,-27.37552]]}},{"type":"Feature","properties":{"nombre":"Avenida Copayapu","jerarquia":2},"geometry":{"type":"LineString","coordinates":[[-70.3246,-27.37552],[-70.32468,-27.37548]]}},{"type":"Feature","properties":{"nombre":"Estadio","jerarquia":5},"geometry":{"type":"LineString","coordinates":[[-70.3221,-27.37707],[-70.32202,-27.37698]]}},{"type":"Feature","properties":{"nombre":"Avenida Copayapu","jerarquia":2},"geometry":{"type":"LineString","coordinates":[[-70.3221,-27.37707],[-70.32172,-27.37733]]}},{"type":"Feature","properties":{"nombre":"Avenida Copayapu","jerarquia":2},"geometry":{"type":"LineString","coordinates":[[-70.32172,-27.37733],[-70.32099,-27.37783]]}},{"type":"Feature","properties":{"nombre":"Avenida Copayapu","jerarquia":2},"geometry":{"type":"LineString","coordinates":[[-70.32099,-27.37783],[-70.32057,-27.37811]]}},{"type":"Feature","properties":{"nombre":"Avenida Copayapu","jerarquia":2},"geometry":{"type":"LineString","coordinates":[[-70.32057,-27.37811],[-70.32012,-27.37842]]}},{"type":"Feature","properties":{"nombre":"Avenida Copayapu","jerarquia":2},"geometry":{"type":"LineString","coordinates":[[-70.32012,-27.37842],[-70.31944,-27.37887]]}},{"type":"Feature","properties":{"nombre":"Avenida Copayapu","jerarquia":2},"geometry":{"type":"LineString","coordinates":[[-70.31944,-27.37887],[-70.3193,-27.37896]]}},{"type":"Feature","properties":{"nombre":"Wheelwright","jerarquia":3},"geometry":{"type":"LineString","coordinates":[[-70.32561,-27.37076],[-70.32571,-27.37062]]}},{"type":"Feature","properties":{"nombre":"Camilo Henríquez","jerarquia":3},"geometry":{"type":"LineString","coordinates":[[-70.32561,-27.37076],[-70.32555,-27.37067]]}},{"type":"Feature","properties":{"nombre":"Avenida Circunvalación","jerarquia":3},"geometry":{"type":"LineString","coordinates":[[-70.33858,-27.3612],[-70.33715,-27.36129]]}},{"type":"Feature","properties":{"nombre":"Avenida Circunvalación","jerarquia":3},"geometry":{"type":"LineString","coordinates":[[-70.33715,-27.36129],[-70.33672,-27.36127]]}},{"type":"Feature","properties":{"nombre":"Avenida Circunvalación","jerarquia":3},"geometry":{"type":"LineString","coordinates":[[-70.33672,-27.36127],[-70.33586,-27.36113]]}},{"type":"Feature","properties":{"nombre":"Rancagua","jerarquia":3},"geometry":{"type":"LineString","coordinates":[[-70.33858,-27.3612],[-70.33858,-27.36108]]}},{"type":"Feature","properties":{"nombre":"Avenida Circunvalación","jerarquia":3},"geometry":{"type":"LineString","coordinates":[[-70.33586,-27.36113],[-70.33563,-27.36106]]}},{"type":"Feature","properties":{"nombre":"Avenida Circunvalación","jerarquia":3},"geometry":{"type":"LineString","coordinates":[[-70.33563,-27.36106],[-70.33486,-27.36085]]}},{"type":"Feature","properties":{"nombre":"Avenida Circunvalación","jerarquia":3},"geometry":{"type":"LineString","coordinates":[[-70.33486,-27.36085],[-70.333,-27.36027]]}},{"type":"Feature","properties":{"nombre":"Maipú","jerarquia":4},"geometry":{"type":"LineString","coordinates":[[-70.32893,-27.35994],[-70.32898,-27.36002]]}},{"type":"Feature","properties":{"nombre":"Avenida Circunvalación","jerarquia":3},"geometry":{"type":"LineString","coordinates":[[-70.32893,-27.35994],[-70.32974,-27.35967],[-70.33052,-27.35957]]}},{"type":"Feature","properties":{"nombre":"Avenida Circunvalación","jerarquia":3},"geometry":{"type":"LineString","coordinates":[[-70.33052,-27.35957],[-70.33103,-27.35958],[-70.33154,-27.35966],[-70.33295,-27.36014]]}},{"type":"Feature","properties":{"nombre":"Avenida Circunvalación","jerarquia":3},"geometry":{"type":"LineString","coordinates":[[-70.33295,-27.36014],[-70.33477,-27.36074]]}},{"type":"Feature","properties":{"nombre":"Avenida Circunvalación","jerarquia":3},"geometry":{"type":"LineString","coordinates":[[-70.33477,-27.36074],[-70.33589,-27.36107]]}},{"type":"Feature","properties":{"nombre":"Avenida Circunvalación","jerarquia":3},"geometry":{"type":"LineString","coordinates":[[-70.33589,-27.36107],[-70.33613,-27.36112]]}},{"type":"Feature","properties":{"nombre":"Avenida Circunvalación","jerarquia":3},"geometry":{"type":"LineString","coordinates":[[-70.33613,-27.36112],[-70.33702,-27.36122]]}},{"type":"Feature","properties":{"nombre":"Avenida Circunvalación","jerarquia":3},"geometry":{"type":"LineString","coordinates":[[-70.33702,-27.36122],[-70.3376,-27.36121],[-70.33831,-27.36113]]}},{"type":"Feature","properties":{"nombre":"Avenida Circunvalación","jerarquia":3},"geometry":{"type":"LineString","coordinates":[[-70.33831,-27.36113],[-70.33858,-27.36108]]}},{"type":"Feature","properties":{"nombre":"Avenida Circunvalación","jerarquia":3},"geometry":{"type":"LineString","coordinates":[[-70.33858,-27.36108],[-70.33986,-27.36087]]}},{"type":"Feature","properties":{"nombre":"Avenida Circunvalación","jerarquia":3},"geometry":{"type":"LineString","coordinates":[[-70.30698,-27.38195],[-70.30704,-27.38144]]}},{"type":"Feature","properties":{"nombre":"Avenida Circunvalación","jerarquia":3},"geometry":{"type":"LineString","coordinates":[[-70.30704,-27.38144],[-70.30705,-27.38135]]}},{"type":"Feature","properties":{"nombre":"Avenida Circunvalación","jerarquia":3},"geometry":{"type":"LineString","coordinates":[[-70.30705,-27.38135],[-70.30716,-27.38061]]}},{"type":"Feature","properties":{"nombre":"Avenida Circunvalación","jerarquia":3},"geometry":{"type":"LineString","coordinates":[[-70.30716,-27.38061],[-70.30736,-27.37933],[-70.30761,-27.37871]]}},{"type":"Feature","properties":{"nombre":"Avenida Circunvalación","jerarquia":3},"geometry":{"type":"LineString","coordinates":[[-70.30761,-27.37871],[-70.30793,-27.37828],[-70.30833,-27.3779]]}},{"type":"Feature","properties":{"nombre":"Avenida Circunvalación","jerarquia":3},"geometry":{"type":"LineString","coordinates":[[-70.30833,-27.3779],[-70.31072,-27.37599]]}},{"type":"Feature","properties":{"nombre":"Avenida Circunvalación","jerarquia":3},"geometry":{"type":"LineString","coordinates":[[-70.32367,-27.36409],[-70.32253,-27.3654]]}},{"type":"Feature","properties":{"nombre":"Avenida Circunvalación","jerarquia":3},"geometry":{"type":"LineString","coordinates":[[-70.32253,-27.3654],[-70.32202,-27.36601]]}},{"type":"Feature","properties":{"nombre":"Avenida Circunvalación","jerarquia":3},"geometry":{"type":"LineString","coordinates":[[-70.32202,-27.36601],[-70.32056,-27.36769]]}},{"type":"Feature","properties":{"nombre":"Costanera Sur","jerarquia":5},"geometry":{"type":"LineString","coordinates":[[-70.33788,-27.36917],[-70.33769,-27.36957],[-70.33764,-27.37013],[-70.33754,-27.37032],[-70.33735,-27.37055],[-70.33734,-27.37062]]}},{"type":"Feature","properties":{"nombre":"Avenida Los Carrera","jerarquia":3},"geometry":{"type":"LineString","coordinates":[[-70.30279,-27.3896],[-70.3042,-27.38807]]}},{"type":"Feature","properties":{"nombre":"Avenida Los Carrera","jerarquia":3},"geometry":{"type":"LineString","coordinates":[[-70.3042,-27.38807],[-70.30468,-27.38773],[-70.30496,-27.38743]]}},{"type":"Feature","properties":{"nombre":"Avenida Los Carrera","jerarquia":3},"geometry":{"type":"LineString","coordinates":[[-70.30496,-27.38743],[-70.30502,-27.38737]]}},{"type":"Feature","properties":{"nombre":"Costanera Sur","jerarquia":5},"geometry":{"type":"LineString","coordinates":[[-70.33724,-27.37052],[-70.33749,-27.37023],[-70.33755,-27.36965],[-70.33763,-27.36941],[-70.33773,-27.36927],[-70.33788,-27.36917]]}},{"type":"Feature","properties":{"nombre":"La Paz","jerarquia":2},"geometry":{"type":"LineString","coordinates":[[-70.33801,-27.37148],[-70.33689,-27.3724]]}},{"type":"Feature","properties":{"nombre":"La Paz","jerarquia":2},"geometry":{"type":"LineString","coordinates":[[-70.33689,-27.3724],[-70.33666,-27.3726]]}},{"type":"Feature","properties":{"nombre":"La Paz","jerarquia":2},"geometry":{"type":"LineString","coordinates":[[-70.33666,-27.3726],[-70.3365,-27.37285]]}},{"type":"Feature","properties":{"nombre":"Ruta C-391","jerarquia":3},"geometry":{"type":"LineString","coordinates":[[-70.30394,-27.40877],[-70.30344,-27.40836]]}},{"type":"Feature","properties":{"nombre":"Ruta C-391","jerarquia":3},"geometry":{"type":"LineString","coordinates":[[-70.30344,-27.40836],[-70.30334,-27.40828]]}},{"type":"Feature","properties":{"nombre":"Ruta C-391","jerarquia":3},"geometry":{"type":"LineString","coordinates":[[-70.30334,-27.40828],[-70.30211,-27.40729]]}},{"type":"Feature","properties":{"nombre":"Ruta C-391","jerarquia":3},"geometry":{"type":"LineString","coordinates":[[-70.30211,-27.40729],[-70.29732,-27.40346]]}},{"type":"Feature","properties":{"nombre":"Ruta C-391","jerarquia":3},"geometry":{"type":"LineString","coordinates":[[-70.29732,-27.40346],[-70.29721,-27.40338]]}},{"type":"Feature","properties":{"nombre":"Rancagua","jerarquia":3},"geometry":{"type":"LineString","coordinates":[[-70.3386,-27.36149],[-70.33858,-27.3612]]}},{"type":"Feature","properties":{"nombre":"Panamericana Norte","jerarquia":2},"geometry":{"type":"LineString","coordinates":[[-70.3365,-27.37285],[-70.33635,-27.37335],[-70.33637,-27.3741]]}},{"type":"Feature","properties":{"nombre":"Panamericana Norte","jerarquia":2},"geometry":{"type":"LineString","coordinates":[[-70.33637,-27.3741],[-70.3366,-27.37621],[-70.33657,-27.37629]]}},{"type":"Feature","properties":{"nombre":"Avenida Copayapu","jerarquia":2},"geometry":{"type":"LineString","coordinates":[[-70.27575,-27.41787],[-70.27697,-27.41689]]}},{"type":"Feature","properties":{"nombre":"Avenida Copayapu","jerarquia":2},"geometry":{"type":"LineString","coordinates":[[-70.27697,-27.41689],[-70.27743,-27.41653]]}},{"type":"Feature","properties":{"nombre":"Avenida Copayapu","jerarquia":2},"geometry":{"type":"LineString","coordinates":[[-70.27743,-27.41653],[-70.27906,-27.41525]]}},{"type":"Feature","properties":{"nombre":"Panamericana Norte","jerarquia":2},"geometry":{"type":"LineString","coordinates":[[-70.35419,-27.3499],[-70.35351,-27.35026],[-70.35326,-27.35049],[-70.35304,-27.35079]]}},{"type":"Feature","properties":{"nombre":"Cancha Rayada","jerarquia":5},"geometry":{"type":"LineString","coordinates":[[-70.35234,-27.35233],[-70.35248,-27.35262]]}},{"type":"Feature","properties":{"nombre":"Cancha Rayada","jerarquia":5},"geometry":{"type":"LineString","coordinates":[[-70.35248,-27.35262],[-70.3525,-27.35274]]}},{"type":"Feature","properties":{"nombre":"Ruta C-327","jerarquia":5},"geometry":{"type":"LineString","coordinates":[[-70.40411,-27.31592],[-70.40404,-27.31584]]}},{"type":"Feature","properties":{"nombre":"Ruta C-327","jerarquia":5},"geometry":{"type":"LineString","coordinates":[[-70.40404,-27.31584],[-70.40394,-27.31575]]}},{"type":"Feature","properties":{"nombre":"Ruta C-327","jerarquia":5},"geometry":{"type":"LineString","coordinates":[[-70.40394,-27.31575],[-70.40385,-27.31566]]}},{"type":"Feature","properties":{"nombre":"Chacabuco","jerarquia":2},"geometry":{"type":"LineString","coordinates":[[-70.33636,-27.36965],[-70.33647,-27.36976]]}},{"type":"Feature","properties":{"nombre":"","jerarquia":2},"geometry":{"type":"LineString","coordinates":[[-70.27389,-27.41932],[-70.27399,-27.41907],[-70.27394,-27.41883]]}},{"type":"Feature","properties":{"nombre":"","jerarquia":2},"geometry":{"type":"LineString","coordinates":[[-70.27394,-27.41883],[-70.27424,-27.41888],[-70.27454,-27.41882]]}},{"type":"Feature","properties":{"nombre":"","jerarquia":3},"geometry":{"type":"LineString","coordinates":[[-70.26137,-27.39852],[-70.26079,-27.39796],[-70.26074,-27.39788],[-70.26076,-27.39775]]}},{"type":"Feature","properties":{"nombre":"","jerarquia":3},"geometry":{"type":"LineString","coordinates":[[-70.26076,-27.39775],[-70.26079,-27.39772]]}},{"type":"Feature","properties":{"nombre":"Diego de Almagro","jerarquia":4},"geometry":{"type":"LineString","coordinates":[[-70.30676,-27.38202],[-70.30692,-27.38209]]}},{"type":"Feature","properties":{"nombre":"Cardenal Samoré","jerarquia":5},"geometry":{"type":"LineString","coordinates":[[-70.31496,-27.35504],[-70.31584,-27.35519]]}},{"type":"Feature","properties":{"nombre":"Cardenal Samoré","jerarquia":5},"geometry":{"type":"LineString","coordinates":[[-70.31584,-27.35519],[-70.31628,-27.35525]]}},{"type":"Feature","properties":{"nombre":"Cardenal Samoré","jerarquia":5},"geometry":{"type":"LineString","coordinates":[[-70.31628,-27.35525],[-70.31673,-27.3553]]}},{"type":"Feature","properties":{"nombre":"Cardenal Samoré","jerarquia":5},"geometry":{"type":"LineString","coordinates":[[-70.31673,-27.3553],[-70.31718,-27.35532]]}},{"type":"Feature","properties":{"nombre":"Cardenal Samoré","jerarquia":5},"geometry":{"type":"LineString","coordinates":[[-70.31718,-27.35532],[-70.31822,-27.35517]]}},{"type":"Feature","properties":{"nombre":"Cardenal Samoré","jerarquia":5},"geometry":{"type":"LineString","coordinates":[[-70.31822,-27.35517],[-70.31874,-27.35508]]}},{"type":"Feature","properties":{"nombre":"Cardenal Samoré","jerarquia":5},"geometry":{"type":"LineString","coordinates":[[-70.31874,-27.35508],[-70.31962,-27.35496]]}},{"type":"Feature","properties":{"nombre":"Andacollo","jerarquia":5},"geometry":{"type":"LineString","coordinates":[[-70.3127,-27.35688],[-70.31298,-27.35725]]}},{"type":"Feature","properties":{"nombre":"Andacollo","jerarquia":5},"geometry":{"type":"LineString","coordinates":[[-70.31298,-27.35725],[-70.31322,-27.35757]]}},{"type":"Feature","properties":{"nombre":"Andacollo","jerarquia":5},"geometry":{"type":"LineString","coordinates":[[-70.31322,-27.35757],[-70.31348,-27.35791]]}},{"type":"Feature","properties":{"nombre":"Andacollo","jerarquia":5},"geometry":{"type":"LineString","coordinates":[[-70.31348,-27.35791],[-70.3137,-27.3582]]}},{"type":"Feature","properties":{"nombre":"Andacollo","jerarquia":5},"geometry":{"type":"LineString","coordinates":[[-70.3137,-27.3582],[-70.31394,-27.35851]]}},{"type":"Feature","properties":{"nombre":"Andacollo","jerarquia":5},"geometry":{"type":"LineString","coordinates":[[-70.31394,-27.35851],[-70.31417,-27.35882]]}},{"type":"Feature","properties":{"nombre":"Avenida El Chañar","jerarquia":5},"geometry":{"type":"LineString","coordinates":[[-70.3127,-27.35688],[-70.31342,-27.35645]]}},{"type":"Feature","properties":{"nombre":"Avenida El Chañar","jerarquia":5},"geometry":{"type":"LineString","coordinates":[[-70.31342,-27.35645],[-70.31391,-27.35616]]}},{"type":"Feature","properties":{"nombre":"Avenida El Chañar","jerarquia":5},"geometry":{"type":"LineString","coordinates":[[-70.31391,-27.35616],[-70.31438,-27.35588]]}},{"type":"Feature","properties":{"nombre":"Avenida El Chañar","jerarquia":5},"geometry":{"type":"LineString","coordinates":[[-70.31438,-27.35588],[-70.31496,-27.35554]]}},{"type":"Feature","properties":{"nombre":"Avenida El Chañar","jerarquia":5},"geometry":{"type":"LineString","coordinates":[[-70.31496,-27.35554],[-70.31526,-27.35536]]}},{"type":"Feature","properties":{"nombre":"Avenida El Chañar","jerarquia":5},"geometry":{"type":"LineString","coordinates":[[-70.31264,-27.35692],[-70.3127,-27.35688]]}},{"type":"Feature","properties":{"nombre":"Circunvalación Norte","jerarquia":5},"geometry":{"type":"LineString","coordinates":[[-70.3137,-27.37327],[-70.31453,-27.3726]]}},{"type":"Feature","properties":{"nombre":"Circunvalación Norte","jerarquia":5},"geometry":{"type":"LineString","coordinates":[[-70.31453,-27.3726],[-70.31489,-27.37231]]}},{"type":"Feature","properties":{"nombre":"Circunvalación Norte","jerarquia":5},"geometry":{"type":"LineString","coordinates":[[-70.31489,-27.37231],[-70.31528,-27.372]]}},{"type":"Feature","properties":{"nombre":"Circunvalación Norte","jerarquia":5},"geometry":{"type":"LineString","coordinates":[[-70.31528,-27.372],[-70.31564,-27.37171]]}},{"type":"Feature","properties":{"nombre":"Circunvalación Norte","jerarquia":5},"geometry":{"type":"LineString","coordinates":[[-70.31564,-27.37171],[-70.31602,-27.37141]]}},{"type":"Feature","properties":{"nombre":"Circunvalación Norte","jerarquia":5},"geometry":{"type":"LineString","coordinates":[[-70.31602,-27.37141],[-70.31668,-27.37088]]}},{"type":"Feature","properties":{"nombre":"Circunvalación Norte","jerarquia":5},"geometry":{"type":"LineString","coordinates":[[-70.31668,-27.37088],[-70.31731,-27.37037]]}},{"type":"Feature","properties":{"nombre":"Circunvalación Norte","jerarquia":5},"geometry":{"type":"LineString","coordinates":[[-70.31731,-27.37037],[-70.31742,-27.37028]]}},{"type":"Feature","properties":{"nombre":"Circunvalación Norte","jerarquia":5},"geometry":{"type":"LineString","coordinates":[[-70.31742,-27.37028],[-70.31839,-27.36951]]}},{"type":"Feature","properties":{"nombre":"Avenida Circunvalación","jerarquia":3},"geometry":{"type":"LineString","coordinates":[[-70.30678,-27.38536],[-70.30668,-27.3847],[-70.30692,-27.38233]]}},{"type":"Feature","properties":{"nombre":"Diego de Almagro","jerarquia":3},"geometry":{"type":"LineString","coordinates":[[-70.3074,-27.3825],[-70.30716,-27.38233]]}},{"type":"Feature","properties":{"nombre":"Estadio","jerarquia":5},"geometry":{"type":"LineString","coordinates":[[-70.32648,-27.38063],[-70.32612,-27.38043]]}},{"type":"Feature","properties":{"nombre":"Estadio","jerarquia":5},"geometry":{"type":"LineString","coordinates":[[-70.32399,-27.37931],[-70.32377,-27.37905]]}},{"type":"Feature","properties":{"nombre":"Estadio","jerarquia":5},"geometry":{"type":"LineString","coordinates":[[-70.32377,-27.37905],[-70.32345,-27.37868]]}},{"type":"Feature","properties":{"nombre":"Estadio","jerarquia":5},"geometry":{"type":"LineString","coordinates":[[-70.32345,-27.37868],[-70.32331,-27.37851]]}},{"type":"Feature","properties":{"nombre":"Estadio","jerarquia":5},"geometry":{"type":"LineString","coordinates":[[-70.32331,-27.37851],[-70.32314,-27.3783]]}},{"type":"Feature","properties":{"nombre":"Estadio","jerarquia":5},"geometry":{"type":"LineString","coordinates":[[-70.32314,-27.3783],[-70.32279,-27.37788]]}},{"type":"Feature","properties":{"nombre":"Estadio","jerarquia":5},"geometry":{"type":"LineString","coordinates":[[-70.32279,-27.37788],[-70.32217,-27.37715]]}},{"type":"Feature","properties":{"nombre":"Estadio","jerarquia":5},"geometry":{"type":"LineString","coordinates":[[-70.32217,-27.37715],[-70.3221,-27.37707]]}},{"type":"Feature","properties":{"nombre":"Costanera Sur","jerarquia":5},"geometry":{"type":"LineString","coordinates":[[-70.32875,-27.37936],[-70.32965,-27.37839],[-70.33019,-27.37739],[-70.33056,-27.37685]]}},{"type":"Feature","properties":{"nombre":"Costanera Norte","jerarquia":5},"geometry":{"type":"LineString","coordinates":[[-70.3257,-27.3802],[-70.32685,-27.3783],[-70.32742,-27.37752],[-70.32952,-27.37584]]}},{"type":"Feature","properties":{"nombre":"Los Aromos","jerarquia":5},"geometry":{"type":"LineString","coordinates":[[-70.31856,-27.38259],[-70.31831,-27.38286]]}},{"type":"Feature","properties":{"nombre":"Los Aromos","jerarquia":5},"geometry":{"type":"LineString","coordinates":[[-70.31831,-27.38286],[-70.31812,-27.38309]]}},{"type":"Feature","properties":{"nombre":"Los Aromos","jerarquia":5},"geometry":{"type":"LineString","coordinates":[[-70.31812,-27.38309],[-70.31794,-27.38331]]}},{"type":"Feature","properties":{"nombre":"Los Aromos","jerarquia":5},"geometry":{"type":"LineString","coordinates":[[-70.31794,-27.38331],[-70.31774,-27.38353]]}},{"type":"Feature","properties":{"nombre":"Los Aromos","jerarquia":5},"geometry":{"type":"LineString","coordinates":[[-70.31774,-27.38353],[-70.31756,-27.38374]]}},{"type":"Feature","properties":{"nombre":"Los Aromos","jerarquia":5},"geometry":{"type":"LineString","coordinates":[[-70.31756,-27.38374],[-70.31738,-27.38396]]}},{"type":"Feature","properties":{"nombre":"Los Aromos","jerarquia":5},"geometry":{"type":"LineString","coordinates":[[-70.31738,-27.38396],[-70.31718,-27.38418]]}},{"type":"Feature","properties":{"nombre":"Los Aromos","jerarquia":5},"geometry":{"type":"LineString","coordinates":[[-70.31718,-27.38418],[-70.317,-27.3844]]}},{"type":"Feature","properties":{"nombre":"Los Aromos","jerarquia":5},"geometry":{"type":"LineString","coordinates":[[-70.317,-27.3844],[-70.31678,-27.38463]]}},{"type":"Feature","properties":{"nombre":"Vergara","jerarquia":5},"geometry":{"type":"LineString","coordinates":[[-70.27504,-27.41104],[-70.27533,-27.41093]]}},{"type":"Feature","properties":{"nombre":"","jerarquia":2},"geometry":{"type":"LineString","coordinates":[[-70.28142,-27.41354],[-70.28137,-27.41371],[-70.28147,-27.41386]]}},{"type":"Feature","properties":{"nombre":"Teniente Roberto Roach","jerarquia":5},"geometry":{"type":"LineString","coordinates":[[-70.26971,-27.41248],[-70.26923,-27.4125]]}},{"type":"Feature","properties":{"nombre":"Teniente Roberto Roach","jerarquia":5},"geometry":{"type":"LineString","coordinates":[[-70.26923,-27.4125],[-70.26895,-27.41251],[-70.26876,-27.41243]]}},{"type":"Feature","properties":{"nombre":"Teniente Roberto Roach","jerarquia":5},"geometry":{"type":"LineString","coordinates":[[-70.26876,-27.41243],[-70.26856,-27.4123]]}},{"type":"Feature","properties":{"nombre":"Teniente Roberto Roach","jerarquia":5},"geometry":{"type":"LineString","coordinates":[[-70.26856,-27.4123],[-70.26844,-27.4123]]}},{"type":"Feature","properties":{"nombre":"Teniente Roberto Roach","jerarquia":5},"geometry":{"type":"LineString","coordinates":[[-70.26844,-27.4123],[-70.26818,-27.41233]]}},{"type":"Feature","properties":{"nombre":"Maipú","jerarquia":5},"geometry":{"type":"LineString","coordinates":[[-70.33778,-27.36911],[-70.33749,-27.36895]]}},{"type":"Feature","properties":{"nombre":"Maipú","jerarquia":5},"geometry":{"type":"LineString","coordinates":[[-70.33749,-27.36895],[-70.33744,-27.36892]]}},{"type":"Feature","properties":{"nombre":"Maipú","jerarquia":5},"geometry":{"type":"LineString","coordinates":[[-70.33744,-27.36892],[-70.33731,-27.36885]]}},{"type":"Feature","properties":{"nombre":"Juan Martínez","jerarquia":4},"geometry":{"type":"LineString","coordinates":[[-70.3522,-27.35297],[-70.35227,-27.35284]]}},{"type":"Feature","properties":{"nombre":"Juan Martínez","jerarquia":4},"geometry":{"type":"LineString","coordinates":[[-70.35227,-27.35284],[-70.35228,-27.35278]]}},{"type":"Feature","properties":{"nombre":"Costanera Sur","jerarquia":5},"geometry":{"type":"LineString","coordinates":[[-70.33056,-27.37685],[-70.3312,-27.37609],[-70.33165,-27.37565],[-70.33307,-27.37449],[-70.33332,-27.37426],[-70.33364,-27.37387]]}},{"type":"Feature","properties":{"nombre":"Costanera Sur","jerarquia":5},"geometry":{"type":"LineString","coordinates":[[-70.33364,-27.37387],[-70.33448,-27.37264],[-70.3354,-27.37193]]}},{"type":"Feature","properties":{"nombre":"Costanera Sur","jerarquia":5},"geometry":{"type":"LineString","coordinates":[[-70.3354,-27.37193],[-70.33561,-27.37175]]}},{"type":"Feature","properties":{"nombre":"Camilo Henríquez","jerarquia":3},"geometry":{"type":"LineString","coordinates":[[-70.32952,-27.37584],[-70.32919,-27.37553]]}},{"type":"Feature","properties":{"nombre":"Avenida Copayapu","jerarquia":2},"geometry":{"type":"LineString","coordinates":[[-70.33071,-27.37241],[-70.3292,-27.37317]]}},{"type":"Feature","properties":{"nombre":"Avenida Copayapu","jerarquia":2},"geometry":{"type":"LineString","coordinates":[[-70.3292,-27.37317],[-70.32849,-27.37357]]}},{"type":"Feature","properties":{"nombre":"Avenida Copayapu","jerarquia":2},"geometry":{"type":"LineString","coordinates":[[-70.32849,-27.37357],[-70.32788,-27.37391]]}},{"type":"Feature","properties":{"nombre":"Avenida Copayapu","jerarquia":2},"geometry":{"type":"LineString","coordinates":[[-70.32788,-27.37391],[-70.32778,-27.37397]]}},{"type":"Feature","properties":{"nombre":"Avenida Diego de Almagro","jerarquia":5},"geometry":{"type":"LineString","coordinates":[[-70.31765,-27.38997],[-70.31845,-27.39059],[-70.31924,-27.39126]]}},{"type":"Feature","properties":{"nombre":"Avenida Diego de Almagro","jerarquia":5},"geometry":{"type":"LineString","coordinates":[[-70.31924,-27.39126],[-70.32,-27.39179]]}},{"type":"Feature","properties":{"nombre":"Avenida Diego de Almagro","jerarquia":5},"geometry":{"type":"LineString","coordinates":[[-70.32,-27.39179],[-70.32069,-27.39227]]}},{"type":"Feature","properties":{"nombre":"Avenida Diego de Almagro","jerarquia":5},"geometry":{"type":"LineString","coordinates":[[-70.32069,-27.39227],[-70.32136,-27.39273]]}},{"type":"Feature","properties":{"nombre":"Avenida Diego de Almagro","jerarquia":5},"geometry":{"type":"LineString","coordinates":[[-70.32136,-27.39273],[-70.32273,-27.39367]]}},{"type":"Feature","properties":{"nombre":"Avenida Diego de Almagro","jerarquia":5},"geometry":{"type":"LineString","coordinates":[[-70.32273,-27.39367],[-70.32281,-27.39373]]}},{"type":"Feature","properties":{"nombre":"Maipú","jerarquia":5},"geometry":{"type":"LineString","coordinates":[[-70.33793,-27.3692],[-70.3383,-27.36948],[-70.33855,-27.36978],[-70.33927,-27.37042]]}},{"type":"Feature","properties":{"nombre":"","jerarquia":2},"geometry":{"type":"LineString","coordinates":[[-70.36302,-27.3437],[-70.36318,-27.34367]]}},{"type":"Feature","properties":{"nombre":"","jerarquia":2},"geometry":{"type":"LineString","coordinates":[[-70.36318,-27.34367],[-70.36329,-27.34369]]}},{"type":"Feature","properties":{"nombre":"","jerarquia":2},"geometry":{"type":"LineString","coordinates":[[-70.36348,-27.34357],[-70.36344,-27.34373],[-70.3635,-27.34389]]}},{"type":"Feature","properties":{"nombre":"","jerarquia":2},"geometry":{"type":"LineString","coordinates":[[-70.36043,-27.34616],[-70.36029,-27.34608],[-70.36015,-27.34607]]}},{"type":"Feature","properties":{"nombre":"","jerarquia":2},"geometry":{"type":"LineString","coordinates":[[-70.36015,-27.34607],[-70.36009,-27.34607]]}},{"type":"Feature","properties":{"nombre":"","jerarquia":2},"geometry":{"type":"LineString","coordinates":[[-70.3633,-27.34402],[-70.36301,-27.34387]]}},{"type":"Feature","properties":{"nombre":"","jerarquia":2},"geometry":{"type":"LineString","coordinates":[[-70.36001,-27.34596],[-70.3602,-27.3459]]}},{"type":"Feature","properties":{"nombre":"","jerarquia":2},"geometry":{"type":"LineString","coordinates":[[-70.3602,-27.3459],[-70.36029,-27.34591]]}},{"type":"Feature","properties":{"nombre":"","jerarquia":2},"geometry":{"type":"LineString","coordinates":[[-70.36043,-27.3458],[-70.36053,-27.34608]]}},{"type":"Feature","properties":{"nombre":"Bernardo O'Higgins","jerarquia":5},"geometry":{"type":"LineString","coordinates":[[-70.32629,-27.3719],[-70.32591,-27.3722]]}},{"type":"Feature","properties":{"nombre":"Bernardo O'Higgins","jerarquia":5},"geometry":{"type":"LineString","coordinates":[[-70.32591,-27.3722],[-70.32567,-27.37238]]}},{"type":"Feature","properties":{"nombre":"Bernardo O'Higgins","jerarquia":5},"geometry":{"type":"LineString","coordinates":[[-70.32567,-27.37238],[-70.32558,-27.37245]]}},{"type":"Feature","properties":{"nombre":"Bernardo O'Higgins","jerarquia":5},"geometry":{"type":"LineString","coordinates":[[-70.32558,-27.37245],[-70.32544,-27.37256]]}},{"type":"Feature","properties":{"nombre":"Bernardo O'Higgins","jerarquia":5},"geometry":{"type":"LineString","coordinates":[[-70.32544,-27.37256],[-70.32523,-27.37271]]}},{"type":"Feature","properties":{"nombre":"Bernardo O'Higgins","jerarquia":5},"geometry":{"type":"LineString","coordinates":[[-70.32523,-27.37271],[-70.32513,-27.37279]]}},{"type":"Feature","properties":{"nombre":"Bernardo O'Higgins","jerarquia":5},"geometry":{"type":"LineString","coordinates":[[-70.32513,-27.37279],[-70.32494,-27.37294]]}},{"type":"Feature","properties":{"nombre":"Bernardo O'Higgins","jerarquia":5},"geometry":{"type":"LineString","coordinates":[[-70.32494,-27.37294],[-70.32456,-27.37322]]}},{"type":"Feature","properties":{"nombre":"Bernardo O'Higgins","jerarquia":5},"geometry":{"type":"LineString","coordinates":[[-70.32456,-27.37322],[-70.32442,-27.37334]]}},{"type":"Feature","properties":{"nombre":"Bernardo O'Higgins","jerarquia":5},"geometry":{"type":"LineString","coordinates":[[-70.32442,-27.37334],[-70.32398,-27.37367]]}},{"type":"Feature","properties":{"nombre":"Bernardo O'Higgins","jerarquia":5},"geometry":{"type":"LineString","coordinates":[[-70.32398,-27.37367],[-70.32357,-27.37398]]}},{"type":"Feature","properties":{"nombre":"Bernardo O'Higgins","jerarquia":5},"geometry":{"type":"LineString","coordinates":[[-70.32357,-27.37398],[-70.322,-27.37517]]}},{"type":"Feature","properties":{"nombre":"Avenida Copayapu","jerarquia":2},"geometry":{"type":"LineString","coordinates":[[-70.27937,-27.41517],[-70.27912,-27.41534]]}},{"type":"Feature","properties":{"nombre":"Avenida Copayapu","jerarquia":2},"geometry":{"type":"LineString","coordinates":[[-70.27906,-27.41525],[-70.27931,-27.41507]]}},{"type":"Feature","properties":{"nombre":"Avenida Copayapu","jerarquia":2},"geometry":{"type":"LineString","coordinates":[[-70.28103,-27.414],[-70.28135,-27.41389]]}},{"type":"Feature","properties":{"nombre":"Avenida Copayapu","jerarquia":2},"geometry":{"type":"LineString","coordinates":[[-70.28135,-27.41389],[-70.28147,-27.41386]]}},{"type":"Feature","properties":{"nombre":"Avenida Copayapu","jerarquia":2},"geometry":{"type":"LineString","coordinates":[[-70.28147,-27.41386],[-70.28467,-27.41307]]}},{"type":"Feature","properties":{"nombre":"Avenida Copayapu","jerarquia":2},"geometry":{"type":"LineString","coordinates":[[-70.28467,-27.41307],[-70.28547,-27.41277],[-70.28808,-27.41141]]}},{"type":"Feature","properties":{"nombre":"Avenida Copayapu","jerarquia":2},"geometry":{"type":"LineString","coordinates":[[-70.28808,-27.41141],[-70.28894,-27.41094],[-70.28952,-27.41051],[-70.29318,-27.40711]]}},{"type":"Feature","properties":{"nombre":"Avenida Copayapu","jerarquia":2},"geometry":{"type":"LineString","coordinates":[[-70.29318,-27.40711],[-70.29356,-27.40674]]}},{"type":"Feature","properties":{"nombre":"Avenida Copayapu","jerarquia":2},"geometry":{"type":"LineString","coordinates":[[-70.29356,-27.40674],[-70.2951,-27.40532]]}},{"type":"Feature","properties":{"nombre":"Avenida Copayapu","jerarquia":2},"geometry":{"type":"LineString","coordinates":[[-70.2951,-27.40532],[-70.29721,-27.40338]]}},{"type":"Feature","properties":{"nombre":"Avenida Copayapu","jerarquia":2},"geometry":{"type":"LineString","coordinates":[[-70.29721,-27.40338],[-70.29959,-27.4012]]}},{"type":"Feature","properties":{"nombre":"Avenida Copayapu","jerarquia":2},"geometry":{"type":"LineString","coordinates":[[-70.29959,-27.4012],[-70.30189,-27.39907]]}},{"type":"Feature","properties":{"nombre":"Avenida Copayapu","jerarquia":2},"geometry":{"type":"LineString","coordinates":[[-70.30189,-27.39907],[-70.30374,-27.3974]]}},{"type":"Feature","properties":{"nombre":"Avenida Copayapu","jerarquia":2},"geometry":{"type":"LineString","coordinates":[[-70.30374,-27.3974],[-70.30559,-27.39569]]}},{"type":"Feature","properties":{"nombre":"Avenida Copayapu","jerarquia":2},"geometry":{"type":"LineString","coordinates":[[-70.30559,-27.39569],[-70.30802,-27.39346]]}},{"type":"Feature","properties":{"nombre":"Avenida Copayapu","jerarquia":2},"geometry":{"type":"LineString","coordinates":[[-70.30802,-27.39346],[-70.31033,-27.39129]]}},{"type":"Feature","properties":{"nombre":"Avenida Copayapu","jerarquia":2},"geometry":{"type":"LineString","coordinates":[[-70.27912,-27.41534],[-70.27709,-27.4169]]}},{"type":"Feature","properties":{"nombre":"Avenida Copayapu","jerarquia":2},"geometry":{"type":"LineString","coordinates":[[-70.27709,-27.4169],[-70.27428,-27.41915]]}},{"type":"Feature","properties":{"nombre":"Vergara","jerarquia":5},"geometry":{"type":"LineString","coordinates":[[-70.27533,-27.41093],[-70.27555,-27.41071]]}},{"type":"Feature","properties":{"nombre":"Vergara","jerarquia":5},"geometry":{"type":"LineString","coordinates":[[-70.27662,-27.41108],[-70.2774,-27.41158]]}},{"type":"Feature","properties":{"nombre":"Vergara","jerarquia":5},"geometry":{"type":"LineString","coordinates":[[-70.2774,-27.41158],[-70.27828,-27.41213]]}},{"type":"Feature","properties":{"nombre":"Vergara","jerarquia":5},"geometry":{"type":"LineString","coordinates":[[-70.27828,-27.41213],[-70.27862,-27.41232]]}},{"type":"Feature","properties":{"nombre":"Vergara","jerarquia":5},"geometry":{"type":"LineString","coordinates":[[-70.27862,-27.41232],[-70.27955,-27.41286]]}},{"type":"Feature","properties":{"nombre":"Vergara","jerarquia":5},"geometry":{"type":"LineString","coordinates":[[-70.27955,-27.41286],[-70.28002,-27.41314]]}},{"type":"Feature","properties":{"nombre":"Vergara","jerarquia":5},"geometry":{"type":"LineString","coordinates":[[-70.28002,-27.41314],[-70.2805,-27.41344]]}},{"type":"Feature","properties":{"nombre":"Vergara","jerarquia":5},"geometry":{"type":"LineString","coordinates":[[-70.2805,-27.41344],[-70.28092,-27.41369]]}},{"type":"Feature","properties":{"nombre":"","jerarquia":3},"geometry":{"type":"LineString","coordinates":[[-70.28127,-27.41367],[-70.28105,-27.41375],[-70.28092,-27.41369]]}},{"type":"Feature","properties":{"nombre":"","jerarquia":2},"geometry":{"type":"LineString","coordinates":[[-70.28139,-27.41403],[-70.28135,-27.41389]]}},{"type":"Feature","properties":{"nombre":"Avenida Los Carrera","jerarquia":3},"geometry":{"type":"LineString","coordinates":[[-70.28032,-27.41437],[-70.28055,-27.41405]]}},{"type":"Feature","properties":{"nombre":"Avenida Los Carrera","jerarquia":3},"geometry":{"type":"LineString","coordinates":[[-70.28055,-27.41405],[-70.28067,-27.41389]]}},{"type":"Feature","properties":{"nombre":"Vergara","jerarquia":5},"geometry":{"type":"LineString","coordinates":[[-70.27555,-27.41071],[-70.27573,-27.41072],[-70.27613,-27.41093],[-70.27662,-27.41108]]}},{"type":"Feature","properties":{"nombre":"Francisco San Román","jerarquia":5},"geometry":{"type":"LineString","coordinates":[[-70.27934,-27.4086],[-70.27913,-27.40877]]}},{"type":"Feature","properties":{"nombre":"Francisco San Román","jerarquia":5},"geometry":{"type":"LineString","coordinates":[[-70.27906,-27.40872],[-70.27925,-27.40853]]}},{"type":"Feature","properties":{"nombre":"Costanera Sur","jerarquia":5},"geometry":{"type":"LineString","coordinates":[[-70.32803,-27.38085],[-70.32794,-27.38143]]}},{"type":"Feature","properties":{"nombre":"Miguel Gallo","jerarquia":5},"geometry":{"type":"LineString","coordinates":[[-70.32802,-27.36025],[-70.32716,-27.36079]]}},{"type":"Feature","properties":{"nombre":"Miguel Gallo","jerarquia":5},"geometry":{"type":"LineString","coordinates":[[-70.32716,-27.36079],[-70.32622,-27.36135]]}},{"type":"Feature","properties":{"nombre":"Miguel Gallo","jerarquia":5},"geometry":{"type":"LineString","coordinates":[[-70.32622,-27.36135],[-70.32591,-27.36152]]}},{"type":"Feature","properties":{"nombre":"Avenida Copayapu","jerarquia":2},"geometry":{"type":"LineString","coordinates":[[-70.33584,-27.37006],[-70.33503,-27.37067]]}},{"type":"Feature","properties":{"nombre":"Avenida Copayapu","jerarquia":2},"geometry":{"type":"LineString","coordinates":[[-70.33503,-27.37067],[-70.33491,-27.37076]]}},{"type":"Feature","properties":{"nombre":"Avenida Copayapu","jerarquia":2},"geometry":{"type":"LineString","coordinates":[[-70.35271,-27.35226],[-70.35268,-27.35178]]}},{"type":"Feature","properties":{"nombre":"Avenida Copayapu","jerarquia":2},"geometry":{"type":"LineString","coordinates":[[-70.35284,-27.35192],[-70.35284,-27.35244]]}},{"type":"Feature","properties":{"nombre":"Panamericana Norte","jerarquia":2},"geometry":{"type":"LineString","coordinates":[[-70.39475,-27.32386],[-70.39817,-27.3209]]}},{"type":"Feature","properties":{"nombre":"Panamericana Norte","jerarquia":2},"geometry":{"type":"LineString","coordinates":[[-70.35348,-27.41231],[-70.35238,-27.41066]]}},{"type":"Feature","properties":{"nombre":"Panamericana Norte","jerarquia":2},"geometry":{"type":"LineString","coordinates":[[-70.35238,-27.41066],[-70.35065,-27.40817]]}},{"type":"Feature","properties":{"nombre":"Panamericana Norte","jerarquia":2},"geometry":{"type":"LineString","coordinates":[[-70.35065,-27.40817],[-70.34839,-27.40494]]}},{"type":"Feature","properties":{"nombre":"Panamericana Norte","jerarquia":2},"geometry":{"type":"LineString","coordinates":[[-70.34839,-27.40494],[-70.34639,-27.40202]]}},{"type":"Feature","properties":{"nombre":"Panamericana Norte","jerarquia":2},"geometry":{"type":"LineString","coordinates":[[-70.34639,-27.40202],[-70.3447,-27.39955]]}},{"type":"Feature","properties":{"nombre":"Panamericana Norte","jerarquia":2},"geometry":{"type":"LineString","coordinates":[[-70.3447,-27.39955],[-70.34374,-27.39816]]}},{"type":"Feature","properties":{"nombre":"Panamericana Norte","jerarquia":2},"geometry":{"type":"LineString","coordinates":[[-70.34374,-27.39816],[-70.34253,-27.3964]]}},{"type":"Feature","properties":{"nombre":"Panamericana Norte","jerarquia":2},"geometry":{"type":"LineString","coordinates":[[-70.34253,-27.3964],[-70.34137,-27.39473]]}},{"type":"Feature","properties":{"nombre":"Panamericana Norte","jerarquia":2},"geometry":{"type":"LineString","coordinates":[[-70.34137,-27.39473],[-70.33889,-27.39116]]}},{"type":"Feature","properties":{"nombre":"Panamericana Norte","jerarquia":2},"geometry":{"type":"LineString","coordinates":[[-70.33889,-27.39116],[-70.33847,-27.39049],[-70.33814,-27.38979],[-70.33791,-27.38908],[-70.33775,-27.38837]]}},{"type":"Feature","properties":{"nombre":"Panamericana Norte","jerarquia":2},"geometry":{"type":"LineString","coordinates":[[-70.33775,-27.38837],[-70.33766,-27.38765]]}},{"type":"Feature","properties":{"nombre":"La Paz","jerarquia":5},"geometry":{"type":"LineString","coordinates":[[-70.33826,-27.37123],[-70.33818,-27.37132]]}},{"type":"Feature","properties":{"nombre":"La Paz","jerarquia":5},"geometry":{"type":"LineString","coordinates":[[-70.33818,-27.37132],[-70.33801,-27.37148]]}},{"type":"Feature","properties":{"nombre":"Chacabuco","jerarquia":2},"geometry":{"type":"LineString","coordinates":[[-70.33724,-27.37052],[-70.33734,-27.37062]]}},{"type":"Feature","properties":{"nombre":"Chacabuco","jerarquia":2},"geometry":{"type":"LineString","coordinates":[[-70.33734,-27.37062],[-70.33802,-27.37126]]}},{"type":"Feature","properties":{"nombre":"Chacabuco","jerarquia":2},"geometry":{"type":"LineString","coordinates":[[-70.33802,-27.37126],[-70.33801,-27.37148]]}},{"type":"Feature","properties":{"nombre":"La Paz","jerarquia":5},"geometry":{"type":"LineString","coordinates":[[-70.33802,-27.37126],[-70.33826,-27.37123]]}},{"type":"Feature","properties":{"nombre":"Ramón Freire","jerarquia":5},"geometry":{"type":"LineString","coordinates":[[-70.35251,-27.3528],[-70.3526,-27.3529],[-70.35263,-27.35312]]}},{"type":"Feature","properties":{"nombre":"Cancha Rayada","jerarquia":5},"geometry":{"type":"LineString","coordinates":[[-70.35229,-27.35275],[-70.35233,-27.35258],[-70.35228,-27.35241]]}},{"type":"Feature","properties":{"nombre":"Avenida Copayapu","jerarquia":2},"geometry":{"type":"LineString","coordinates":[[-70.33731,-27.36885],[-70.33648,-27.36955]]}},{"type":"Feature","properties":{"nombre":"Avenida Copayapu","jerarquia":2},"geometry":{"type":"LineString","coordinates":[[-70.33648,-27.36955],[-70.33636,-27.36965]]}},{"type":"Feature","properties":{"nombre":"Avenida Copayapu","jerarquia":2},"geometry":{"type":"LineString","coordinates":[[-70.33721,-27.36876],[-70.33795,-27.36827]]}},{"type":"Feature","properties":{"nombre":"Avenida Copayapu","jerarquia":2},"geometry":{"type":"LineString","coordinates":[[-70.33622,-27.36952],[-70.33699,-27.36893]]}},{"type":"Feature","properties":{"nombre":"Avenida Copayapu","jerarquia":2},"geometry":{"type":"LineString","coordinates":[[-70.33699,-27.36893],[-70.33711,-27.36883]]}},{"type":"Feature","properties":{"nombre":"Avenida Copayapu","jerarquia":2},"geometry":{"type":"LineString","coordinates":[[-70.33711,-27.36883],[-70.33721,-27.36876]]}},{"type":"Feature","properties":{"nombre":"Avenida Copayapu","jerarquia":2},"geometry":{"type":"LineString","coordinates":[[-70.33795,-27.36827],[-70.33744,-27.36874]]}},{"type":"Feature","properties":{"nombre":"Avenida Copayapu","jerarquia":2},"geometry":{"type":"LineString","coordinates":[[-70.33744,-27.36874],[-70.33731,-27.36885]]}},{"type":"Feature","properties":{"nombre":"","jerarquia":2},"geometry":{"type":"LineString","coordinates":[[-70.35273,-27.35274],[-70.35251,-27.35278]]}},{"type":"Feature","properties":{"nombre":"Avenida Copayapu","jerarquia":2},"geometry":{"type":"LineString","coordinates":[[-70.35285,-27.3526],[-70.35278,-27.35338]]}},{"type":"Feature","properties":{"nombre":"Avenida Copayapu","jerarquia":2},"geometry":{"type":"LineString","coordinates":[[-70.35278,-27.35338],[-70.35273,-27.35274]]}},{"type":"Feature","properties":{"nombre":"Ruta 30","jerarquia":2},"geometry":{"type":"LineString","coordinates":[[-70.37712,-27.46564],[-70.37656,-27.46151],[-70.37642,-27.46099],[-70.37608,-27.46008],[-70.37571,-27.45931],[-70.37531,-27.45861],[-70.37259,-27.45483],[-70.37165,-27.45368],[-70.37068,-27.4528],[-70.37003,-27.45234],[-70.36411,-27.44857],[-70.36336,-27.44786],[-70.3628,-27.44703],[-70.36251,-27.44628],[-70.36239,-27.44569],[-70.36224,-27.4425],[-70.36209,-27.44152],[-70.35987,-27.4336]]}},{"type":"Feature","properties":{"nombre":"Panamericana Norte","jerarquia":2},"geometry":{"type":"LineString","coordinates":[[-70.37168,-27.33853],[-70.36464,-27.34285]]}},{"type":"Feature","properties":{"nombre":"Panamericana Norte","jerarquia":2},"geometry":{"type":"LineString","coordinates":[[-70.36301,-27.34387],[-70.36208,-27.3445]]}},{"type":"Feature","properties":{"nombre":"","jerarquia":2},"geometry":{"type":"LineString","coordinates":[[-70.36029,-27.34591],[-70.36053,-27.34608]]}},{"type":"Feature","properties":{"nombre":"Panamericana Norte","jerarquia":2},"geometry":{"type":"LineString","coordinates":[[-70.40217,-27.3176],[-70.39457,-27.32418],[-70.39312,-27.32525],[-70.38953,-27.3275]]}},{"type":"Feature","properties":{"nombre":"","jerarquia":2},"geometry":{"type":"LineString","coordinates":[[-70.36329,-27.34369],[-70.3635,-27.34389]]}},{"type":"Feature","properties":{"nombre":"Panamericana Norte","jerarquia":2},"geometry":{"type":"LineString","coordinates":[[-70.35268,-27.35178],[-70.3527,-27.35121]]}},{"type":"Feature","properties":{"nombre":"Panamericana Norte","jerarquia":2},"geometry":{"type":"LineString","coordinates":[[-70.3527,-27.35121],[-70.35284,-27.35073]]}},{"type":"Feature","properties":{"nombre":"","jerarquia":2},"geometry":{"type":"LineString","coordinates":[[-70.35542,-27.34892],[-70.35523,-27.34863]]}},{"type":"Feature","properties":{"nombre":"","jerarquia":2},"geometry":{"type":"LineString","coordinates":[[-70.35513,-27.34906],[-70.35525,-27.34881],[-70.35523,-27.34863]]}},{"type":"Feature","properties":{"nombre":"","jerarquia":2},"geometry":{"type":"LineString","coordinates":[[-70.35523,-27.34863],[-70.35543,-27.34875]]}},{"type":"Feature","properties":{"nombre":"","jerarquia":2},"geometry":{"type":"LineString","coordinates":[[-70.35543,-27.34875],[-70.35576,-27.34873]]}},{"type":"Feature","properties":{"nombre":"Avenida El Palomar","jerarquia":5},"geometry":{"type":"LineString","coordinates":[[-70.3284,-27.38496],[-70.32821,-27.38525]]}},{"type":"Feature","properties":{"nombre":"Avenida El Palomar","jerarquia":5},"geometry":{"type":"LineString","coordinates":[[-70.32821,-27.38525],[-70.32798,-27.38559]]}},{"type":"Feature","properties":{"nombre":"Avenida El Palomar","jerarquia":5},"geometry":{"type":"LineString","coordinates":[[-70.32798,-27.38559],[-70.32714,-27.38686]]}},{"type":"Feature","properties":{"nombre":"Avenida El Palomar","jerarquia":5},"geometry":{"type":"LineString","coordinates":[[-70.32714,-27.38686],[-70.32699,-27.38714]]}},{"type":"Feature","properties":{"nombre":"Panamericana Norte","jerarquia":2},"geometry":{"type":"LineString","coordinates":[[-70.3368,-27.37863],[-70.33678,-27.37835]]}},{"type":"Feature","properties":{"nombre":"Panamericana Norte","jerarquia":2},"geometry":{"type":"LineString","coordinates":[[-70.33678,-27.37835],[-70.33666,-27.37713]]}},{"type":"Feature","properties":{"nombre":"Panamericana Norte","jerarquia":2},"geometry":{"type":"LineString","coordinates":[[-70.33666,-27.37713],[-70.33664,-27.3769]]}},{"type":"Feature","properties":{"nombre":"Panamericana Norte","jerarquia":2},"geometry":{"type":"LineString","coordinates":[[-70.33664,-27.3769],[-70.33657,-27.37629]]}},{"type":"Feature","properties":{"nombre":"","jerarquia":2},"geometry":{"type":"LineString","coordinates":[[-70.33705,-27.37929],[-70.33719,-27.37931]]}},{"type":"Feature","properties":{"nombre":"","jerarquia":2},"geometry":{"type":"LineString","coordinates":[[-70.33684,-27.37893],[-70.33695,-27.37918],[-70.33705,-27.37929]]}},{"type":"Feature","properties":{"nombre":"Camilo Henríquez","jerarquia":3},"geometry":{"type":"LineString","coordinates":[[-70.33665,-27.37994],[-70.33689,-27.37993]]}},{"type":"Feature","properties":{"nombre":"Camilo Henríquez","jerarquia":3},"geometry":{"type":"LineString","coordinates":[[-70.33689,-27.37993],[-70.33694,-27.37993]]}},{"type":"Feature","properties":{"nombre":"Camilo Henríquez","jerarquia":3},"geometry":{"type":"LineString","coordinates":[[-70.33695,-27.38],[-70.33666,-27.38002]]}},{"type":"Feature","properties":{"nombre":"Panamericana Norte","jerarquia":2},"geometry":{"type":"LineString","coordinates":[[-70.33695,-27.38],[-70.33694,-27.37993]]}},{"type":"Feature","properties":{"nombre":"Los Estudiantes","jerarquia":5},"geometry":{"type":"LineString","coordinates":[[-70.32256,-27.37576],[-70.32307,-27.3763]]}},{"type":"Feature","properties":{"nombre":"Diego de Almagro","jerarquia":3},"geometry":{"type":"LineString","coordinates":[[-70.3074,-27.3825],[-70.30864,-27.38337]]}},{"type":"Feature","properties":{"nombre":"Diego de Almagro","jerarquia":3},"geometry":{"type":"LineString","coordinates":[[-70.30714,-27.38212],[-70.30723,-27.38231]]}},{"type":"Feature","properties":{"nombre":"Diego de Almagro","jerarquia":4},"geometry":{"type":"LineString","coordinates":[[-70.30691,-27.3822],[-70.30679,-27.38212]]}},{"type":"Feature","properties":{"nombre":"Diego de Almagro","jerarquia":4},"geometry":{"type":"LineString","coordinates":[[-70.30679,-27.38212],[-70.30674,-27.38209]]}},{"type":"Feature","properties":{"nombre":"Avenida Circunvalación","jerarquia":3},"geometry":{"type":"LineString","coordinates":[[-70.30711,-27.38207],[-70.30714,-27.38212]]}},{"type":"Feature","properties":{"nombre":"Avenida Circunvalación","jerarquia":3},"geometry":{"type":"LineString","coordinates":[[-70.30714,-27.38212],[-70.30713,-27.38221],[-70.30705,-27.38225]]}},{"type":"Feature","properties":{"nombre":"Avenida Circunvalación","jerarquia":3},"geometry":{"type":"LineString","coordinates":[[-70.30705,-27.38225],[-70.30693,-27.38222]]}},{"type":"Feature","properties":{"nombre":"Avenida Circunvalación","jerarquia":3},"geometry":{"type":"LineString","coordinates":[[-70.30693,-27.38222],[-70.30691,-27.3822]]}},{"type":"Feature","properties":{"nombre":"Avenida Circunvalación","jerarquia":3},"geometry":{"type":"LineString","coordinates":[[-70.30691,-27.3822],[-70.30692,-27.38209]]}},{"type":"Feature","properties":{"nombre":"Avenida Circunvalación","jerarquia":3},"geometry":{"type":"LineString","coordinates":[[-70.30692,-27.38209],[-70.30696,-27.38205]]}},{"type":"Feature","properties":{"nombre":"Avenida Circunvalación","jerarquia":3},"geometry":{"type":"LineString","coordinates":[[-70.30696,-27.38205],[-70.30711,-27.38207]]}},{"type":"Feature","properties":{"nombre":"Ruta 31 CH","jerarquia":2},"geometry":{"type":"LineString","coordinates":[[-70.27428,-27.41915],[-70.2742,-27.41908]]}},{"type":"Feature","properties":{"nombre":"Los Loros","jerarquia":4},"geometry":{"type":"LineString","coordinates":[[-70.32613,-27.35811],[-70.32742,-27.35748]]}},{"type":"Feature","properties":{"nombre":"Carlos Sayago","jerarquia":4},"geometry":{"type":"LineString","coordinates":[[-70.32802,-27.36025],[-70.3273,-27.35937]]}},{"type":"Feature","properties":{"nombre":"Carlos Sayago","jerarquia":4},"geometry":{"type":"LineString","coordinates":[[-70.3273,-27.35937],[-70.32696,-27.35893]]}},{"type":"Feature","properties":{"nombre":"Carlos Sayago","jerarquia":4},"geometry":{"type":"LineString","coordinates":[[-70.32696,-27.35893],[-70.32613,-27.35811]]}},{"type":"Feature","properties":{"nombre":"Miguel Gallo","jerarquia":4},"geometry":{"type":"LineString","coordinates":[[-70.32882,-27.35975],[-70.32802,-27.36025]]}},{"type":"Feature","properties":{"nombre":"Maipú","jerarquia":5},"geometry":{"type":"LineString","coordinates":[[-70.33788,-27.36917],[-70.33778,-27.36911]]}},{"type":"Feature","properties":{"nombre":"Gabriela Mistral","jerarquia":5},"geometry":{"type":"LineString","coordinates":[[-70.32146,-27.36757],[-70.32209,-27.36717]]}},{"type":"Feature","properties":{"nombre":"Avenida Circunvalación","jerarquia":3},"geometry":{"type":"LineString","coordinates":[[-70.32898,-27.36002],[-70.3279,-27.36068]]}},{"type":"Feature","properties":{"nombre":"Avenida Circunvalación","jerarquia":3},"geometry":{"type":"LineString","coordinates":[[-70.32635,-27.36152],[-70.32776,-27.36063]]}},{"type":"Feature","properties":{"nombre":"","jerarquia":3},"geometry":{"type":"LineString","coordinates":[[-70.32776,-27.36063],[-70.3279,-27.36068]]}},{"type":"Feature","properties":{"nombre":"Avenida Circunvalación","jerarquia":3},"geometry":{"type":"LineString","coordinates":[[-70.32776,-27.36063],[-70.32881,-27.36]]}},{"type":"Feature","properties":{"nombre":"Avenida Circunvalación","jerarquia":3},"geometry":{"type":"LineString","coordinates":[[-70.32881,-27.36],[-70.32893,-27.35994]]}},{"type":"Feature","properties":{"nombre":"Avenida Circunvalación","jerarquia":3},"geometry":{"type":"LineString","coordinates":[[-70.32495,-27.36263],[-70.32534,-27.36223]]}},{"type":"Feature","properties":{"nombre":"Avenida Circunvalación","jerarquia":3},"geometry":{"type":"LineString","coordinates":[[-70.32541,-27.36229],[-70.32495,-27.36263]]}},{"type":"Feature","properties":{"nombre":"Avenida Circunvalación","jerarquia":3},"geometry":{"type":"LineString","coordinates":[[-70.32643,-27.36159],[-70.32541,-27.36229]]}},{"type":"Feature","properties":{"nombre":"José Joaquín Vallejos","jerarquia":4},"geometry":{"type":"LineString","coordinates":[[-70.32541,-27.36229],[-70.32534,-27.36223]]}},{"type":"Feature","properties":{"nombre":"Camilo Henríquez","jerarquia":3},"geometry":{"type":"LineString","coordinates":[[-70.32629,-27.3719],[-70.32561,-27.37076]]}},{"type":"Feature","properties":{"nombre":"Camilo Henríquez","jerarquia":3},"geometry":{"type":"LineString","coordinates":[[-70.32571,-27.37062],[-70.32644,-27.37179]]}},{"type":"Feature","properties":{"nombre":"Bernardo O'Higgins","jerarquia":4},"geometry":{"type":"LineString","coordinates":[[-70.32644,-27.37179],[-70.32629,-27.3719]]}},{"type":"Feature","properties":{"nombre":"Camilo Henríquez","jerarquia":3},"geometry":{"type":"LineString","coordinates":[[-70.32644,-27.37179],[-70.32712,-27.37287]]}},{"type":"Feature","properties":{"nombre":"Camilo Henríquez","jerarquia":3},"geometry":{"type":"LineString","coordinates":[[-70.32698,-27.37297],[-70.32659,-27.37236]]}},{"type":"Feature","properties":{"nombre":"Camilo Henríquez","jerarquia":3},"geometry":{"type":"LineString","coordinates":[[-70.32659,-27.37236],[-70.32629,-27.3719]]}},{"type":"Feature","properties":{"nombre":"Wheelwright","jerarquia":3},"geometry":{"type":"LineString","coordinates":[[-70.32555,-27.37067],[-70.32571,-27.37062]]}},{"type":"Feature","properties":{"nombre":"Camilo Henríquez","jerarquia":3},"geometry":{"type":"LineString","coordinates":[[-70.32391,-27.36809],[-70.32397,-27.36816]]}},{"type":"Feature","properties":{"nombre":"Camilo Henríquez","jerarquia":3},"geometry":{"type":"LineString","coordinates":[[-70.32383,-27.36825],[-70.32377,-27.36818]]}},{"type":"Feature","properties":{"nombre":"Panamericana Norte","jerarquia":2},"geometry":{"type":"LineString","coordinates":[[-70.33491,-27.37076],[-70.33481,-27.37062]]}},{"type":"Feature","properties":{"nombre":"Panamericana Norte","jerarquia":2},"geometry":{"type":"LineString","coordinates":[[-70.33657,-27.37629],[-70.33652,-27.37622],[-70.33624,-27.37455]]}},{"type":"Feature","properties":{"nombre":"","jerarquia":2},"geometry":{"type":"LineString","coordinates":[[-70.33637,-27.3741],[-70.33635,-27.37445],[-70.33629,-27.37452]]}},{"type":"Feature","properties":{"nombre":"","jerarquia":2},"geometry":{"type":"LineString","coordinates":[[-70.33629,-27.37452],[-70.33624,-27.37455]]}},{"type":"Feature","properties":{"nombre":"Avenida Copayapu","jerarquia":2},"geometry":{"type":"LineString","coordinates":[[-70.32774,-27.37388],[-70.32913,-27.37309]]}},{"type":"Feature","properties":{"nombre":"Avenida Copayapu","jerarquia":2},"geometry":{"type":"LineString","coordinates":[[-70.32913,-27.37309],[-70.32982,-27.3727]]}},{"type":"Feature","properties":{"nombre":"Avenida Copayapu","jerarquia":2},"geometry":{"type":"LineString","coordinates":[[-70.32982,-27.3727],[-70.33066,-27.37229]]}},{"type":"Feature","properties":{"nombre":"Vicuña","jerarquia":5},"geometry":{"type":"LineString","coordinates":[[-70.32476,-27.3756],[-70.32468,-27.37548]]}},{"type":"Feature","properties":{"nombre":"","jerarquia":2},"geometry":{"type":"LineString","coordinates":[[-70.32498,-27.37548],[-70.32483,-27.3755]]}},{"type":"Feature","properties":{"nombre":"","jerarquia":2},"geometry":{"type":"LineString","coordinates":[[-70.32483,-27.3755],[-70.32468,-27.37548]]}},{"type":"Feature","properties":{"nombre":"Avenida Los Carrera","jerarquia":3},"geometry":{"type":"LineString","coordinates":[[-70.30864,-27.38337],[-70.30858,-27.3835],[-70.30759,-27.38459]]}},{"type":"Feature","properties":{"nombre":"Avenida Los Carrera","jerarquia":3},"geometry":{"type":"LineString","coordinates":[[-70.30759,-27.38459],[-70.30678,-27.38548]]}},{"type":"Feature","properties":{"nombre":"Avenida Los Carrera","jerarquia":3},"geometry":{"type":"LineString","coordinates":[[-70.30678,-27.38548],[-70.30673,-27.38554]]}},{"type":"Feature","properties":{"nombre":"Avenida Los Carrera","jerarquia":3},"geometry":{"type":"LineString","coordinates":[[-70.30667,-27.38549],[-70.30678,-27.38536]]}},{"type":"Feature","properties":{"nombre":"Avenida Los Carrera","jerarquia":3},"geometry":{"type":"LineString","coordinates":[[-70.30678,-27.38536],[-70.3085,-27.38346],[-70.30864,-27.38337]]}},{"type":"Feature","properties":{"nombre":"Avenida Los Carrera","jerarquia":3},"geometry":{"type":"LineString","coordinates":[[-70.30673,-27.38554],[-70.30518,-27.38736]]}},{"type":"Feature","properties":{"nombre":"Avenida Los Carrera","jerarquia":3},"geometry":{"type":"LineString","coordinates":[[-70.30518,-27.38736],[-70.30511,-27.38744]]}},{"type":"Feature","properties":{"nombre":"Avenida Los Carrera","jerarquia":3},"geometry":{"type":"LineString","coordinates":[[-70.30502,-27.38737],[-70.30604,-27.38628]]}},{"type":"Feature","properties":{"nombre":"Avenida Los Carrera","jerarquia":3},"geometry":{"type":"LineString","coordinates":[[-70.30604,-27.38628],[-70.30661,-27.38556]]}},{"type":"Feature","properties":{"nombre":"Avenida Los Carrera","jerarquia":3},"geometry":{"type":"LineString","coordinates":[[-70.30661,-27.38556],[-70.30667,-27.38549]]}},{"type":"Feature","properties":{"nombre":"Avenida Los Carrera","jerarquia":3},"geometry":{"type":"LineString","coordinates":[[-70.30511,-27.38744],[-70.30485,-27.38773]]}},{"type":"Feature","properties":{"nombre":"Avenida Los Carrera","jerarquia":3},"geometry":{"type":"LineString","coordinates":[[-70.30485,-27.38773],[-70.30445,-27.38811]]}},{"type":"Feature","properties":{"nombre":"Avenida Los Carrera","jerarquia":3},"geometry":{"type":"LineString","coordinates":[[-70.30445,-27.38811],[-70.30427,-27.38825],[-70.303,-27.38967]]}},{"type":"Feature","properties":{"nombre":"Avenida Los Carrera","jerarquia":3},"geometry":{"type":"LineString","coordinates":[[-70.303,-27.38967],[-70.30295,-27.38973]]}},{"type":"Feature","properties":{"nombre":"Ruta 31 CH","jerarquia":2},"geometry":{"type":"LineString","coordinates":[[-70.2742,-27.41908],[-70.27394,-27.41883]]}},{"type":"Feature","properties":{"nombre":"Avenida Copayapu","jerarquia":2},"geometry":{"type":"LineString","coordinates":[[-70.28032,-27.41437],[-70.28095,-27.41403]]}},{"type":"Feature","properties":{"nombre":"Avenida Copayapu","jerarquia":2},"geometry":{"type":"LineString","coordinates":[[-70.28095,-27.41403],[-70.28103,-27.414]]}},{"type":"Feature","properties":{"nombre":"","jerarquia":2},"geometry":{"type":"LineString","coordinates":[[-70.28103,-27.414],[-70.28091,-27.4142]]}},{"type":"Feature","properties":{"nombre":"Luis Flores","jerarquia":4},"geometry":{"type":"LineString","coordinates":[[-70.31647,-27.37585],[-70.31677,-27.37615]]}},{"type":"Feature","properties":{"nombre":"Avenida Los Carrera","jerarquia":3},"geometry":{"type":"LineString","coordinates":[[-70.31639,-27.37589],[-70.31647,-27.37585]]}},{"type":"Feature","properties":{"nombre":"Luis Flores","jerarquia":4},"geometry":{"type":"LineString","coordinates":[[-70.31902,-27.37868],[-70.31866,-27.37831]]}},{"type":"Feature","properties":{"nombre":"Luis Flores","jerarquia":4},"geometry":{"type":"LineString","coordinates":[[-70.31873,-27.37825],[-70.31912,-27.37868]]}},{"type":"Feature","properties":{"nombre":"Luis Flores","jerarquia":4},"geometry":{"type":"LineString","coordinates":[[-70.31866,-27.37831],[-70.31773,-27.3773]]}},{"type":"Feature","properties":{"nombre":"Luis Flores","jerarquia":4},"geometry":{"type":"LineString","coordinates":[[-70.31781,-27.37724],[-70.31873,-27.37825]]}},{"type":"Feature","properties":{"nombre":"Luis Flores","jerarquia":4},"geometry":{"type":"LineString","coordinates":[[-70.3174,-27.37682],[-70.31781,-27.37724]]}},{"type":"Feature","properties":{"nombre":"Luis Flores","jerarquia":4},"geometry":{"type":"LineString","coordinates":[[-70.31773,-27.3773],[-70.3175,-27.37705]]}},{"type":"Feature","properties":{"nombre":"Luis Flores","jerarquia":4},"geometry":{"type":"LineString","coordinates":[[-70.3175,-27.37705],[-70.31732,-27.37687]]}},{"type":"Feature","properties":{"nombre":"Luis Flores","jerarquia":4},"geometry":{"type":"LineString","coordinates":[[-70.31732,-27.37687],[-70.31669,-27.3762]]}},{"type":"Feature","properties":{"nombre":"Luis Flores","jerarquia":4},"geometry":{"type":"LineString","coordinates":[[-70.31677,-27.37615],[-70.3174,-27.37682]]}},{"type":"Feature","properties":{"nombre":"Luis Flores","jerarquia":4},"geometry":{"type":"LineString","coordinates":[[-70.31669,-27.3762],[-70.31645,-27.37596]]}},{"type":"Feature","properties":{"nombre":"Luis Flores","jerarquia":4},"geometry":{"type":"LineString","coordinates":[[-70.31645,-27.37596],[-70.31639,-27.37589]]}},{"type":"Feature","properties":{"nombre":"Ruta 31 CH","jerarquia":2},"geometry":{"type":"LineString","coordinates":[[-70.2734,-27.41836],[-70.2728,-27.41781]]}},{"type":"Feature","properties":{"nombre":"Ruta 31 CH","jerarquia":2},"geometry":{"type":"LineString","coordinates":[[-70.2728,-27.41781],[-70.27196,-27.41706]]}},{"type":"Feature","properties":{"nombre":"Ruta 31 CH","jerarquia":2},"geometry":{"type":"LineString","coordinates":[[-70.27196,-27.41706],[-70.27086,-27.41608]]}},{"type":"Feature","properties":{"nombre":"Ruta 31 CH","jerarquia":2},"geometry":{"type":"LineString","coordinates":[[-70.27086,-27.41608],[-70.2692,-27.41459],[-70.2688,-27.41415],[-70.26849,-27.41357],[-70.26831,-27.413],[-70.26818,-27.41233]]}},{"type":"Feature","properties":{"nombre":"Ruta 31 CH","jerarquia":2},"geometry":{"type":"LineString","coordinates":[[-70.26818,-27.41233],[-70.26812,-27.41205]]}},{"type":"Feature","properties":{"nombre":"Ruta 31 CH","jerarquia":2},"geometry":{"type":"LineString","coordinates":[[-70.26812,-27.41205],[-70.26743,-27.40907]]}},{"type":"Feature","properties":{"nombre":"Ruta 31 CH","jerarquia":2},"geometry":{"type":"LineString","coordinates":[[-70.26743,-27.40907],[-70.26733,-27.4086]]}},{"type":"Feature","properties":{"nombre":"Ruta 31 CH","jerarquia":2},"geometry":{"type":"LineString","coordinates":[[-70.26733,-27.4086],[-70.26685,-27.40645]]}},{"type":"Feature","properties":{"nombre":"Ruta 31 CH","jerarquia":2},"geometry":{"type":"LineString","coordinates":[[-70.26685,-27.40645],[-70.26671,-27.406],[-70.26631,-27.40531],[-70.26519,-27.40382]]}},{"type":"Feature","properties":{"nombre":"Luis Flores","jerarquia":4},"geometry":{"type":"LineString","coordinates":[[-70.31494,-27.37435],[-70.31539,-27.37479]]}},{"type":"Feature","properties":{"nombre":"Luis Flores","jerarquia":4},"geometry":{"type":"LineString","coordinates":[[-70.31405,-27.3735],[-70.31494,-27.37435]]}},{"type":"Feature","properties":{"nombre":"Luis Flores","jerarquia":4},"geometry":{"type":"LineString","coordinates":[[-70.31533,-27.37484],[-70.31488,-27.37441]]}},{"type":"Feature","properties":{"nombre":"Luis Flores","jerarquia":4},"geometry":{"type":"LineString","coordinates":[[-70.31539,-27.37479],[-70.31641,-27.37579]]}},{"type":"Feature","properties":{"nombre":"Luis Flores","jerarquia":4},"geometry":{"type":"LineString","coordinates":[[-70.31641,-27.37579],[-70.31647,-27.37585]]}},{"type":"Feature","properties":{"nombre":"Luis Flores","jerarquia":4},"geometry":{"type":"LineString","coordinates":[[-70.31639,-27.37589],[-70.31603,-27.37552]]}},{"type":"Feature","properties":{"nombre":"Luis Flores","jerarquia":4},"geometry":{"type":"LineString","coordinates":[[-70.31603,-27.37552],[-70.31533,-27.37484]]}},{"type":"Feature","properties":{"nombre":"Avenida Circunvalación","jerarquia":3},"geometry":{"type":"LineString","coordinates":[[-70.31388,-27.37348],[-70.31396,-27.37342]]}},{"type":"Feature","properties":{"nombre":"Eleuterio Ramírez","jerarquia":4},"geometry":{"type":"LineString","coordinates":[[-70.31396,-27.37355],[-70.31388,-27.37348]]}},{"type":"Feature","properties":{"nombre":"Avenida Circunvalación","jerarquia":3},"geometry":{"type":"LineString","coordinates":[[-70.31405,-27.3735],[-70.31396,-27.37355]]}},{"type":"Feature","properties":{"nombre":"Eleuterio Ramírez","jerarquia":4},"geometry":{"type":"LineString","coordinates":[[-70.31388,-27.37348],[-70.3137,-27.37327]]}},{"type":"Feature","properties":{"nombre":"Eleuterio Ramírez","jerarquia":4},"geometry":{"type":"LineString","coordinates":[[-70.3137,-27.37327],[-70.31384,-27.37335]]}},{"type":"Feature","properties":{"nombre":"Eleuterio Ramírez","jerarquia":4},"geometry":{"type":"LineString","coordinates":[[-70.31384,-27.37335],[-70.31396,-27.37342]]}},{"type":"Feature","properties":{"nombre":"Circunvalación Norte","jerarquia":5},"geometry":{"type":"LineString","coordinates":[[-70.31048,-27.37576],[-70.31131,-27.37512]]}},{"type":"Feature","properties":{"nombre":"Circunvalación Norte","jerarquia":5},"geometry":{"type":"LineString","coordinates":[[-70.31131,-27.37512],[-70.31201,-27.37458]]}},{"type":"Feature","properties":{"nombre":"Circunvalación Norte","jerarquia":5},"geometry":{"type":"LineString","coordinates":[[-70.31201,-27.37458],[-70.3123,-27.37435]]}},{"type":"Feature","properties":{"nombre":"Circunvalación Norte","jerarquia":5},"geometry":{"type":"LineString","coordinates":[[-70.3123,-27.37435],[-70.31263,-27.3741]]}},{"type":"Feature","properties":{"nombre":"Circunvalación Norte","jerarquia":5},"geometry":{"type":"LineString","coordinates":[[-70.31263,-27.3741],[-70.3129,-27.37389]]}},{"type":"Feature","properties":{"nombre":"Circunvalación Norte","jerarquia":5},"geometry":{"type":"LineString","coordinates":[[-70.3129,-27.37389],[-70.3137,-27.37327]]}},{"type":"Feature","properties":{"nombre":"Avenida Circunvalación","jerarquia":3},"geometry":{"type":"LineString","coordinates":[[-70.31878,-27.36967],[-70.31844,-27.36994]]}},{"type":"Feature","properties":{"nombre":"Avenida Circunvalación","jerarquia":3},"geometry":{"type":"LineString","coordinates":[[-70.31844,-27.36994],[-70.3178,-27.37047]]}},{"type":"Feature","properties":{"nombre":"Avenida Circunvalación","jerarquia":3},"geometry":{"type":"LineString","coordinates":[[-70.3178,-27.37047],[-70.31415,-27.37341]]}},{"type":"Feature","properties":{"nombre":"Avenida Circunvalación","jerarquia":3},"geometry":{"type":"LineString","coordinates":[[-70.31415,-27.37341],[-70.31405,-27.3735]]}},{"type":"Feature","properties":{"nombre":"Lastarria","jerarquia":5},"geometry":{"type":"LineString","coordinates":[[-70.32367,-27.36409],[-70.32338,-27.36409]]}},{"type":"Feature","properties":{"nombre":"Lastarria","jerarquia":5},"geometry":{"type":"LineString","coordinates":[[-70.32344,-27.36403],[-70.32367,-27.36409]]}},{"type":"Feature","properties":{"nombre":"Lastarria","jerarquia":5},"geometry":{"type":"LineString","coordinates":[[-70.32256,-27.36345],[-70.32289,-27.36386]]}},{"type":"Feature","properties":{"nombre":"Lastarria","jerarquia":5},"geometry":{"type":"LineString","coordinates":[[-70.32224,-27.36301],[-70.32256,-27.36345]]}},{"type":"Feature","properties":{"nombre":"Lastarria","jerarquia":5},"geometry":{"type":"LineString","coordinates":[[-70.32191,-27.36257],[-70.32224,-27.36301]]}},{"type":"Feature","properties":{"nombre":"Lastarria","jerarquia":5},"geometry":{"type":"LineString","coordinates":[[-70.32157,-27.36211],[-70.32191,-27.36257]]}},{"type":"Feature","properties":{"nombre":"Lastarria","jerarquia":5},"geometry":{"type":"LineString","coordinates":[[-70.32125,-27.36167],[-70.32157,-27.36211]]}},{"type":"Feature","properties":{"nombre":"Lastarria","jerarquia":5},"geometry":{"type":"LineString","coordinates":[[-70.32088,-27.36118],[-70.32125,-27.36167]]}},{"type":"Feature","properties":{"nombre":"Lastarria","jerarquia":5},"geometry":{"type":"LineString","coordinates":[[-70.32081,-27.36107],[-70.32088,-27.36118]]}},{"type":"Feature","properties":{"nombre":"Lastarria","jerarquia":5},"geometry":{"type":"LineString","coordinates":[[-70.32082,-27.36122],[-70.32074,-27.36111]]}},{"type":"Feature","properties":{"nombre":"Lastarria","jerarquia":5},"geometry":{"type":"LineString","coordinates":[[-70.32118,-27.36171],[-70.32082,-27.36122]]}},{"type":"Feature","properties":{"nombre":"Lastarria","jerarquia":5},"geometry":{"type":"LineString","coordinates":[[-70.3215,-27.36214],[-70.32118,-27.36171]]}},{"type":"Feature","properties":{"nombre":"Lastarria","jerarquia":5},"geometry":{"type":"LineString","coordinates":[[-70.32185,-27.3626],[-70.3215,-27.36214]]}},{"type":"Feature","properties":{"nombre":"Lastarria","jerarquia":5},"geometry":{"type":"LineString","coordinates":[[-70.32218,-27.36305],[-70.32185,-27.3626]]}},{"type":"Feature","properties":{"nombre":"Lastarria","jerarquia":5},"geometry":{"type":"LineString","coordinates":[[-70.3225,-27.36348],[-70.32218,-27.36305]]}},{"type":"Feature","properties":{"nombre":"Lastarria","jerarquia":5},"geometry":{"type":"LineString","coordinates":[[-70.32284,-27.3639],[-70.3225,-27.36348]]}},{"type":"Feature","properties":{"nombre":"Lastarria","jerarquia":5},"geometry":{"type":"LineString","coordinates":[[-70.32338,-27.36409],[-70.32284,-27.3639]]}},{"type":"Feature","properties":{"nombre":"Los Loros","jerarquia":4},"geometry":{"type":"LineString","coordinates":[[-70.32136,-27.36089],[-70.32088,-27.36118]]}},{"type":"Feature","properties":{"nombre":"Los Loros","jerarquia":4},"geometry":{"type":"LineString","coordinates":[[-70.32081,-27.36107],[-70.32112,-27.36094],[-70.32136,-27.36089]]}},{"type":"Feature","properties":{"nombre":"Los Loros","jerarquia":4},"geometry":{"type":"LineString","coordinates":[[-70.31842,-27.36269],[-70.31744,-27.36325]]}},{"type":"Feature","properties":{"nombre":"Los Loros","jerarquia":4},"geometry":{"type":"LineString","coordinates":[[-70.31622,-27.36379],[-70.31676,-27.36344]]}},{"type":"Feature","properties":{"nombre":"Los Loros","jerarquia":4},"geometry":{"type":"LineString","coordinates":[[-70.31676,-27.36344],[-70.31734,-27.36311]]}},{"type":"Feature","properties":{"nombre":"Los Loros","jerarquia":4},"geometry":{"type":"LineString","coordinates":[[-70.31082,-27.37105],[-70.31151,-27.3701]]}},{"type":"Feature","properties":{"nombre":"Los Loros","jerarquia":4},"geometry":{"type":"LineString","coordinates":[[-70.31151,-27.3701],[-70.3117,-27.36963],[-70.31172,-27.36907]]}},{"type":"Feature","properties":{"nombre":"Los Loros","jerarquia":4},"geometry":{"type":"LineString","coordinates":[[-70.31182,-27.36907],[-70.31181,-27.36961]]}},{"type":"Feature","properties":{"nombre":"Los Loros","jerarquia":4},"geometry":{"type":"LineString","coordinates":[[-70.31181,-27.36961],[-70.31157,-27.37014]]}},{"type":"Feature","properties":{"nombre":"Los Loros","jerarquia":4},"geometry":{"type":"LineString","coordinates":[[-70.31157,-27.37014],[-70.31144,-27.37034]]}},{"type":"Feature","properties":{"nombre":"Los Loros","jerarquia":4},"geometry":{"type":"LineString","coordinates":[[-70.31144,-27.37034],[-70.31095,-27.371]]}},{"type":"Feature","properties":{"nombre":"Los Loros","jerarquia":4},"geometry":{"type":"LineString","coordinates":[[-70.31095,-27.371],[-70.31089,-27.37109]]}},{"type":"Feature","properties":{"nombre":"Los Loros","jerarquia":4},"geometry":{"type":"LineString","coordinates":[[-70.30782,-27.37343],[-70.30823,-27.37329]]}},{"type":"Feature","properties":{"nombre":"Los Loros","jerarquia":4},"geometry":{"type":"LineString","coordinates":[[-70.30823,-27.37329],[-70.30855,-27.37316]]}},{"type":"Feature","properties":{"nombre":"Eleuterio Ramírez","jerarquia":4},"geometry":{"type":"LineString","coordinates":[[-70.31089,-27.37109],[-70.31082,-27.37105]]}},{"type":"Feature","properties":{"nombre":"Eleuterio Ramírez","jerarquia":4},"geometry":{"type":"LineString","coordinates":[[-70.3137,-27.37327],[-70.31337,-27.37292]]}},{"type":"Feature","properties":{"nombre":"Eleuterio Ramírez","jerarquia":4},"geometry":{"type":"LineString","coordinates":[[-70.31337,-27.37292],[-70.31329,-27.37284]]}},{"type":"Feature","properties":{"nombre":"Eleuterio Ramírez","jerarquia":4},"geometry":{"type":"LineString","coordinates":[[-70.31329,-27.37284],[-70.31274,-27.3723]]}},{"type":"Feature","properties":{"nombre":"Eleuterio Ramírez","jerarquia":4},"geometry":{"type":"LineString","coordinates":[[-70.31274,-27.3723],[-70.31234,-27.37192]]}},{"type":"Feature","properties":{"nombre":"Eleuterio Ramírez","jerarquia":4},"geometry":{"type":"LineString","coordinates":[[-70.31234,-27.37192],[-70.31188,-27.37165]]}},{"type":"Feature","properties":{"nombre":"Eleuterio Ramírez","jerarquia":4},"geometry":{"type":"LineString","coordinates":[[-70.31188,-27.37165],[-70.31138,-27.37136]]}},{"type":"Feature","properties":{"nombre":"Eleuterio Ramírez","jerarquia":4},"geometry":{"type":"LineString","coordinates":[[-70.31138,-27.37136],[-70.31097,-27.37113]]}},{"type":"Feature","properties":{"nombre":"Eleuterio Ramírez","jerarquia":4},"geometry":{"type":"LineString","coordinates":[[-70.31097,-27.37113],[-70.31089,-27.37109]]}},{"type":"Feature","properties":{"nombre":"Los Loros","jerarquia":4},"geometry":{"type":"LineString","coordinates":[[-70.31089,-27.37109],[-70.31033,-27.37193]]}},{"type":"Feature","properties":{"nombre":"Los Loros","jerarquia":4},"geometry":{"type":"LineString","coordinates":[[-70.31033,-27.37193],[-70.30982,-27.37269],[-70.30955,-27.37289]]}},{"type":"Feature","properties":{"nombre":"Los Loros","jerarquia":4},"geometry":{"type":"LineString","coordinates":[[-70.30955,-27.37289],[-70.30859,-27.37325]]}},{"type":"Feature","properties":{"nombre":"Los Loros","jerarquia":4},"geometry":{"type":"LineString","coordinates":[[-70.30859,-27.37325],[-70.30788,-27.37352]]}},{"type":"Feature","properties":{"nombre":"Los Loros","jerarquia":4},"geometry":{"type":"LineString","coordinates":[[-70.30855,-27.37316],[-70.30935,-27.37289]]}},{"type":"Feature","properties":{"nombre":"Los Loros","jerarquia":4},"geometry":{"type":"LineString","coordinates":[[-70.30935,-27.37289],[-70.30967,-27.37275],[-70.31024,-27.37194]]}},{"type":"Feature","properties":{"nombre":"Los Loros","jerarquia":4},"geometry":{"type":"LineString","coordinates":[[-70.31024,-27.37194],[-70.31076,-27.37115]]}},{"type":"Feature","properties":{"nombre":"Los Loros","jerarquia":4},"geometry":{"type":"LineString","coordinates":[[-70.31076,-27.37115],[-70.31082,-27.37105]]}},{"type":"Feature","properties":{"nombre":"Los Loros","jerarquia":4},"geometry":{"type":"LineString","coordinates":[[-70.30788,-27.37352],[-70.30747,-27.37384],[-70.30722,-27.3742]]}},{"type":"Feature","properties":{"nombre":"Los Loros","jerarquia":4},"geometry":{"type":"LineString","coordinates":[[-70.30722,-27.3742],[-70.30657,-27.37515]]}},{"type":"Feature","properties":{"nombre":"Los Loros","jerarquia":4},"geometry":{"type":"LineString","coordinates":[[-70.30649,-27.37511],[-70.30713,-27.37415]]}},{"type":"Feature","properties":{"nombre":"Los Loros","jerarquia":4},"geometry":{"type":"LineString","coordinates":[[-70.30713,-27.37415],[-70.30741,-27.37378]]}},{"type":"Feature","properties":{"nombre":"Los Loros","jerarquia":4},"geometry":{"type":"LineString","coordinates":[[-70.30741,-27.37378],[-70.30782,-27.37343]]}},{"type":"Feature","properties":{"nombre":"Los Loros","jerarquia":4},"geometry":{"type":"LineString","coordinates":[[-70.30599,-27.37603],[-70.30545,-27.37685]]}},{"type":"Feature","properties":{"nombre":"Los Loros","jerarquia":4},"geometry":{"type":"LineString","coordinates":[[-70.30657,-27.37515],[-70.30599,-27.37603]]}},{"type":"Feature","properties":{"nombre":"Los Loros","jerarquia":4},"geometry":{"type":"LineString","coordinates":[[-70.3059,-27.37601],[-70.30649,-27.37511]]}},{"type":"Feature","properties":{"nombre":"Los Loros","jerarquia":4},"geometry":{"type":"LineString","coordinates":[[-70.30537,-27.37679],[-70.3059,-27.37601]]}},{"type":"Feature","properties":{"nombre":"Los Loros","jerarquia":4},"geometry":{"type":"LineString","coordinates":[[-70.30467,-27.37795],[-70.30449,-27.37829],[-70.30446,-27.37849],[-70.30465,-27.37944],[-70.3046,-27.38045]]}},{"type":"Feature","properties":{"nombre":"Los Loros","jerarquia":4},"geometry":{"type":"LineString","coordinates":[[-70.3045,-27.38047],[-70.30456,-27.37943],[-70.30436,-27.37856],[-70.30443,-27.37821],[-70.3046,-27.37791]]}},{"type":"Feature","properties":{"nombre":"Choshuenco","jerarquia":5},"geometry":{"type":"LineString","coordinates":[[-70.30633,-27.37754],[-70.30649,-27.37756]]}},{"type":"Feature","properties":{"nombre":"Choshuenco","jerarquia":5},"geometry":{"type":"LineString","coordinates":[[-70.30649,-27.37756],[-70.30685,-27.37766]]}},{"type":"Feature","properties":{"nombre":"Choshuenco","jerarquia":5},"geometry":{"type":"LineString","coordinates":[[-70.30685,-27.37766],[-70.30717,-27.37782]]}},{"type":"Feature","properties":{"nombre":"Choshuenco","jerarquia":5},"geometry":{"type":"LineString","coordinates":[[-70.30717,-27.37782],[-70.30758,-27.37794],[-70.30786,-27.37788]]}},{"type":"Feature","properties":{"nombre":"Choshuenco","jerarquia":5},"geometry":{"type":"LineString","coordinates":[[-70.30537,-27.37679],[-70.30545,-27.37685]]}},{"type":"Feature","properties":{"nombre":"Los Loros","jerarquia":4},"geometry":{"type":"LineString","coordinates":[[-70.31459,-27.36479],[-70.31497,-27.36453]]}},{"type":"Feature","properties":{"nombre":"Los Loros","jerarquia":4},"geometry":{"type":"LineString","coordinates":[[-70.31505,-27.36461],[-70.31463,-27.3649]]}},{"type":"Feature","properties":{"nombre":"Carlos Condell","jerarquia":5},"geometry":{"type":"LineString","coordinates":[[-70.31463,-27.3649],[-70.31452,-27.36485]]}},{"type":"Feature","properties":{"nombre":"Carlos Condell","jerarquia":5},"geometry":{"type":"LineString","coordinates":[[-70.31459,-27.36479],[-70.31463,-27.3649]]}},{"type":"Feature","properties":{"nombre":"Los Loros","jerarquia":4},"geometry":{"type":"LineString","coordinates":[[-70.31628,-27.36388],[-70.31505,-27.36461]]}},{"type":"Feature","properties":{"nombre":"Los Loros","jerarquia":4},"geometry":{"type":"LineString","coordinates":[[-70.31497,-27.36453],[-70.31523,-27.36436]]}},{"type":"Feature","properties":{"nombre":"Los Loros","jerarquia":4},"geometry":{"type":"LineString","coordinates":[[-70.31523,-27.36436],[-70.31592,-27.36396]]}},{"type":"Feature","properties":{"nombre":"Los Loros","jerarquia":4},"geometry":{"type":"LineString","coordinates":[[-70.31592,-27.36396],[-70.31622,-27.36379]]}},{"type":"Feature","properties":{"nombre":"Los Loros","jerarquia":4},"geometry":{"type":"LineString","coordinates":[[-70.31452,-27.36485],[-70.31459,-27.36479]]}},{"type":"Feature","properties":{"nombre":"Colo-Colo","jerarquia":5},"geometry":{"type":"LineString","coordinates":[[-70.31622,-27.36379],[-70.31628,-27.36388]]}},{"type":"Feature","properties":{"nombre":"Los Loros","jerarquia":4},"geometry":{"type":"LineString","coordinates":[[-70.31744,-27.36325],[-70.31628,-27.36388]]}},{"type":"Feature","properties":{"nombre":"Los Loros","jerarquia":4},"geometry":{"type":"LineString","coordinates":[[-70.31734,-27.36311],[-70.31786,-27.36283]]}},{"type":"Feature","properties":{"nombre":"Los Loros","jerarquia":4},"geometry":{"type":"LineString","coordinates":[[-70.31786,-27.36283],[-70.31832,-27.36255]]}},{"type":"Feature","properties":{"nombre":"Andacollo","jerarquia":5},"geometry":{"type":"LineString","coordinates":[[-70.31734,-27.36311],[-70.31744,-27.36325]]}},{"type":"Feature","properties":{"nombre":"Los Loros","jerarquia":4},"geometry":{"type":"LineString","coordinates":[[-70.31937,-27.3621],[-70.31842,-27.36269]]}},{"type":"Feature","properties":{"nombre":"Los Loros","jerarquia":4},"geometry":{"type":"LineString","coordinates":[[-70.31832,-27.36255],[-70.31928,-27.36198]]}},{"type":"Feature","properties":{"nombre":"Los Loros","jerarquia":4},"geometry":{"type":"LineString","coordinates":[[-70.32082,-27.36122],[-70.31986,-27.3618]]}},{"type":"Feature","properties":{"nombre":"Los Loros","jerarquia":4},"geometry":{"type":"LineString","coordinates":[[-70.31986,-27.3618],[-70.31937,-27.3621]]}},{"type":"Feature","properties":{"nombre":"Los Loros","jerarquia":4},"geometry":{"type":"LineString","coordinates":[[-70.31928,-27.36198],[-70.32074,-27.36111]]}},{"type":"Feature","properties":{"nombre":"Los Loros","jerarquia":4},"geometry":{"type":"LineString","coordinates":[[-70.32088,-27.36118],[-70.32082,-27.36122]]}},{"type":"Feature","properties":{"nombre":"Los Loros","jerarquia":4},"geometry":{"type":"LineString","coordinates":[[-70.32074,-27.36111],[-70.32081,-27.36107]]}},{"type":"Feature","properties":{"nombre":"Los Loros","jerarquia":4},"geometry":{"type":"LineString","coordinates":[[-70.31234,-27.36723],[-70.31208,-27.36757]]}},{"type":"Feature","properties":{"nombre":"Los Loros","jerarquia":4},"geometry":{"type":"LineString","coordinates":[[-70.31208,-27.36757],[-70.31184,-27.36797]]}},{"type":"Feature","properties":{"nombre":"Los Loros","jerarquia":4},"geometry":{"type":"LineString","coordinates":[[-70.31184,-27.36797],[-70.31182,-27.36907]]}},{"type":"Feature","properties":{"nombre":"Los Loros","jerarquia":4},"geometry":{"type":"LineString","coordinates":[[-70.31296,-27.36648],[-70.31234,-27.36723]]}},{"type":"Feature","properties":{"nombre":"Los Loros","jerarquia":4},"geometry":{"type":"LineString","coordinates":[[-70.31287,-27.36641],[-70.31324,-27.36603]]}},{"type":"Feature","properties":{"nombre":"Los Loros","jerarquia":4},"geometry":{"type":"LineString","coordinates":[[-70.31324,-27.36603],[-70.31387,-27.36541]]}},{"type":"Feature","properties":{"nombre":"Los Loros","jerarquia":4},"geometry":{"type":"LineString","coordinates":[[-70.31387,-27.36541],[-70.31452,-27.36485]]}},{"type":"Feature","properties":{"nombre":"Los Loros","jerarquia":4},"geometry":{"type":"LineString","coordinates":[[-70.31221,-27.36722],[-70.31287,-27.36641]]}},{"type":"Feature","properties":{"nombre":"Ruta 31 CH","jerarquia":2},"geometry":{"type":"LineString","coordinates":[[-70.26519,-27.40382],[-70.26458,-27.40296]]}},{"type":"Feature","properties":{"nombre":"Ruta 31 CH","jerarquia":2},"geometry":{"type":"LineString","coordinates":[[-70.26458,-27.40296],[-70.26137,-27.39852]]}},{"type":"Feature","properties":{"nombre":"Ruta 31 CH","jerarquia":2},"geometry":{"type":"LineString","coordinates":[[-70.26137,-27.39852],[-70.26079,-27.39772]]}},{"type":"Feature","properties":{"nombre":"Ruta 31 CH","jerarquia":2},"geometry":{"type":"LineString","coordinates":[[-70.26079,-27.39772],[-70.25745,-27.3931],[-70.24583,-27.37668]]}},{"type":"Feature","properties":{"nombre":"Avenida Copayapu","jerarquia":2},"geometry":{"type":"LineString","coordinates":[[-70.2742,-27.41908],[-70.27454,-27.41882]]}},{"type":"Feature","properties":{"nombre":"Panamericana Norte","jerarquia":2},"geometry":{"type":"LineString","coordinates":[[-70.37261,-27.33781],[-70.37288,-27.33764]]}},{"type":"Feature","properties":{"nombre":"Panamericana Norte","jerarquia":2},"geometry":{"type":"LineString","coordinates":[[-70.35887,-27.34684],[-70.36001,-27.34596]]}},{"type":"Feature","properties":{"nombre":"Panamericana Norte","jerarquia":2},"geometry":{"type":"LineString","coordinates":[[-70.37531,-27.33626],[-70.37474,-27.33662]]}},{"type":"Feature","properties":{"nombre":"Panamericana Norte","jerarquia":2},"geometry":{"type":"LineString","coordinates":[[-70.37688,-27.33529],[-70.37585,-27.33592]]}},{"type":"Feature","properties":{"nombre":"Panamericana Norte","jerarquia":2},"geometry":{"type":"LineString","coordinates":[[-70.4216,-27.30712],[-70.41978,-27.30775],[-70.41815,-27.30848]]}},{"type":"Feature","properties":{"nombre":"Avenida Copayapu","jerarquia":2},"geometry":{"type":"LineString","coordinates":[[-70.35191,-27.35845],[-70.35205,-27.35811],[-70.35241,-27.35673]]}},{"type":"Feature","properties":{"nombre":"Avenida Copayapu","jerarquia":2},"geometry":{"type":"LineString","coordinates":[[-70.35241,-27.35673],[-70.3526,-27.35592]]}},{"type":"Feature","properties":{"nombre":"Avenida Copayapu","jerarquia":2},"geometry":{"type":"LineString","coordinates":[[-70.3526,-27.35592],[-70.35277,-27.35488]]}},{"type":"Feature","properties":{"nombre":"Avenida El Palomar","jerarquia":5},"geometry":{"type":"LineString","coordinates":[[-70.33227,-27.37844],[-70.33279,-27.37774]]}},{"type":"Feature","properties":{"nombre":"Avenida El Palomar","jerarquia":5},"geometry":{"type":"LineString","coordinates":[[-70.33279,-27.37774],[-70.3344,-27.3756]]}},{"type":"Feature","properties":{"nombre":"Avenida El Palomar","jerarquia":5},"geometry":{"type":"LineString","coordinates":[[-70.3344,-27.3756],[-70.33501,-27.37483]]}},{"type":"Feature","properties":{"nombre":"Avenida El Palomar","jerarquia":5},"geometry":{"type":"LineString","coordinates":[[-70.33501,-27.37483],[-70.33519,-27.37469]]}},{"type":"Feature","properties":{"nombre":"Avenida Copayapu","jerarquia":2},"geometry":{"type":"LineString","coordinates":[[-70.31317,-27.38768],[-70.31308,-27.38842],[-70.31294,-27.38889],[-70.31271,-27.38926],[-70.31239,-27.38959]]}},{"type":"Feature","properties":{"nombre":"Avenida Copayapu","jerarquia":2},"geometry":{"type":"LineString","coordinates":[[-70.31239,-27.38959],[-70.31232,-27.38966]]}},{"type":"Feature","properties":{"nombre":"Avenida Copayapu","jerarquia":2},"geometry":{"type":"LineString","coordinates":[[-70.3133,-27.38682],[-70.31317,-27.38768]]}},{"type":"Feature","properties":{"nombre":"Avenida Copayapu","jerarquia":2},"geometry":{"type":"LineString","coordinates":[[-70.3122,-27.38958],[-70.31262,-27.38916],[-70.31288,-27.38871],[-70.31313,-27.38702]]}},{"type":"Feature","properties":{"nombre":"Avenida Copayapu","jerarquia":2},"geometry":{"type":"LineString","coordinates":[[-70.31033,-27.39129],[-70.31212,-27.38965]]}},{"type":"Feature","properties":{"nombre":"Avenida Copayapu","jerarquia":2},"geometry":{"type":"LineString","coordinates":[[-70.31212,-27.38965],[-70.3122,-27.38958]]}},{"type":"Feature","properties":{"nombre":"Diego de Almagro","jerarquia":3},"geometry":{"type":"LineString","coordinates":[[-70.3133,-27.38682],[-70.31317,-27.38673]]}},{"type":"Feature","properties":{"nombre":"Diego de Almagro","jerarquia":3},"geometry":{"type":"LineString","coordinates":[[-70.31317,-27.38673],[-70.31294,-27.38657]]}},{"type":"Feature","properties":{"nombre":"Diego de Almagro","jerarquia":3},"geometry":{"type":"LineString","coordinates":[[-70.31273,-27.38634],[-70.31298,-27.38651]]}},{"type":"Feature","properties":{"nombre":"Diego de Almagro","jerarquia":3},"geometry":{"type":"LineString","coordinates":[[-70.31298,-27.38651],[-70.31318,-27.38665]]}},{"type":"Feature","properties":{"nombre":"","jerarquia":2},"geometry":{"type":"LineString","coordinates":[[-70.40369,-27.3158],[-70.40373,-27.31555]]}},{"type":"Feature","properties":{"nombre":"","jerarquia":2},"geometry":{"type":"LineString","coordinates":[[-70.40373,-27.31555],[-70.40392,-27.31555]]}},{"type":"Feature","properties":{"nombre":"","jerarquia":2},"geometry":{"type":"LineString","coordinates":[[-70.40392,-27.31555],[-70.40403,-27.31552]]}},{"type":"Feature","properties":{"nombre":"Avenida Copayapu","jerarquia":2},"geometry":{"type":"LineString","coordinates":[[-70.33554,-27.37006],[-70.33611,-27.36961]]}},{"type":"Feature","properties":{"nombre":"Avenida Copayapu","jerarquia":2},"geometry":{"type":"LineString","coordinates":[[-70.33611,-27.36961],[-70.33622,-27.36952]]}},{"type":"Feature","properties":{"nombre":"Avenida Copayapu","jerarquia":2},"geometry":{"type":"LineString","coordinates":[[-70.33636,-27.36965],[-70.33584,-27.37006]]}},{"type":"Feature","properties":{"nombre":"Avenida Copayapu","jerarquia":2},"geometry":{"type":"LineString","coordinates":[[-70.33454,-27.37079],[-70.33471,-27.37069]]}},{"type":"Feature","properties":{"nombre":"Avenida Copayapu","jerarquia":2},"geometry":{"type":"LineString","coordinates":[[-70.33471,-27.37069],[-70.33481,-27.37062]]}},{"type":"Feature","properties":{"nombre":"Panamericana Norte","jerarquia":2},"geometry":{"type":"LineString","coordinates":[[-70.36029,-27.34591],[-70.36009,-27.34607]]}},{"type":"Feature","properties":{"nombre":"Panamericana Norte","jerarquia":2},"geometry":{"type":"LineString","coordinates":[[-70.36464,-27.34285],[-70.36348,-27.34357]]}},{"type":"Feature","properties":{"nombre":"Panamericana Norte","jerarquia":2},"geometry":{"type":"LineString","coordinates":[[-70.36348,-27.34357],[-70.36329,-27.34369]]}},{"type":"Feature","properties":{"nombre":"Panamericana Norte","jerarquia":2},"geometry":{"type":"LineString","coordinates":[[-70.36755,-27.34093],[-70.3687,-27.34022]]}},{"type":"Feature","properties":{"nombre":"Panamericana Norte","jerarquia":2},"geometry":{"type":"LineString","coordinates":[[-70.36001,-27.34596],[-70.36058,-27.34551]]}},{"type":"Feature","properties":{"nombre":"Panamericana Norte","jerarquia":2},"geometry":{"type":"LineString","coordinates":[[-70.36208,-27.3445],[-70.36115,-27.34523]]}},{"type":"Feature","properties":{"nombre":"Panamericana Norte","jerarquia":2},"geometry":{"type":"LineString","coordinates":[[-70.36115,-27.34523],[-70.36043,-27.3458]]}},{"type":"Feature","properties":{"nombre":"Panamericana Norte","jerarquia":2},"geometry":{"type":"LineString","coordinates":[[-70.35816,-27.34731],[-70.35887,-27.34684]]}},{"type":"Feature","properties":{"nombre":"Panamericana Norte","jerarquia":2},"geometry":{"type":"LineString","coordinates":[[-70.36043,-27.3458],[-70.36029,-27.34591]]}},{"type":"Feature","properties":{"nombre":"Panamericana Norte","jerarquia":2},"geometry":{"type":"LineString","coordinates":[[-70.36058,-27.34551],[-70.36196,-27.34442],[-70.36302,-27.3437]]}},{"type":"Feature","properties":{"nombre":"Panamericana Norte","jerarquia":2},"geometry":{"type":"LineString","coordinates":[[-70.35665,-27.34868],[-70.3558,-27.34918]]}},{"type":"Feature","properties":{"nombre":"Panamericana Norte","jerarquia":2},"geometry":{"type":"LineString","coordinates":[[-70.3558,-27.34918],[-70.35419,-27.3499]]}},{"type":"Feature","properties":{"nombre":"Panamericana Norte","jerarquia":2},"geometry":{"type":"LineString","coordinates":[[-70.35513,-27.34906],[-70.35542,-27.34892]]}},{"type":"Feature","properties":{"nombre":"Panamericana Norte","jerarquia":2},"geometry":{"type":"LineString","coordinates":[[-70.35439,-27.34941],[-70.35513,-27.34906]]}},{"type":"Feature","properties":{"nombre":"Avenida Copayapu","jerarquia":2},"geometry":{"type":"LineString","coordinates":[[-70.35284,-27.35244],[-70.35285,-27.3526]]}},{"type":"Feature","properties":{"nombre":"Avenida Copayapu","jerarquia":2},"geometry":{"type":"LineString","coordinates":[[-70.35273,-27.35274],[-70.35271,-27.35226]]}},{"type":"Feature","properties":{"nombre":"Avenida Copayapu","jerarquia":2},"geometry":{"type":"LineString","coordinates":[[-70.35278,-27.35387],[-70.35278,-27.35338]]}},{"type":"Feature","properties":{"nombre":"Panamericana Norte","jerarquia":2},"geometry":{"type":"LineString","coordinates":[[-70.35285,-27.35141],[-70.35284,-27.35192]]}},{"type":"Feature","properties":{"nombre":"Panamericana Norte","jerarquia":2},"geometry":{"type":"LineString","coordinates":[[-70.35284,-27.35073],[-70.35304,-27.35038],[-70.35328,-27.35009]]}},{"type":"Feature","properties":{"nombre":"","jerarquia":4},"geometry":{"type":"LineString","coordinates":[[-70.35237,-27.35288],[-70.35228,-27.35278]]}},{"type":"Feature","properties":{"nombre":"","jerarquia":4},"geometry":{"type":"LineString","coordinates":[[-70.35239,-27.35288],[-70.35237,-27.35288]]}},{"type":"Feature","properties":{"nombre":"Ramón Freire","jerarquia":5},"geometry":{"type":"LineString","coordinates":[[-70.35263,-27.35312],[-70.35254,-27.35298]]}},{"type":"Feature","properties":{"nombre":"","jerarquia":4},"geometry":{"type":"LineString","coordinates":[[-70.35228,-27.35278],[-70.35229,-27.35275]]}},{"type":"Feature","properties":{"nombre":"Panamericana Norte","jerarquia":2},"geometry":{"type":"LineString","coordinates":[[-70.3572,-27.34832],[-70.35665,-27.34868]]}},{"type":"Feature","properties":{"nombre":"Panamericana Norte","jerarquia":2},"geometry":{"type":"LineString","coordinates":[[-70.354,-27.34961],[-70.35439,-27.34941]]}},{"type":"Feature","properties":{"nombre":"Panamericana Norte","jerarquia":2},"geometry":{"type":"LineString","coordinates":[[-70.35328,-27.35009],[-70.3536,-27.34983],[-70.354,-27.34961]]}},{"type":"Feature","properties":{"nombre":"Panamericana Norte","jerarquia":2},"geometry":{"type":"LineString","coordinates":[[-70.35304,-27.35079],[-70.35292,-27.35108],[-70.35285,-27.35141]]}},{"type":"Feature","properties":{"nombre":"Panamericana Norte","jerarquia":2},"geometry":{"type":"LineString","coordinates":[[-70.35698,-27.34805],[-70.35816,-27.34731]]}},{"type":"Feature","properties":{"nombre":"Panamericana Norte","jerarquia":2},"geometry":{"type":"LineString","coordinates":[[-70.35542,-27.34892],[-70.35576,-27.34873]]}},{"type":"Feature","properties":{"nombre":"Panamericana Norte","jerarquia":2},"geometry":{"type":"LineString","coordinates":[[-70.3581,-27.34764],[-70.3572,-27.34832]]}},{"type":"Feature","properties":{"nombre":"Panamericana Norte","jerarquia":2},"geometry":{"type":"LineString","coordinates":[[-70.35919,-27.34678],[-70.3581,-27.34764]]}},{"type":"Feature","properties":{"nombre":"Panamericana Norte","jerarquia":2},"geometry":{"type":"LineString","coordinates":[[-70.37992,-27.33325],[-70.38244,-27.33169]]}},{"type":"Feature","properties":{"nombre":"Panamericana Norte","jerarquia":2},"geometry":{"type":"LineString","coordinates":[[-70.37541,-27.33605],[-70.37992,-27.33325]]}},{"type":"Feature","properties":{"nombre":"Panamericana Norte","jerarquia":2},"geometry":{"type":"LineString","coordinates":[[-70.37362,-27.33733],[-70.37268,-27.33792]]}},{"type":"Feature","properties":{"nombre":"Panamericana Norte","jerarquia":2},"geometry":{"type":"LineString","coordinates":[[-70.37494,-27.33635],[-70.37541,-27.33605]]}},{"type":"Feature","properties":{"nombre":"Panamericana Norte","jerarquia":2},"geometry":{"type":"LineString","coordinates":[[-70.37288,-27.33764],[-70.37494,-27.33635]]}},{"type":"Feature","properties":{"nombre":"Panamericana Norte","jerarquia":2},"geometry":{"type":"LineString","coordinates":[[-70.37212,-27.33826],[-70.37168,-27.33853]]}},{"type":"Feature","properties":{"nombre":"Panamericana Norte","jerarquia":2},"geometry":{"type":"LineString","coordinates":[[-70.37268,-27.33792],[-70.37212,-27.33826]]}},{"type":"Feature","properties":{"nombre":"Panamericana Norte","jerarquia":2},"geometry":{"type":"LineString","coordinates":[[-70.37167,-27.33838],[-70.37261,-27.33781]]}},{"type":"Feature","properties":{"nombre":"Panamericana Norte","jerarquia":2},"geometry":{"type":"LineString","coordinates":[[-70.3713,-27.33862],[-70.37167,-27.33838]]}},{"type":"Feature","properties":{"nombre":"Panamericana Norte","jerarquia":2},"geometry":{"type":"LineString","coordinates":[[-70.3687,-27.34022],[-70.3713,-27.33862]]}},{"type":"Feature","properties":{"nombre":"Panamericana Norte","jerarquia":2},"geometry":{"type":"LineString","coordinates":[[-70.366,-27.34184],[-70.36755,-27.34093]]}},{"type":"Feature","properties":{"nombre":"Panamericana Norte","jerarquia":2},"geometry":{"type":"LineString","coordinates":[[-70.36532,-27.34227],[-70.366,-27.34184]]}},{"type":"Feature","properties":{"nombre":"Panamericana Norte","jerarquia":2},"geometry":{"type":"LineString","coordinates":[[-70.36302,-27.3437],[-70.36532,-27.34227]]}},{"type":"Feature","properties":{"nombre":"Panamericana Norte","jerarquia":2},"geometry":{"type":"LineString","coordinates":[[-70.38953,-27.3275],[-70.38601,-27.32967]]}},{"type":"Feature","properties":{"nombre":"Panamericana Norte","jerarquia":2},"geometry":{"type":"LineString","coordinates":[[-70.38601,-27.32967],[-70.38516,-27.33019]]}},{"type":"Feature","properties":{"nombre":"Panamericana Norte","jerarquia":2},"geometry":{"type":"LineString","coordinates":[[-70.38244,-27.33169],[-70.38505,-27.33009]]}},{"type":"Feature","properties":{"nombre":"Panamericana Norte","jerarquia":2},"geometry":{"type":"LineString","coordinates":[[-70.38516,-27.33019],[-70.38334,-27.33129]]}},{"type":"Feature","properties":{"nombre":"Panamericana Norte","jerarquia":2},"geometry":{"type":"LineString","coordinates":[[-70.38334,-27.33129],[-70.37966,-27.33358]]}},{"type":"Feature","properties":{"nombre":"Panamericana Norte","jerarquia":2},"geometry":{"type":"LineString","coordinates":[[-70.37966,-27.33358],[-70.37862,-27.33422]]}},{"type":"Feature","properties":{"nombre":"Panamericana Norte","jerarquia":2},"geometry":{"type":"LineString","coordinates":[[-70.37862,-27.33422],[-70.37688,-27.33529]]}},{"type":"Feature","properties":{"nombre":"","jerarquia":2},"geometry":{"type":"LineString","coordinates":[[-70.41798,-27.30845],[-70.41813,-27.30829],[-70.41815,-27.30814]]}},{"type":"Feature","properties":{"nombre":"Panamericana Norte","jerarquia":2},"geometry":{"type":"LineString","coordinates":[[-70.40403,-27.31552],[-70.40421,-27.31537]]}},{"type":"Feature","properties":{"nombre":"Ruta C-327","jerarquia":5},"geometry":{"type":"LineString","coordinates":[[-70.40385,-27.31566],[-70.4038,-27.31561]]}},{"type":"Feature","properties":{"nombre":"Ruta C-327","jerarquia":5},"geometry":{"type":"LineString","coordinates":[[-70.4038,-27.31561],[-70.40373,-27.31555]]}},{"type":"Feature","properties":{"nombre":"Panamericana Norte","jerarquia":2},"geometry":{"type":"LineString","coordinates":[[-70.40369,-27.3158],[-70.40385,-27.31566]]}},{"type":"Feature","properties":{"nombre":"Panamericana Norte","jerarquia":2},"geometry":{"type":"LineString","coordinates":[[-70.39374,-27.32463],[-70.39475,-27.32386]]}},{"type":"Feature","properties":{"nombre":"Panamericana Norte","jerarquia":2},"geometry":{"type":"LineString","coordinates":[[-70.39817,-27.3209],[-70.40147,-27.31804],[-70.4028,-27.31662]]}},{"type":"Feature","properties":{"nombre":"Panamericana Norte","jerarquia":2},"geometry":{"type":"LineString","coordinates":[[-70.39304,-27.32514],[-70.39374,-27.32463]]}},{"type":"Feature","properties":{"nombre":"Panamericana Norte","jerarquia":2},"geometry":{"type":"LineString","coordinates":[[-70.38505,-27.33009],[-70.3857,-27.32969]]}},{"type":"Feature","properties":{"nombre":"Panamericana Norte","jerarquia":2},"geometry":{"type":"LineString","coordinates":[[-70.3857,-27.32969],[-70.39304,-27.32514]]}},{"type":"Feature","properties":{"nombre":"Panamericana Norte","jerarquia":2},"geometry":{"type":"LineString","coordinates":[[-70.41798,-27.30845],[-70.41846,-27.30822]]}},{"type":"Feature","properties":{"nombre":"","jerarquia":2},"geometry":{"type":"LineString","coordinates":[[-70.41815,-27.30814],[-70.41831,-27.30823]]}},{"type":"Feature","properties":{"nombre":"","jerarquia":2},"geometry":{"type":"LineString","coordinates":[[-70.41831,-27.30823],[-70.41846,-27.30822]]}},{"type":"Feature","properties":{"nombre":"Panamericana Norte","jerarquia":2},"geometry":{"type":"LineString","coordinates":[[-70.41846,-27.30822],[-70.41968,-27.30766],[-70.42115,-27.30712]]}},{"type":"Feature","properties":{"nombre":"Panamericana Norte","jerarquia":2},"geometry":{"type":"LineString","coordinates":[[-70.41629,-27.30923],[-70.41798,-27.30845]]}},{"type":"Feature","properties":{"nombre":"Panamericana Norte","jerarquia":2},"geometry":{"type":"LineString","coordinates":[[-70.40593,-27.31411],[-70.40689,-27.31354],[-70.4079,-27.31301],[-70.41079,-27.31179]]}},{"type":"Feature","properties":{"nombre":"Panamericana Norte","jerarquia":2},"geometry":{"type":"LineString","coordinates":[[-70.41079,-27.31179],[-70.41629,-27.30923]]}},{"type":"Feature","properties":{"nombre":"Panamericana Norte","jerarquia":2},"geometry":{"type":"LineString","coordinates":[[-70.41749,-27.30879],[-70.40737,-27.31352],[-70.40624,-27.31417],[-70.40551,-27.31472]]}},{"type":"Feature","properties":{"nombre":"Panamericana Norte","jerarquia":2},"geometry":{"type":"LineString","coordinates":[[-70.41815,-27.30848],[-70.41749,-27.30879]]}},{"type":"Feature","properties":{"nombre":"Panamericana Norte","jerarquia":2},"geometry":{"type":"LineString","coordinates":[[-70.40391,-27.3161],[-70.40375,-27.31625]]}},{"type":"Feature","properties":{"nombre":"Panamericana Norte","jerarquia":2},"geometry":{"type":"LineString","coordinates":[[-70.40344,-27.31651],[-70.40253,-27.31729]]}},{"type":"Feature","properties":{"nombre":"Panamericana Norte","jerarquia":2},"geometry":{"type":"LineString","coordinates":[[-70.40253,-27.31729],[-70.40217,-27.3176]]}},{"type":"Feature","properties":{"nombre":"Panamericana Norte","jerarquia":2},"geometry":{"type":"LineString","coordinates":[[-70.40375,-27.31625],[-70.40344,-27.31651]]}},{"type":"Feature","properties":{"nombre":"Panamericana Norte","jerarquia":2},"geometry":{"type":"LineString","coordinates":[[-70.40411,-27.31592],[-70.40391,-27.3161]]}},{"type":"Feature","properties":{"nombre":"Panamericana Norte","jerarquia":2},"geometry":{"type":"LineString","coordinates":[[-70.40529,-27.31491],[-70.40449,-27.31558]]}},{"type":"Feature","properties":{"nombre":"Panamericana Norte","jerarquia":2},"geometry":{"type":"LineString","coordinates":[[-70.40449,-27.31558],[-70.40411,-27.31592]]}},{"type":"Feature","properties":{"nombre":"Panamericana Norte","jerarquia":2},"geometry":{"type":"LineString","coordinates":[[-70.40551,-27.31472],[-70.40529,-27.31491]]}},{"type":"Feature","properties":{"nombre":"Panamericana Norte","jerarquia":2},"geometry":{"type":"LineString","coordinates":[[-70.40562,-27.31432],[-70.40593,-27.31411]]}},{"type":"Feature","properties":{"nombre":"Panamericana Norte","jerarquia":2},"geometry":{"type":"LineString","coordinates":[[-70.40421,-27.31537],[-70.40562,-27.31432]]}},{"type":"Feature","properties":{"nombre":"Panamericana Norte","jerarquia":2},"geometry":{"type":"LineString","coordinates":[[-70.40385,-27.31566],[-70.40403,-27.31552]]}},{"type":"Feature","properties":{"nombre":"Panamericana Norte","jerarquia":2},"geometry":{"type":"LineString","coordinates":[[-70.4035,-27.31596],[-70.40369,-27.3158]]}},{"type":"Feature","properties":{"nombre":"Panamericana Norte","jerarquia":2},"geometry":{"type":"LineString","coordinates":[[-70.4028,-27.31662],[-70.40303,-27.3164]]}},{"type":"Feature","properties":{"nombre":"Panamericana Norte","jerarquia":2},"geometry":{"type":"LineString","coordinates":[[-70.40303,-27.3164],[-70.4035,-27.31596]]}},{"type":"Feature","properties":{"nombre":"Panamericana Norte","jerarquia":2},"geometry":{"type":"LineString","coordinates":[[-70.36009,-27.34607],[-70.35919,-27.34678]]}},{"type":"Feature","properties":{"nombre":"Panamericana Norte","jerarquia":2},"geometry":{"type":"LineString","coordinates":[[-70.37585,-27.33592],[-70.37531,-27.33626]]}},{"type":"Feature","properties":{"nombre":"Panamericana Norte","jerarquia":2},"geometry":{"type":"LineString","coordinates":[[-70.37474,-27.33662],[-70.37362,-27.33733]]}},{"type":"Feature","properties":{"nombre":"Estadio","jerarquia":5},"geometry":{"type":"LineString","coordinates":[[-70.32612,-27.38043],[-70.3257,-27.3802]]}},{"type":"Feature","properties":{"nombre":"Estadio","jerarquia":5},"geometry":{"type":"LineString","coordinates":[[-70.3257,-27.3802],[-70.32399,-27.37931]]}},{"type":"Feature","properties":{"nombre":"","jerarquia":2},"geometry":{"type":"LineString","coordinates":[[-70.33728,-27.38355],[-70.33694,-27.38309]]}},{"type":"Feature","properties":{"nombre":"Panamericana Norte","jerarquia":2},"geometry":{"type":"LineString","coordinates":[[-70.33766,-27.38765],[-70.33756,-27.38638]]}},{"type":"Feature","properties":{"nombre":"Panamericana Norte","jerarquia":2},"geometry":{"type":"LineString","coordinates":[[-70.33756,-27.38638],[-70.33731,-27.38379]]}},{"type":"Feature","properties":{"nombre":"Panamericana Norte","jerarquia":2},"geometry":{"type":"LineString","coordinates":[[-70.33731,-27.38379],[-70.33728,-27.38355]]}},{"type":"Feature","properties":{"nombre":"Panamericana Norte","jerarquia":2},"geometry":{"type":"LineString","coordinates":[[-70.33728,-27.38355],[-70.33716,-27.38228]]}},{"type":"Feature","properties":{"nombre":"Ruta 31 CH","jerarquia":2},"geometry":{"type":"LineString","coordinates":[[-70.24583,-27.37668],[-70.24553,-27.37624]]}},{"type":"Feature","properties":{"nombre":"Panamericana Norte","jerarquia":2},"geometry":{"type":"LineString","coordinates":[[-70.33684,-27.37893],[-70.3368,-27.37863]]}},{"type":"Feature","properties":{"nombre":"Panamericana Norte","jerarquia":2},"geometry":{"type":"LineString","coordinates":[[-70.33701,-27.38062],[-70.33695,-27.38005]]}},{"type":"Feature","properties":{"nombre":"Panamericana Norte","jerarquia":2},"geometry":{"type":"LineString","coordinates":[[-70.33695,-27.38005],[-70.33695,-27.38]]}},{"type":"Feature","properties":{"nombre":"Panamericana Norte","jerarquia":2},"geometry":{"type":"LineString","coordinates":[[-70.33703,-27.38093],[-70.33701,-27.38062]]}},{"type":"Feature","properties":{"nombre":"","jerarquia":5},"geometry":{"type":"LineString","coordinates":[[-70.33668,-27.38015],[-70.33667,-27.38008]]}},{"type":"Feature","properties":{"nombre":"","jerarquia":5},"geometry":{"type":"LineString","coordinates":[[-70.33667,-27.38008],[-70.33666,-27.38002]]}},{"type":"Feature","properties":{"nombre":"Vallenar","jerarquia":5},"geometry":{"type":"LineString","coordinates":[[-70.33709,-27.37945],[-70.33719,-27.37931]]}},{"type":"Feature","properties":{"nombre":"Vallenar","jerarquia":5},"geometry":{"type":"LineString","coordinates":[[-70.3385,-27.37104],[-70.33854,-27.37108]]}},{"type":"Feature","properties":{"nombre":"Vallenar","jerarquia":5},"geometry":{"type":"LineString","coordinates":[[-70.33854,-27.37108],[-70.3391,-27.37162]]}},{"type":"Feature","properties":{"nombre":"Vallenar","jerarquia":5},"geometry":{"type":"LineString","coordinates":[[-70.3391,-27.37162],[-70.33978,-27.37229]]}},{"type":"Feature","properties":{"nombre":"Vallenar","jerarquia":5},"geometry":{"type":"LineString","coordinates":[[-70.33801,-27.37833],[-70.33777,-27.37866],[-70.33723,-27.37926]]}},{"type":"Feature","properties":{"nombre":"Vallenar","jerarquia":5},"geometry":{"type":"LineString","coordinates":[[-70.33723,-27.37926],[-70.33719,-27.37931]]}},{"type":"Feature","properties":{"nombre":"Vallenar","jerarquia":5},"geometry":{"type":"LineString","coordinates":[[-70.33875,-27.37707],[-70.33848,-27.37752]]}},{"type":"Feature","properties":{"nombre":"Vallenar","jerarquia":5},"geometry":{"type":"LineString","coordinates":[[-70.33848,-27.37752],[-70.33841,-27.37764]]}},{"type":"Feature","properties":{"nombre":"Vallenar","jerarquia":5},"geometry":{"type":"LineString","coordinates":[[-70.33841,-27.37764],[-70.33801,-27.37833]]}},{"type":"Feature","properties":{"nombre":"Vallenar","jerarquia":5},"geometry":{"type":"LineString","coordinates":[[-70.33709,-27.37945],[-70.33708,-27.3795]]}},{"type":"Feature","properties":{"nombre":"Vallenar","jerarquia":5},"geometry":{"type":"LineString","coordinates":[[-70.33708,-27.3795],[-70.33709,-27.37974]]}},{"type":"Feature","properties":{"nombre":"","jerarquia":2},"geometry":{"type":"LineString","coordinates":[[-70.33705,-27.37929],[-70.33709,-27.37945]]}},{"type":"Feature","properties":{"nombre":"Camilo Henríquez","jerarquia":3},"geometry":{"type":"LineString","coordinates":[[-70.33666,-27.38002],[-70.33537,-27.38013]]}},{"type":"Feature","properties":{"nombre":"Camilo Henríquez","jerarquia":3},"geometry":{"type":"LineString","coordinates":[[-70.33537,-27.38013],[-70.33464,-27.3802]]}},{"type":"Feature","properties":{"nombre":"Camilo Henríquez","jerarquia":3},"geometry":{"type":"LineString","coordinates":[[-70.33464,-27.3802],[-70.33419,-27.38023]]}},{"type":"Feature","properties":{"nombre":"Panamericana Norte","jerarquia":2},"geometry":{"type":"LineString","coordinates":[[-70.33694,-27.37993],[-70.33692,-27.37976]]}},{"type":"Feature","properties":{"nombre":"Panamericana Norte","jerarquia":2},"geometry":{"type":"LineString","coordinates":[[-70.33692,-27.37976],[-70.33684,-27.37893]]}},{"type":"Feature","properties":{"nombre":"Diego de Almagro","jerarquia":4},"geometry":{"type":"LineString","coordinates":[[-70.30559,-27.38134],[-70.30517,-27.38102]]}},{"type":"Feature","properties":{"nombre":"Diego de Almagro","jerarquia":4},"geometry":{"type":"LineString","coordinates":[[-70.30517,-27.38102],[-70.30498,-27.38089]]}},{"type":"Feature","properties":{"nombre":"Diego de Almagro","jerarquia":4},"geometry":{"type":"LineString","coordinates":[[-70.30498,-27.38089],[-70.30462,-27.38065],[-70.3045,-27.38047]]}},{"type":"Feature","properties":{"nombre":"Diego de Almagro","jerarquia":4},"geometry":{"type":"LineString","coordinates":[[-70.3045,-27.38047],[-70.3046,-27.38045]]}},{"type":"Feature","properties":{"nombre":"Ruta C-327","jerarquia":5},"geometry":{"type":"LineString","coordinates":[[-70.40373,-27.31555],[-70.40348,-27.31523],[-70.40315,-27.31365],[-70.40291,-27.31303],[-70.40029,-27.30899]]}},{"type":"Feature","properties":{"nombre":"Ruta C-327","jerarquia":5},"geometry":{"type":"LineString","coordinates":[[-70.40029,-27.30899],[-70.39995,-27.30831],[-70.39903,-27.3058]]}},{"type":"Feature","properties":{"nombre":"Ruta C-327","jerarquia":5},"geometry":{"type":"LineString","coordinates":[[-70.39903,-27.3058],[-70.39775,-27.30241]]}},{"type":"Feature","properties":{"nombre":"Ruta C-327","jerarquia":5},"geometry":{"type":"LineString","coordinates":[[-70.39775,-27.30241],[-70.39663,-27.29959]]}},{"type":"Feature","properties":{"nombre":"Ruta C-327","jerarquia":5},"geometry":{"type":"LineString","coordinates":[[-70.39663,-27.29959],[-70.39606,-27.29819],[-70.3954,-27.29638]]}},{"type":"Feature","properties":{"nombre":"Ruta C-327","jerarquia":5},"geometry":{"type":"LineString","coordinates":[[-70.3954,-27.29638],[-70.39494,-27.29514]]}},{"type":"Feature","properties":{"nombre":"Ruta C-353","jerarquia":5},"geometry":{"type":"LineString","coordinates":[[-70.41578,-27.29942],[-70.40898,-27.3019]]}},{"type":"Feature","properties":{"nombre":"Ruta C-353","jerarquia":5},"geometry":{"type":"LineString","coordinates":[[-70.40898,-27.3019],[-70.40892,-27.30192]]}},{"type":"Feature","properties":{"nombre":"Ruta C-353","jerarquia":5},"geometry":{"type":"LineString","coordinates":[[-70.40892,-27.30192],[-70.40731,-27.30249]]}},{"type":"Feature","properties":{"nombre":"Ruta C-353","jerarquia":5},"geometry":{"type":"LineString","coordinates":[[-70.40731,-27.30249],[-70.40727,-27.30251]]}},{"type":"Feature","properties":{"nombre":"Ruta C-353","jerarquia":5},"geometry":{"type":"LineString","coordinates":[[-70.40727,-27.30251],[-70.40438,-27.30354]]}},{"type":"Feature","properties":{"nombre":"Ruta C-353","jerarquia":5},"geometry":{"type":"LineString","coordinates":[[-70.40438,-27.30354],[-70.40269,-27.30415]]}},{"type":"Feature","properties":{"nombre":"Ruta C-353","jerarquia":5},"geometry":{"type":"LineString","coordinates":[[-70.40269,-27.30415],[-70.40111,-27.30472],[-70.39903,-27.3058]]}},{"type":"Feature","properties":{"nombre":"","jerarquia":2},"geometry":{"type":"LineString","coordinates":[[-70.36721,-27.34092],[-70.36738,-27.34092]]}},{"type":"Feature","properties":{"nombre":"","jerarquia":2},"geometry":{"type":"LineString","coordinates":[[-70.36738,-27.34092],[-70.36755,-27.34093]]}},{"type":"Feature","properties":{"nombre":"","jerarquia":2},"geometry":{"type":"LineString","coordinates":[[-70.366,-27.34184],[-70.36604,-27.3416]]}},{"type":"Feature","properties":{"nombre":"","jerarquia":5},"geometry":{"type":"LineString","coordinates":[[-70.33279,-27.37774],[-70.33291,-27.37779]]}},{"type":"Feature","properties":{"nombre":"Camilo Henríquez","jerarquia":3},"geometry":{"type":"LineString","coordinates":[[-70.33227,-27.37844],[-70.33235,-27.37851]]}},{"type":"Feature","properties":{"nombre":"Colipí","jerarquia":4},"geometry":{"type":"LineString","coordinates":[[-70.33481,-27.37062],[-70.33468,-27.37028]]}},{"type":"Feature","properties":{"nombre":"Avenida Copayapu","jerarquia":2},"geometry":{"type":"LineString","coordinates":[[-70.33392,-27.37107],[-70.33454,-27.37079]]}},{"type":"Feature","properties":{"nombre":"Avenida Copayapu","jerarquia":2},"geometry":{"type":"LineString","coordinates":[[-70.334,-27.37112],[-70.33339,-27.37131]]}},{"type":"Feature","properties":{"nombre":"Avenida Copayapu","jerarquia":2},"geometry":{"type":"LineString","coordinates":[[-70.33154,-27.37201],[-70.33071,-27.37241]]}},{"type":"Feature","properties":{"nombre":"Avenida Copayapu","jerarquia":2},"geometry":{"type":"LineString","coordinates":[[-70.33154,-27.37201],[-70.33263,-27.37159]]}},{"type":"Feature","properties":{"nombre":"Avenida Copayapu","jerarquia":2},"geometry":{"type":"LineString","coordinates":[[-70.33263,-27.37159],[-70.33339,-27.37131]]}},{"type":"Feature","properties":{"nombre":"Avenida Copayapu","jerarquia":2},"geometry":{"type":"LineString","coordinates":[[-70.33066,-27.37229],[-70.33154,-27.37201]]}},{"type":"Feature","properties":{"nombre":"Panamericana Norte","jerarquia":2},"geometry":{"type":"LineString","coordinates":[[-70.35576,-27.34873],[-70.35698,-27.34805]]}},{"type":"Feature","properties":{"nombre":"Panamericana Norte","jerarquia":5},"geometry":{"type":"LineString","coordinates":[[-70.33666,-27.38002],[-70.33665,-27.37994]]}},{"type":"Feature","properties":{"nombre":"Camilo Henríquez","jerarquia":3},"geometry":{"type":"LineString","coordinates":[[-70.33408,-27.38012],[-70.33537,-27.38004]]}},{"type":"Feature","properties":{"nombre":"Camilo Henríquez","jerarquia":3},"geometry":{"type":"LineString","coordinates":[[-70.33537,-27.38004],[-70.3366,-27.37995]]}},{"type":"Feature","properties":{"nombre":"Camilo Henríquez","jerarquia":3},"geometry":{"type":"LineString","coordinates":[[-70.3366,-27.37995],[-70.33665,-27.37994]]}},{"type":"Feature","properties":{"nombre":"","jerarquia":2},"geometry":{"type":"LineString","coordinates":[[-70.33684,-27.37681],[-70.33664,-27.3769]]}},{"type":"Feature","properties":{"nombre":"Panamericana Norte","jerarquia":2},"geometry":{"type":"LineString","coordinates":[[-70.33624,-27.37455],[-70.33613,-27.37337]]}},{"type":"Feature","properties":{"nombre":"Panamericana Norte","jerarquia":5},"geometry":{"type":"LineString","coordinates":[[-70.33606,-27.37458],[-70.33609,-27.37446]]}},{"type":"Feature","properties":{"nombre":"Panamericana Norte","jerarquia":5},"geometry":{"type":"LineString","coordinates":[[-70.33609,-27.37446],[-70.33608,-27.37377]]}},{"type":"Feature","properties":{"nombre":"","jerarquia":2},"geometry":{"type":"LineString","coordinates":[[-70.33624,-27.37455],[-70.33606,-27.37458]]}},{"type":"Feature","properties":{"nombre":"Avenida Copayapu","jerarquia":4},"geometry":{"type":"LineString","coordinates":[[-70.273,-27.41998],[-70.27389,-27.41932]]}},{"type":"Feature","properties":{"nombre":"Avenida Copayapu","jerarquia":4},"geometry":{"type":"LineString","coordinates":[[-70.27389,-27.41932],[-70.2742,-27.41908]]}},{"type":"Feature","properties":{"nombre":"Avenida Los Carrera","jerarquia":3},"geometry":{"type":"LineString","coordinates":[[-70.28201,-27.41309],[-70.28176,-27.41328]]}},{"type":"Feature","properties":{"nombre":"Avenida Los Carrera","jerarquia":3},"geometry":{"type":"LineString","coordinates":[[-70.28176,-27.41328],[-70.28142,-27.41354]]}},{"type":"Feature","properties":{"nombre":"Avenida Los Carrera","jerarquia":3},"geometry":{"type":"LineString","coordinates":[[-70.28142,-27.41354],[-70.28127,-27.41367]]}},{"type":"Feature","properties":{"nombre":"Avenida Los Carrera","jerarquia":3},"geometry":{"type":"LineString","coordinates":[[-70.28127,-27.41367],[-70.2811,-27.41388]]}},{"type":"Feature","properties":{"nombre":"Avenida Los Carrera","jerarquia":3},"geometry":{"type":"LineString","coordinates":[[-70.2811,-27.41388],[-70.28103,-27.414]]}},{"type":"Feature","properties":{"nombre":"Avenida Copayapu","jerarquia":2},"geometry":{"type":"LineString","coordinates":[[-70.27931,-27.41507],[-70.28032,-27.41437]]}},{"type":"Feature","properties":{"nombre":"Ruta 31 CH","jerarquia":2},"geometry":{"type":"LineString","coordinates":[[-70.27394,-27.41883],[-70.2734,-27.41836]]}},{"type":"Feature","properties":{"nombre":"Avenida Copayapu","jerarquia":2},"geometry":{"type":"LineString","coordinates":[[-70.27454,-27.41882],[-70.27575,-27.41787]]}},{"type":"Feature","properties":{"nombre":"","jerarquia":2},"geometry":{"type":"LineString","coordinates":[[-70.33454,-27.37079],[-70.33464,-27.37058]]}},{"type":"Feature","properties":{"nombre":"","jerarquia":3},"geometry":{"type":"LineString","coordinates":[[-70.33052,-27.35957],[-70.33062,-27.35971]]}},{"type":"Feature","properties":{"nombre":"Carlos Van Buren","jerarquia":5},"geometry":{"type":"LineString","coordinates":[[-70.31375,-27.37855],[-70.31341,-27.37827]]}},{"type":"Feature","properties":{"nombre":"Carlos Van Buren","jerarquia":5},"geometry":{"type":"LineString","coordinates":[[-70.31341,-27.37827],[-70.31321,-27.3781]]}},{"type":"Feature","properties":{"nombre":"Carlos Van Buren","jerarquia":5},"geometry":{"type":"LineString","coordinates":[[-70.31321,-27.3781],[-70.31282,-27.37778]]}},{"type":"Feature","properties":{"nombre":"Carlos Van Buren","jerarquia":5},"geometry":{"type":"LineString","coordinates":[[-70.31282,-27.37778],[-70.31245,-27.37748]]}},{"type":"Feature","properties":{"nombre":"Carlos Van Buren","jerarquia":5},"geometry":{"type":"LineString","coordinates":[[-70.3108,-27.37607],[-70.31072,-27.37599]]}},{"type":"Feature","properties":{"nombre":"Carlos Van Buren","jerarquia":5},"geometry":{"type":"LineString","coordinates":[[-70.31391,-27.37862],[-70.31375,-27.37855]]}},{"type":"Feature","properties":{"nombre":"Avenida Circunvalación","jerarquia":3},"geometry":{"type":"LineString","coordinates":[[-70.3198,-27.36862],[-70.31959,-27.36895]]}},{"type":"Feature","properties":{"nombre":"Vicuña","jerarquia":5},"geometry":{"type":"LineString","coordinates":[[-70.32468,-27.37548],[-70.32412,-27.37473]]}},{"type":"Feature","properties":{"nombre":"San Román","jerarquia":5},"geometry":{"type":"LineString","coordinates":[[-70.32412,-27.37473],[-70.32256,-27.37576]]}},{"type":"Feature","properties":{"nombre":"Avenida Diego de Almagro","jerarquia":5},"geometry":{"type":"LineString","coordinates":[[-70.32271,-27.39386],[-70.32263,-27.3938]]}},{"type":"Feature","properties":{"nombre":"Avenida Diego de Almagro","jerarquia":5},"geometry":{"type":"LineString","coordinates":[[-70.32263,-27.3938],[-70.32126,-27.39288]]}},{"type":"Feature","properties":{"nombre":"Avenida Diego de Almagro","jerarquia":5},"geometry":{"type":"LineString","coordinates":[[-70.32126,-27.39288],[-70.32059,-27.39242]]}},{"type":"Feature","properties":{"nombre":"Avenida Diego de Almagro","jerarquia":5},"geometry":{"type":"LineString","coordinates":[[-70.32059,-27.39242],[-70.31991,-27.39195]]}},{"type":"Feature","properties":{"nombre":"Avenida Diego de Almagro","jerarquia":5},"geometry":{"type":"LineString","coordinates":[[-70.31991,-27.39195],[-70.31913,-27.39139]]}},{"type":"Feature","properties":{"nombre":"Avenida Diego de Almagro","jerarquia":5},"geometry":{"type":"LineString","coordinates":[[-70.31913,-27.39139],[-70.31813,-27.39049]]}},{"type":"Feature","properties":{"nombre":"Avenida Diego de Almagro","jerarquia":5},"geometry":{"type":"LineString","coordinates":[[-70.31813,-27.39049],[-70.31761,-27.39009]]}},{"type":"Feature","properties":{"nombre":"Avenida Diego de Almagro","jerarquia":5},"geometry":{"type":"LineString","coordinates":[[-70.31332,-27.38674],[-70.31363,-27.38688],[-70.31444,-27.38747]]}},{"type":"Feature","properties":{"nombre":"Avenida Diego de Almagro","jerarquia":5},"geometry":{"type":"LineString","coordinates":[[-70.31444,-27.38747],[-70.31509,-27.38812]]}},{"type":"Feature","properties":{"nombre":"Avenida Diego de Almagro","jerarquia":5},"geometry":{"type":"LineString","coordinates":[[-70.31509,-27.38812],[-70.31604,-27.38883]]}},{"type":"Feature","properties":{"nombre":"Avenida Diego de Almagro","jerarquia":5},"geometry":{"type":"LineString","coordinates":[[-70.31604,-27.38883],[-70.31718,-27.38963]]}},{"type":"Feature","properties":{"nombre":"Avenida Diego de Almagro","jerarquia":5},"geometry":{"type":"LineString","coordinates":[[-70.31718,-27.38963],[-70.31765,-27.38997]]}},{"type":"Feature","properties":{"nombre":"Avenida Diego de Almagro","jerarquia":5},"geometry":{"type":"LineString","coordinates":[[-70.31716,-27.38977],[-70.31597,-27.38891]]}},{"type":"Feature","properties":{"nombre":"Avenida Diego de Almagro","jerarquia":5},"geometry":{"type":"LineString","coordinates":[[-70.31597,-27.38891],[-70.31502,-27.38819]]}},{"type":"Feature","properties":{"nombre":"Avenida Diego de Almagro","jerarquia":5},"geometry":{"type":"LineString","coordinates":[[-70.31502,-27.38819],[-70.31438,-27.3876]]}},{"type":"Feature","properties":{"nombre":"Avenida Diego de Almagro","jerarquia":5},"geometry":{"type":"LineString","coordinates":[[-70.31438,-27.3876],[-70.3133,-27.38682]]}},{"type":"Feature","properties":{"nombre":"Avenida Diego de Almagro","jerarquia":5},"geometry":{"type":"LineString","coordinates":[[-70.31761,-27.39009],[-70.31716,-27.38977]]}},{"type":"Feature","properties":{"nombre":"","jerarquia":5},"geometry":{"type":"LineString","coordinates":[[-70.31913,-27.39139],[-70.31924,-27.39126]]}},{"type":"Feature","properties":{"nombre":"Panamericana Norte","jerarquia":2},"geometry":{"type":"LineString","coordinates":[[-70.36329,-27.34369],[-70.36301,-27.34387]]}},{"type":"Feature","properties":{"nombre":"Diego de Almagro","jerarquia":3},"geometry":{"type":"LineString","coordinates":[[-70.30723,-27.38231],[-70.30728,-27.38237]]}},{"type":"Feature","properties":{"nombre":"Diego de Almagro","jerarquia":3},"geometry":{"type":"LineString","coordinates":[[-70.30728,-27.38237],[-70.3074,-27.3825]]}},{"type":"Feature","properties":{"nombre":"Diego de Almagro","jerarquia":3},"geometry":{"type":"LineString","coordinates":[[-70.30716,-27.38233],[-70.30705,-27.38225]]}},{"type":"Feature","properties":{"nombre":"Avenida Circunvalación","jerarquia":3},"geometry":{"type":"LineString","coordinates":[[-70.30692,-27.38233],[-70.30693,-27.38222]]}},{"type":"Feature","properties":{"nombre":"Diego de Almagro","jerarquia":4},"geometry":{"type":"LineString","coordinates":[[-70.30674,-27.38209],[-70.30657,-27.38199]]}},{"type":"Feature","properties":{"nombre":"Diego de Almagro","jerarquia":4},"geometry":{"type":"LineString","coordinates":[[-70.30657,-27.38199],[-70.30559,-27.38134]]}},{"type":"Feature","properties":{"nombre":"Diego de Almagro","jerarquia":4},"geometry":{"type":"LineString","coordinates":[[-70.30566,-27.38129],[-70.30676,-27.38202]]}},{"type":"Feature","properties":{"nombre":"Avenida Circunvalación","jerarquia":3},"geometry":{"type":"LineString","coordinates":[[-70.30696,-27.38205],[-70.30698,-27.38195]]}},{"type":"Feature","properties":{"nombre":"Avenida Circunvalación","jerarquia":3},"geometry":{"type":"LineString","coordinates":[[-70.30712,-27.38194],[-70.30711,-27.38207]]}},{"type":"Feature","properties":{"nombre":"","jerarquia":4},"geometry":{"type":"LineString","coordinates":[[-70.32673,-27.38723],[-70.32672,-27.38719]]}},{"type":"Feature","properties":{"nombre":"","jerarquia":4},"geometry":{"type":"LineString","coordinates":[[-70.32672,-27.38719],[-70.32678,-27.38707]]}},{"type":"Feature","properties":{"nombre":"","jerarquia":4},"geometry":{"type":"LineString","coordinates":[[-70.32678,-27.38707],[-70.32685,-27.38705]]}},{"type":"Feature","properties":{"nombre":"","jerarquia":4},"geometry":{"type":"LineString","coordinates":[[-70.32685,-27.38705],[-70.32699,-27.38714]]}},{"type":"Feature","properties":{"nombre":"","jerarquia":4},"geometry":{"type":"LineString","coordinates":[[-70.32699,-27.38714],[-70.327,-27.38718]]}},{"type":"Feature","properties":{"nombre":"","jerarquia":4},"geometry":{"type":"LineString","coordinates":[[-70.327,-27.38718],[-70.32691,-27.38729]]}},{"type":"Feature","properties":{"nombre":"","jerarquia":4},"geometry":{"type":"LineString","coordinates":[[-70.32691,-27.38729],[-70.32686,-27.3873]]}},{"type":"Feature","properties":{"nombre":"","jerarquia":4},"geometry":{"type":"LineString","coordinates":[[-70.32686,-27.3873],[-70.32673,-27.38723]]}},{"type":"Feature","properties":{"nombre":"Luis Flores","jerarquia":4},"geometry":{"type":"LineString","coordinates":[[-70.3274,-27.38753],[-70.32718,-27.38741]]}},{"type":"Feature","properties":{"nombre":"Luis Flores","jerarquia":4},"geometry":{"type":"LineString","coordinates":[[-70.32718,-27.38741],[-70.32691,-27.38729]]}},{"type":"Feature","properties":{"nombre":"Luis Flores","jerarquia":4},"geometry":{"type":"LineString","coordinates":[[-70.327,-27.38718],[-70.3274,-27.38753]]}},{"type":"Feature","properties":{"nombre":"Avenida El Palomar","jerarquia":5},"geometry":{"type":"LineString","coordinates":[[-70.32686,-27.3873],[-70.32635,-27.38802]]}},{"type":"Feature","properties":{"nombre":"Avenida El Palomar","jerarquia":5},"geometry":{"type":"LineString","coordinates":[[-70.32635,-27.38802],[-70.32631,-27.38809]]}},{"type":"Feature","properties":{"nombre":"Luis Flores","jerarquia":4},"geometry":{"type":"LineString","coordinates":[[-70.32654,-27.387],[-70.32678,-27.38707]]}},{"type":"Feature","properties":{"nombre":"Luis Flores","jerarquia":4},"geometry":{"type":"LineString","coordinates":[[-70.32672,-27.38719],[-70.32654,-27.387]]}},{"type":"Feature","properties":{"nombre":"Maipú","jerarquia":5},"geometry":{"type":"LineString","coordinates":[[-70.33788,-27.36917],[-70.33793,-27.3692]]}},{"type":"Feature","properties":{"nombre":"Ricardo Vallejos","jerarquia":5},"geometry":{"type":"LineString","coordinates":[[-70.29307,-27.40003],[-70.29318,-27.40012]]}},{"type":"Feature","properties":{"nombre":"","jerarquia":5},"geometry":{"type":"LineString","coordinates":[[-70.29721,-27.40338],[-70.29318,-27.40012]]}},{"type":"Feature","properties":{"nombre":"Avenida Copayapu","jerarquia":2},"geometry":{"type":"LineString","coordinates":[[-70.31332,-27.38674],[-70.3133,-27.38682]]}},{"type":"Feature","properties":{"nombre":"Diego de Almagro","jerarquia":3},"geometry":{"type":"LineString","coordinates":[[-70.31318,-27.38665],[-70.31332,-27.38674]]}},{"type":"Feature","properties":{"nombre":"Avenida Copayapu","jerarquia":2},"geometry":{"type":"LineString","coordinates":[[-70.31317,-27.38673],[-70.31318,-27.38665]]}},{"type":"Feature","properties":{"nombre":"Avenida Copayapu","jerarquia":2},"geometry":{"type":"LineString","coordinates":[[-70.31313,-27.38702],[-70.31315,-27.38686]]}},{"type":"Feature","properties":{"nombre":"Avenida Copayapu","jerarquia":2},"geometry":{"type":"LineString","coordinates":[[-70.31315,-27.38686],[-70.31317,-27.38673]]}},{"type":"Feature","properties":{"nombre":"","jerarquia":2},"geometry":{"type":"LineString","coordinates":[[-70.33688,-27.37695],[-70.33676,-27.37701],[-70.33666,-27.37713]]}},{"type":"Feature","properties":{"nombre":"Diego de Almagro","jerarquia":3},"geometry":{"type":"LineString","coordinates":[[-70.31193,-27.38578],[-70.31273,-27.38634]]}},{"type":"Feature","properties":{"nombre":"","jerarquia":5},"geometry":{"type":"LineString","coordinates":[[-70.31444,-27.38747],[-70.31438,-27.3876]]}},{"type":"Feature","properties":{"nombre":"","jerarquia":5},"geometry":{"type":"LineString","coordinates":[[-70.31597,-27.38891],[-70.31604,-27.38883]]}},{"type":"Feature","properties":{"nombre":"Costanera Sur","jerarquia":5},"geometry":{"type":"LineString","coordinates":[[-70.32803,-27.38085],[-70.32804,-27.38077]]}},{"type":"Feature","properties":{"nombre":"Costanera Sur","jerarquia":5},"geometry":{"type":"LineString","coordinates":[[-70.32875,-27.37936],[-70.32862,-27.37958]]}},{"type":"Feature","properties":{"nombre":"Costanera Sur","jerarquia":5},"geometry":{"type":"LineString","coordinates":[[-70.32862,-27.37958],[-70.32823,-27.38013],[-70.32804,-27.38077]]}},{"type":"Feature","properties":{"nombre":"Costanera Sur","jerarquia":5},"geometry":{"type":"LineString","coordinates":[[-70.32804,-27.38077],[-70.32802,-27.38054],[-70.32813,-27.38019]]}},{"type":"Feature","properties":{"nombre":"Costanera Sur","jerarquia":5},"geometry":{"type":"LineString","coordinates":[[-70.32813,-27.38019],[-70.32834,-27.37979]]}},{"type":"Feature","properties":{"nombre":"Costanera Sur","jerarquia":5},"geometry":{"type":"LineString","coordinates":[[-70.32834,-27.37979],[-70.32852,-27.37957]]}},{"type":"Feature","properties":{"nombre":"Costanera Sur","jerarquia":5},"geometry":{"type":"LineString","coordinates":[[-70.32852,-27.37957],[-70.32875,-27.37936]]}},{"type":"Feature","properties":{"nombre":"","jerarquia":5},"geometry":{"type":"LineString","coordinates":[[-70.32862,-27.37958],[-70.32834,-27.37979]]}},{"type":"Feature","properties":{"nombre":"","jerarquia":5},"geometry":{"type":"LineString","coordinates":[[-70.32834,-27.37979],[-70.32809,-27.37991]]}},{"type":"Feature","properties":{"nombre":"","jerarquia":5},"geometry":{"type":"LineString","coordinates":[[-70.32809,-27.37991],[-70.32852,-27.37957]]}},{"type":"Feature","properties":{"nombre":"","jerarquia":5},"geometry":{"type":"LineString","coordinates":[[-70.32813,-27.38019],[-70.32812,-27.38007],[-70.32793,-27.38003]]}},{"type":"Feature","properties":{"nombre":"Los Loros","jerarquia":4},"geometry":{"type":"LineString","coordinates":[[-70.3046,-27.37791],[-70.30537,-27.37679]]}},{"type":"Feature","properties":{"nombre":"Los Loros","jerarquia":4},"geometry":{"type":"LineString","coordinates":[[-70.30545,-27.37685],[-70.30467,-27.37795]]}},{"type":"Feature","properties":{"nombre":"Avenida El Palomar","jerarquia":5},"geometry":{"type":"LineString","coordinates":[[-70.33133,-27.37966],[-70.33158,-27.37934]]}},{"type":"Feature","properties":{"nombre":"Avenida El Palomar","jerarquia":5},"geometry":{"type":"LineString","coordinates":[[-70.33158,-27.37934],[-70.33169,-27.3792]]}},{"type":"Feature","properties":{"nombre":"Avenida El Palomar","jerarquia":5},"geometry":{"type":"LineString","coordinates":[[-70.33169,-27.3792],[-70.33193,-27.37889]]}},{"type":"Feature","properties":{"nombre":"Avenida El Palomar","jerarquia":5},"geometry":{"type":"LineString","coordinates":[[-70.33193,-27.37889],[-70.33212,-27.37864]]}},{"type":"Feature","properties":{"nombre":"Avenida El Palomar","jerarquia":5},"geometry":{"type":"LineString","coordinates":[[-70.33212,-27.37864],[-70.33219,-27.37855]]}},{"type":"Feature","properties":{"nombre":"Avenida El Palomar","jerarquia":5},"geometry":{"type":"LineString","coordinates":[[-70.33219,-27.37855],[-70.33227,-27.37844]]}},{"type":"Feature","properties":{"nombre":"La Minería","jerarquia":4},"geometry":{"type":"LineString","coordinates":[[-70.3294,-27.38886],[-70.32953,-27.38893]]}},{"type":"Feature","properties":{"nombre":"La Minería","jerarquia":4},"geometry":{"type":"LineString","coordinates":[[-70.32953,-27.38893],[-70.3303,-27.38879]]}},{"type":"Feature","properties":{"nombre":"La Minería","jerarquia":4},"geometry":{"type":"LineString","coordinates":[[-70.3303,-27.38879],[-70.33179,-27.38839],[-70.33245,-27.38813]]}},{"type":"Feature","properties":{"nombre":"Ruta 30","jerarquia":2},"geometry":{"type":"LineString","coordinates":[[-70.35692,-27.42315],[-70.35598,-27.4198]]}},{"type":"Feature","properties":{"nombre":"Ruta 30","jerarquia":2},"geometry":{"type":"LineString","coordinates":[[-70.35937,-27.43181],[-70.35875,-27.42963]]}},{"type":"Feature","properties":{"nombre":"Ruta 30","jerarquia":2},"geometry":{"type":"LineString","coordinates":[[-70.35875,-27.42963],[-70.35783,-27.42633]]}},{"type":"Feature","properties":{"nombre":"Ruta 30","jerarquia":2},"geometry":{"type":"LineString","coordinates":[[-70.35783,-27.42633],[-70.35742,-27.42491]]}},{"type":"Feature","properties":{"nombre":"Ruta 30","jerarquia":2},"geometry":{"type":"LineString","coordinates":[[-70.35987,-27.4336],[-70.35962,-27.43269]]}},{"type":"Feature","properties":{"nombre":"Ruta 30","jerarquia":2},"geometry":{"type":"LineString","coordinates":[[-70.35962,-27.43269],[-70.35937,-27.43181]]}},{"type":"Feature","properties":{"nombre":"Ruta 30","jerarquia":2},"geometry":{"type":"LineString","coordinates":[[-70.35419,-27.41353],[-70.35434,-27.41396]]}},{"type":"Feature","properties":{"nombre":"Ruta 30","jerarquia":2},"geometry":{"type":"LineString","coordinates":[[-70.35409,-27.41356],[-70.35381,-27.41293]]}},{"type":"Feature","properties":{"nombre":"Ruta 30","jerarquia":2},"geometry":{"type":"LineString","coordinates":[[-70.35387,-27.41289],[-70.35419,-27.41353]]}},{"type":"Feature","properties":{"nombre":"Ruta 30","jerarquia":2},"geometry":{"type":"LineString","coordinates":[[-70.35348,-27.41231],[-70.35387,-27.41289]]}},{"type":"Feature","properties":{"nombre":"Ruta 30","jerarquia":2},"geometry":{"type":"LineString","coordinates":[[-70.35381,-27.41293],[-70.35348,-27.41231]]}},{"type":"Feature","properties":{"nombre":"Ruta 30","jerarquia":2},"geometry":{"type":"LineString","coordinates":[[-70.35447,-27.41466],[-70.35409,-27.41356]]}},{"type":"Feature","properties":{"nombre":"Ruta 30","jerarquia":2},"geometry":{"type":"LineString","coordinates":[[-70.35483,-27.41577],[-70.35447,-27.41466]]}},{"type":"Feature","properties":{"nombre":"Ruta 30","jerarquia":2},"geometry":{"type":"LineString","coordinates":[[-70.35434,-27.41396],[-70.35483,-27.41577]]}},{"type":"Feature","properties":{"nombre":"Ruta 30","jerarquia":2},"geometry":{"type":"LineString","coordinates":[[-70.35598,-27.4198],[-70.3556,-27.41846]]}},{"type":"Feature","properties":{"nombre":"Ruta 30","jerarquia":2},"geometry":{"type":"LineString","coordinates":[[-70.3556,-27.41846],[-70.35483,-27.41577]]}},{"type":"Feature","properties":{"nombre":"Ruta 30","jerarquia":2},"geometry":{"type":"LineString","coordinates":[[-70.35714,-27.42392],[-70.35692,-27.42315]]}},{"type":"Feature","properties":{"nombre":"Ruta 30","jerarquia":2},"geometry":{"type":"LineString","coordinates":[[-70.35721,-27.42417],[-70.35714,-27.42392]]}},{"type":"Feature","properties":{"nombre":"Ruta 30","jerarquia":2},"geometry":{"type":"LineString","coordinates":[[-70.35742,-27.42491],[-70.35726,-27.42434]]}},{"type":"Feature","properties":{"nombre":"Ruta 30","jerarquia":2},"geometry":{"type":"LineString","coordinates":[[-70.35726,-27.42434],[-70.35721,-27.42417]]}},{"type":"Feature","properties":{"nombre":"Choshuenco","jerarquia":5},"geometry":{"type":"LineString","coordinates":[[-70.30786,-27.37788],[-70.3076,-27.37801],[-70.30713,-27.3779]]}},{"type":"Feature","properties":{"nombre":"Choshuenco","jerarquia":5},"geometry":{"type":"LineString","coordinates":[[-70.30713,-27.3779],[-70.30681,-27.37773]]}},{"type":"Feature","properties":{"nombre":"Choshuenco","jerarquia":5},"geometry":{"type":"LineString","coordinates":[[-70.30681,-27.37773],[-70.30649,-27.37764]]}},{"type":"Feature","properties":{"nombre":"Choshuenco","jerarquia":5},"geometry":{"type":"LineString","coordinates":[[-70.30649,-27.37764],[-70.30633,-27.37754]]}},{"type":"Feature","properties":{"nombre":"Choshuenco","jerarquia":5},"geometry":{"type":"LineString","coordinates":[[-70.30545,-27.37685],[-70.30571,-27.37716]]}},{"type":"Feature","properties":{"nombre":"Choshuenco","jerarquia":5},"geometry":{"type":"LineString","coordinates":[[-70.30571,-27.37716],[-70.30608,-27.37741]]}},{"type":"Feature","properties":{"nombre":"Choshuenco","jerarquia":5},"geometry":{"type":"LineString","coordinates":[[-70.30608,-27.37741],[-70.30633,-27.37754]]}},{"type":"Feature","properties":{"nombre":"Eleuterio Ramírez","jerarquia":5},"geometry":{"type":"LineString","coordinates":[[-70.30886,-27.36996],[-70.30859,-27.36991]]}},{"type":"Feature","properties":{"nombre":"Cancha Rayada","jerarquia":5},"geometry":{"type":"LineString","coordinates":[[-70.349,-27.34823],[-70.34895,-27.34817]]}},{"type":"Feature","properties":{"nombre":"Cancha Rayada","jerarquia":5},"geometry":{"type":"LineString","coordinates":[[-70.349,-27.34811],[-70.34905,-27.34817]]}},{"type":"Feature","properties":{"nombre":"Cancha Rayada","jerarquia":5},"geometry":{"type":"LineString","coordinates":[[-70.34645,-27.34531],[-70.34735,-27.3463]]}},{"type":"Feature","properties":{"nombre":"Cancha Rayada","jerarquia":5},"geometry":{"type":"LineString","coordinates":[[-70.34735,-27.3463],[-70.34764,-27.34662]]}},{"type":"Feature","properties":{"nombre":"Cancha Rayada","jerarquia":5},"geometry":{"type":"LineString","coordinates":[[-70.34764,-27.34662],[-70.34832,-27.34737]]}},{"type":"Feature","properties":{"nombre":"Cancha Rayada","jerarquia":5},"geometry":{"type":"LineString","coordinates":[[-70.34832,-27.34737],[-70.349,-27.34811]]}},{"type":"Feature","properties":{"nombre":"Cancha Rayada","jerarquia":5},"geometry":{"type":"LineString","coordinates":[[-70.34895,-27.34817],[-70.34858,-27.34777]]}},{"type":"Feature","properties":{"nombre":"Cancha Rayada","jerarquia":5},"geometry":{"type":"LineString","coordinates":[[-70.34858,-27.34777],[-70.34826,-27.34742]]}},{"type":"Feature","properties":{"nombre":"Cancha Rayada","jerarquia":5},"geometry":{"type":"LineString","coordinates":[[-70.34826,-27.34742],[-70.34777,-27.34688]]}},{"type":"Feature","properties":{"nombre":"Cancha Rayada","jerarquia":5},"geometry":{"type":"LineString","coordinates":[[-70.34777,-27.34688],[-70.34744,-27.34652]]}},{"type":"Feature","properties":{"nombre":"Cancha Rayada","jerarquia":5},"geometry":{"type":"LineString","coordinates":[[-70.34744,-27.34652],[-70.3473,-27.34636]]}},{"type":"Feature","properties":{"nombre":"Cancha Rayada","jerarquia":5},"geometry":{"type":"LineString","coordinates":[[-70.3473,-27.34636],[-70.34713,-27.34618]]}},{"type":"Feature","properties":{"nombre":"Cancha Rayada","jerarquia":5},"geometry":{"type":"LineString","coordinates":[[-70.34713,-27.34618],[-70.3467,-27.34571]]}},{"type":"Feature","properties":{"nombre":"Cancha Rayada","jerarquia":5},"geometry":{"type":"LineString","coordinates":[[-70.3467,-27.34571],[-70.34639,-27.34537]]}},{"type":"Feature","properties":{"nombre":"Carlos Condell","jerarquia":5},"geometry":{"type":"LineString","coordinates":[[-70.31024,-27.3616],[-70.31048,-27.36179]]}},{"type":"Feature","properties":{"nombre":"Carlos Condell","jerarquia":5},"geometry":{"type":"LineString","coordinates":[[-70.31048,-27.36179],[-70.3108,-27.36206]]}},{"type":"Feature","properties":{"nombre":"Carlos Condell","jerarquia":5},"geometry":{"type":"LineString","coordinates":[[-70.3108,-27.36206],[-70.31115,-27.36234]]}},{"type":"Feature","properties":{"nombre":"Carlos Condell","jerarquia":5},"geometry":{"type":"LineString","coordinates":[[-70.31181,-27.36295],[-70.31146,-27.36267]]}},{"type":"Feature","properties":{"nombre":"Carlos Condell","jerarquia":5},"geometry":{"type":"LineString","coordinates":[[-70.31146,-27.36267],[-70.3111,-27.36239]]}},{"type":"Feature","properties":{"nombre":"Carlos Condell","jerarquia":5},"geometry":{"type":"LineString","coordinates":[[-70.3111,-27.36239],[-70.31075,-27.3621]]}},{"type":"Feature","properties":{"nombre":"Carlos Condell","jerarquia":5},"geometry":{"type":"LineString","coordinates":[[-70.31075,-27.3621],[-70.31044,-27.36184]]}},{"type":"Feature","properties":{"nombre":"Carlos Condell","jerarquia":5},"geometry":{"type":"LineString","coordinates":[[-70.31044,-27.36184],[-70.31013,-27.3616]]}},{"type":"Feature","properties":{"nombre":"Carlos Condell","jerarquia":5},"geometry":{"type":"LineString","coordinates":[[-70.31282,-27.36352],[-70.31274,-27.36347]]}},{"type":"Feature","properties":{"nombre":"Carlos Condell","jerarquia":5},"geometry":{"type":"LineString","coordinates":[[-70.31274,-27.36347],[-70.31229,-27.36321]]}},{"type":"Feature","properties":{"nombre":"Carlos Condell","jerarquia":5},"geometry":{"type":"LineString","coordinates":[[-70.31229,-27.36321],[-70.31181,-27.36295]]}},{"type":"Feature","properties":{"nombre":"Carlos Condell","jerarquia":5},"geometry":{"type":"LineString","coordinates":[[-70.30901,-27.36127],[-70.30947,-27.36136]]}},{"type":"Feature","properties":{"nombre":"Carlos Condell","jerarquia":5},"geometry":{"type":"LineString","coordinates":[[-70.30947,-27.36136],[-70.30987,-27.36144]]}},{"type":"Feature","properties":{"nombre":"Carlos Condell","jerarquia":5},"geometry":{"type":"LineString","coordinates":[[-70.30945,-27.36143],[-70.30899,-27.36136]]}},{"type":"Feature","properties":{"nombre":"Carlos Condell","jerarquia":5},"geometry":{"type":"LineString","coordinates":[[-70.31013,-27.3616],[-70.30945,-27.36143]]}},{"type":"Feature","properties":{"nombre":"Carlos Condell","jerarquia":5},"geometry":{"type":"LineString","coordinates":[[-70.30987,-27.36144],[-70.31017,-27.36155]]}},{"type":"Feature","properties":{"nombre":"Carlos Condell","jerarquia":5},"geometry":{"type":"LineString","coordinates":[[-70.31017,-27.36155],[-70.31024,-27.3616]]}},{"type":"Feature","properties":{"nombre":"Andacollo","jerarquia":5},"geometry":{"type":"LineString","coordinates":[[-70.31417,-27.35882],[-70.31426,-27.35903]]}},{"type":"Feature","properties":{"nombre":"Andacollo","jerarquia":5},"geometry":{"type":"LineString","coordinates":[[-70.31426,-27.35903],[-70.31411,-27.35886]]}},{"type":"Feature","properties":{"nombre":"Avenida El Chañar","jerarquia":5},"geometry":{"type":"LineString","coordinates":[[-70.30989,-27.35856],[-70.31027,-27.35834]]}},{"type":"Feature","properties":{"nombre":"Avenida El Chañar","jerarquia":5},"geometry":{"type":"LineString","coordinates":[[-70.31027,-27.35834],[-70.31074,-27.35806]]}},{"type":"Feature","properties":{"nombre":"Avenida El Chañar","jerarquia":5},"geometry":{"type":"LineString","coordinates":[[-70.31074,-27.35806],[-70.3116,-27.35754]]}},{"type":"Feature","properties":{"nombre":"Avenida El Chañar","jerarquia":5},"geometry":{"type":"LineString","coordinates":[[-70.3116,-27.35754],[-70.31264,-27.35692]]}},{"type":"Feature","properties":{"nombre":"Ramón Freire","jerarquia":5},"geometry":{"type":"LineString","coordinates":[[-70.33807,-27.36805],[-70.33906,-27.36705]]}},{"type":"Feature","properties":{"nombre":"Colo-Colo","jerarquia":5},"geometry":{"type":"LineString","coordinates":[[-70.3187,-27.3664],[-70.31909,-27.36667]]}},{"type":"Feature","properties":{"nombre":"Colo-Colo","jerarquia":5},"geometry":{"type":"LineString","coordinates":[[-70.31909,-27.36667],[-70.3195,-27.36695]]}},{"type":"Feature","properties":{"nombre":"Colo-Colo","jerarquia":5},"geometry":{"type":"LineString","coordinates":[[-70.3195,-27.36695],[-70.31991,-27.36724]]}},{"type":"Feature","properties":{"nombre":"Colo-Colo","jerarquia":5},"geometry":{"type":"LineString","coordinates":[[-70.31991,-27.36724],[-70.32034,-27.36754]]}},{"type":"Feature","properties":{"nombre":"Colo-Colo","jerarquia":5},"geometry":{"type":"LineString","coordinates":[[-70.32034,-27.36754],[-70.32056,-27.36769]]}},{"type":"Feature","properties":{"nombre":"Colo-Colo","jerarquia":5},"geometry":{"type":"LineString","coordinates":[[-70.3183,-27.3661],[-70.3187,-27.3664]]}},{"type":"Feature","properties":{"nombre":"","jerarquia":5},"geometry":{"type":"LineString","coordinates":[[-70.3344,-27.3756],[-70.3346,-27.37558]]}},{"type":"Feature","properties":{"nombre":"Avenida Copayapu","jerarquia":2},"geometry":{"type":"LineString","coordinates":[[-70.35117,-27.3593],[-70.35158,-27.35891],[-70.35191,-27.35845]]}},{"type":"Feature","properties":{"nombre":"Luis Flores","jerarquia":4},"geometry":{"type":"LineString","coordinates":[[-70.32111,-27.38109],[-70.3208,-27.38074]]}},{"type":"Feature","properties":{"nombre":"Luis Flores","jerarquia":4},"geometry":{"type":"LineString","coordinates":[[-70.3208,-27.38074],[-70.32053,-27.38041]]}},{"type":"Feature","properties":{"nombre":"Luis Flores","jerarquia":4},"geometry":{"type":"LineString","coordinates":[[-70.32222,-27.38248],[-70.3219,-27.38205]]}},{"type":"Feature","properties":{"nombre":"Luis Flores","jerarquia":4},"geometry":{"type":"LineString","coordinates":[[-70.3219,-27.38205],[-70.32185,-27.38199]]}},{"type":"Feature","properties":{"nombre":"Luis Flores","jerarquia":4},"geometry":{"type":"LineString","coordinates":[[-70.32185,-27.38199],[-70.32166,-27.38175]]}},{"type":"Feature","properties":{"nombre":"Luis Flores","jerarquia":4},"geometry":{"type":"LineString","coordinates":[[-70.32166,-27.38175],[-70.32155,-27.38163]]}},{"type":"Feature","properties":{"nombre":"Luis Flores","jerarquia":4},"geometry":{"type":"LineString","coordinates":[[-70.32155,-27.38163],[-70.32137,-27.38141]]}},{"type":"Feature","properties":{"nombre":"Luis Flores","jerarquia":4},"geometry":{"type":"LineString","coordinates":[[-70.32137,-27.38141],[-70.32124,-27.38125]]}},{"type":"Feature","properties":{"nombre":"Luis Flores","jerarquia":4},"geometry":{"type":"LineString","coordinates":[[-70.32124,-27.38125],[-70.32111,-27.38109]]}}]}